osm_id,name,place,population,lat,lon,voivodeship
9399804,Tryszczyn,village,1076,53.22435,17.93120,kujawsko-pomorskie
19930483,Siemowo,village,450,51.90790,16.88694,wielkopolskie
24617077,Skarszewy,town,6851,54.07175,18.44600,pomorskie
24922885,Nowa Karczma,village,792,54.13322,18.20305,pomorskie
24974788,Lubań,village,1000,54.11865,18.15901,pomorskie
24974790,Mały Klincz,village,308,54.12514,18.05611,pomorskie
24974791,Nowy Klincz,village,586,54.12307,18.03460,pomorskie
24974807,Kościerzyna,town,23723,54.12102,17.97817,pomorskie
24974808,Kościerska Huta,village,308,54.13957,18.01848,pomorskie
24974809,Kaliska Kościerskie,village,322,54.16473,18.04120,pomorskie
24974810,Kłobuczyno,village,490,54.18549,18.10033,pomorskie
24981915,Egiertowo,village,600,54.23945,18.20307,pomorskie
24981918,Kartuzy,town,14204,54.33423,18.19736,pomorskie
24997037,Hopowo,village,346,54.25542,18.23529,pomorskie
24997038,Borcz,village,510,54.27254,18.29267,pomorskie
24997042,Małkowo,village,802,54.37108,18.33289,pomorskie
24997047,Rębiechowo,village,463,54.38572,18.42571,pomorskie
26378871,Starogard Gdański,town,46373,53.96718,18.53211,pomorskie
26432122,Gdańsk,city,487834,54.34829,18.65402,pomorskie
26432430,Gdynia,city,245222,54.51650,18.54027,pomorskie
26432853,Chojnice,town,39275,53.69529,17.56150,pomorskie
26433204,Krosno Odrzańskie,town,10905,52.05364,15.09803,lubuskie
26433240,Słubice,town,16495,52.35575,14.56624,lubuskie
26553042,Szczecin,city,387700,53.43018,14.55096,zachodniopomorskie
26553051,Zielona Góra,city,140002,51.93838,15.50504,lubuskie
27161819,Poznań,city,546859,52.40827,16.93352,wielkopolskie
27272586,Wolin,town,4617,53.84379,14.61570,zachodniopomorskie
27272766,Kamień Pomorski,town,8213,53.96539,14.77286,zachodniopomorskie
28396171,Piaseczno,town,51945,52.07474,21.02709,mazowieckie
28900665,Gliwice,city,166942,50.29411,18.66573,śląskie
29072095,Tarnowskie Góry,town,61288,50.44452,18.85548,śląskie
29573582,Chorzów,city,98418,50.29788,18.95445,śląskie
29744661,Goleszów,village,4045,49.73369,18.74024,śląskie
29793177,Truskaw,village,1400,52.30441,20.77535,mazowieckie
30014556,Lublin,city,334681,51.25056,22.57010,lubelskie
30092865,Zgierz,town,55079,51.85608,19.40522,łódzkie
30093005,Piątek,town,1637,52.06899,19.47997,łódzkie
30094969,Łódź,city,670642,51.76873,19.45699,łódzkie
30116761,Tczew,town,57990,54.08658,18.79362,pomorskie
30301803,Człuchów,town,13343,53.66515,17.35883,pomorskie
30301919,Tuchola,town,13408,53.58809,17.85904,kujawsko-pomorskie
30347365,Kołbaskowo,village,410,53.33591,14.43760,zachodniopomorskie
30979740,Orle,village,840,54.05261,18.21306,pomorskie
30979791,Wierzchucino,village,1536,54.78767,18.00063,pomorskie
30980103,Władysławowo,town,9613,54.79370,18.40558,pomorskie
30980104,Liniewo,village,1052,54.07908,18.23073,pomorskie
30981159,Jastarnia,town,2665,54.70276,18.67129,pomorskie
30981796,Chałupy,village,376,54.75871,18.50993,pomorskie
30981926,Łeba,town,3228,54.75852,17.55542,pomorskie
30982420,Wielki Klincz,village,1960,54.09947,18.06155,pomorskie
31134139,Rychnowy,village,611,53.68339,17.42895,pomorskie
31134146,Polnica,village,881,53.75290,17.40076,pomorskie
31134165,Nieżywięć,village,391,53.69804,17.49641,pomorskie
31134174,Kołdowo,village,446,53.68302,17.33418,pomorskie
31134184,Ględowo,village,667,53.65765,17.40310,pomorskie
31134217,Chojniczki,village,527,53.73186,17.54546,pomorskie
31134232,Charzykowy,village,940,53.73576,17.51131,pomorskie
31158635,Hrubieszów,town,16832,50.80474,23.88738,lubelskie
31158871,Laski,village,2100,52.29328,20.84782,mazowieckie
31158872,Mościska,village,500,52.28805,20.87072,mazowieckie
31174958,Skarżysko-Kamienna,town,40650,51.11388,20.85788,świętokrzyskie
31215717,Czosnów,village,587,52.39059,20.73390,mazowieckie
31337673,Bydgoszcz,city,330038,53.12196,18.00025,kujawsko-pomorskie
31345220,Żydowo,village,1000,54.04266,16.71803,zachodniopomorskie
31345223,Żoruchowo,village,574,54.57115,17.18914,pomorskie
31345224,Żółtnica,village,590,53.67295,16.80598,zachodniopomorskie
31345229,Zielin,village,484,54.24655,17.09922,pomorskie
31345231,Zieleniewo,village,1100,54.14580,15.55996,zachodniopomorskie
31345247,Żelazo,village,312,54.64836,17.25463,pomorskie
31345248,Zegrze Pomorskie,village,430,54.04953,16.22130,zachodniopomorskie
31345276,Zaleskie,village,400,54.52184,16.76587,pomorskie
31345294,Wytowno,village,360,54.58808,16.97538,pomorskie
31345296,Wyszewo,village,559,54.11189,16.35979,zachodniopomorskie
31345305,Wysoka Kamieńska,village,616,53.82291,14.84135,zachodniopomorskie
31345306,Wyczechy,village,842,53.68911,17.04057,pomorskie
31345311,Wrześnica,village,760,54.40052,16.77801,zachodniopomorskie
31345312,Wrzeście,village,483,54.54551,17.10922,pomorskie
31345316,Wrząca,village,498,54.35567,16.89358,pomorskie
31345347,Wodnica,village,346,54.55840,16.86631,pomorskie
31345348,Włynkowo,village,400,54.51620,17.00997,pomorskie
31345352,Włościbórz,village,310,54.08815,15.74471,zachodniopomorskie
31345388,Wierciszewo,village,356,54.28714,16.30856,zachodniopomorskie
31345403,Budzistowo,village,420,54.15931,15.58004,zachodniopomorskie
31345404,Widzino,village,535,54.42645,16.96573,pomorskie
31345410,Wicimice,village,369,53.87853,15.39502,zachodniopomorskie
31345447,Warszkowo,village,1107,54.36513,16.71193,zachodniopomorskie
31345450,Warcino,village,450,54.22254,16.85741,pomorskie
31345454,Ustronie Morskie,village,1800,54.21314,15.75455,zachodniopomorskie
31345455,Ustka,town,14321,54.58113,16.86130,pomorskie
31345463,Tymień,village,1000,54.20470,15.85166,zachodniopomorskie
31345466,Tychowo,town,2354,53.92866,16.25668,zachodniopomorskie
31345467,Tychówko,village,310,53.89210,16.06843,zachodniopomorskie
31345472,Trzygłów,village,670,53.86073,15.16688,zachodniopomorskie
31345487,Trzebusz,village,693,54.09169,15.26392,zachodniopomorskie
31345489,Trzebielino,village,744,54.20002,17.08726,pomorskie
31345491,Trzebiatów,town,9274,54.06263,15.26566,zachodniopomorskie
31345501,Trzcinno,village,327,54.09170,17.06713,pomorskie
31345520,Szczecinek,town,38446,53.70802,16.69439,zachodniopomorskie
31345521,Sycewice,village,1089,54.42281,16.86286,pomorskie
31345525,Świeszyno,village,497,54.12195,16.17108,zachodniopomorskie
31345544,Świerzno,village,670,53.96536,14.96746,zachodniopomorskie
31345546,Świerzenko,village,499,54.08543,16.85406,pomorskie
31345549,Świelino,village,320,54.00290,16.37476,zachodniopomorskie
31345558,Suchorze,village,664,54.27548,17.09916,pomorskie
31345568,Strzekęcino,village,632,54.10109,16.15804,zachodniopomorskie
31345613,Stepień,village,340,53.82155,16.76664,zachodniopomorskie
31345618,Stary Jarosław,village,481,54.39975,16.55275,zachodniopomorskie
31345635,Starkowo,village,334,54.24754,17.12370,pomorskie
31345644,Stare Bielice,village,1344,54.17903,16.11372,zachodniopomorskie
31345646,Stanomino,village,701,53.95737,15.90135,zachodniopomorskie
31345676,Staniewice,village,446,54.43517,16.73824,zachodniopomorskie
31345678,Spore,village,319,53.80146,16.68840,zachodniopomorskie
31345688,Smołdzino,village,984,54.66277,17.21602,pomorskie
31345707,Smardzewo,village,378,54.31310,16.61734,zachodniopomorskie
31345720,Słupsk,city,85135,54.46493,17.02807,pomorskie
31345733,Słudwia,village,395,53.81205,15.28506,zachodniopomorskie
31345746,Słowino,village,410,54.35876,16.51516,zachodniopomorskie
31345760,Słowieńsko,village,320,53.86581,15.64018,zachodniopomorskie
31345773,Słosinko,village,674,53.94240,16.98456,pomorskie
31345798,Sławsko,village,860,54.39388,16.70598,zachodniopomorskie
31345799,Sławoborze,village,2009,53.89043,15.70836,zachodniopomorskie
31345800,Sławno,town,12028,54.36298,16.67891,zachodniopomorskie
31345803,Skwierzynka,village,925,54.22864,16.20217,zachodniopomorskie
31345836,Sierakowo Sławieńskie,village,510,54.22503,16.52342,zachodniopomorskie
31345847,Siemyśl,village,510,54.02844,15.53424,zachodniopomorskie
31345854,Siemianice,village,1141,54.49777,17.06053,pomorskie
31345862,Sarbinowo,village,500,54.24743,15.95621,zachodniopomorskie
31345881,Rzeczyca Wielka,village,300,54.11732,16.74188,zachodniopomorskie
31345892,Rzeczenica,village,1566,53.75700,17.10752,pomorskie
31345897,Rzecino,village,350,53.84447,16.00107,zachodniopomorskie
31345914,Rzyszczewo,village,420,54.34346,16.60245,zachodniopomorskie
31345919,Rosnowo,village,2300,54.06840,16.29561,zachodniopomorskie
31345921,Rościęcino,village,314,54.12628,15.59225,zachodniopomorskie
31345925,Rogowo,village,335,53.96968,16.01594,zachodniopomorskie
31345930,Robuń,village,400,54.00984,15.72333,zachodniopomorskie
31345942,Redzikowo,village,405,54.47143,17.11764,pomorskie
31345944,Redło,village,1100,53.77438,15.96927,zachodniopomorskie
31345946,Reblino,village,324,54.43386,16.90384,pomorskie
31345979,Rąbino,village,1100,53.86886,15.95066,zachodniopomorskie
31345992,Pustary,village,310,54.09635,15.65143,zachodniopomorskie
31345995,Przytocko,village,402,54.12024,16.83397,pomorskie
31345997,Przybrda,village,400,53.82902,16.83994,zachodniopomorskie
31346011,Przybiernowo,village,326,53.94155,15.29897,zachodniopomorskie
31346012,Przybiernówko,village,449,53.95200,15.13226,zachodniopomorskie
31346017,Przechlewo,village,2826,53.79958,17.25504,pomorskie
31346025,Postomino,village,625,54.49236,16.71372,zachodniopomorskie
31346027,Porost,village,360,53.92879,16.65922,zachodniopomorskie
31346034,Pomianowo,village,391,54.03621,16.05719,zachodniopomorskie
31346037,Polanów,town,2908,54.11921,16.68725,zachodniopomorskie
31346245,Pobierowo,village,2054,54.05708,14.93325,zachodniopomorskie
31346282,Pieńkowo,village,700,54.48339,16.68725,zachodniopomorskie
31346283,Pieniężnica,village,392,53.85773,16.96079,pomorskie
31346284,Piaszczyna,village,459,54.02226,17.17078,pomorskie
31346295,Pęplino,village,371,54.52746,16.86834,pomorskie
31346298,Pękanino,village,340,54.27061,16.42538,zachodniopomorskie
31346311,Ostrowiec,village,860,54.27641,16.67064,zachodniopomorskie
31346319,Osieki,village,444,54.28444,16.21632,zachodniopomorskie
31346331,Objazda,village,905,54.60611,17.04336,pomorskie
31346336,Nowielice,village,385,54.07660,15.25805,zachodniopomorskie
31346338,Nowe Bielice,village,390,54.15797,16.10155,zachodniopomorskie
31346340,Noskowo,village,500,54.38953,16.81475,zachodniopomorskie
31346341,Nosibądy,village,300,53.89198,16.36089,zachodniopomorskie
31346347,Niemica,village,360,54.27543,16.47722,zachodniopomorskie
31346357,Nielep,village,360,53.83837,15.84555,zachodniopomorskie
31346358,Niekłonice,village,361,54.15927,16.14619,zachodniopomorskie
31346361,Niedalino,village,500,54.06708,16.16477,zachodniopomorskie
31346362,Niechorze,village,904,54.09537,15.08200,zachodniopomorskie
31346366,Nasutowo,village,348,53.97951,15.86291,zachodniopomorskie
31346391,Naćmierz,village,363,54.50860,16.56448,zachodniopomorskie
31346392,Nacław,village,560,54.14217,16.52620,zachodniopomorskie
31346419,Mścice,village,1400,54.21859,16.09700,zachodniopomorskie
31346420,Mrzeżyno,village,1727,54.14350,15.29055,zachodniopomorskie
31346447,Mirosławice,village,310,54.04356,15.28195,zachodniopomorskie
31346460,Miłocice,village,412,53.95626,16.93435,pomorskie
31346475,Mielno,town,2799,54.25608,16.05206,zachodniopomorskie
31346478,Międzybórz,village,391,53.77679,17.00057,pomorskie
31346480,Miastko,town,9770,54.00015,16.97747,pomorskie
31346481,Mianowice,village,310,54.46148,17.20818,pomorskie
31346483,Mechowo,village,388,53.81972,15.16921,zachodniopomorskie
31346490,Manowo,village,760,54.12597,16.29920,zachodniopomorskie
31346506,Malechowo,village,589,54.30709,16.51361,zachodniopomorskie
31346508,Machowino,village,500,54.55016,17.00045,pomorskie
31346514,Lubuczewo,village,466,54.53616,17.07314,pomorskie
31346517,Lubogoszcz,village,360,53.81682,16.46624,zachodniopomorskie
31346523,Łoźnica,village,1542,53.69522,14.87735,zachodniopomorskie
31346561,Łeknica,village,470,53.75524,16.30454,zachodniopomorskie
31346813,Kwasowo,village,519,54.32486,16.68995,zachodniopomorskie
31346814,Kwakowo,village,576,54.36867,17.02312,pomorskie
31346816,Kusice,village,340,54.25083,16.47610,zachodniopomorskie
31346821,Kurowo,village,380,54.03724,16.57864,zachodniopomorskie
31346834,Krupy,village,361,54.42417,16.51481,zachodniopomorskie
31346837,Krosino,village,508,53.81154,15.76249,zachodniopomorskie
31346850,Królewo,village,706,54.51451,16.65514,zachodniopomorskie
31346857,Kramarzyny,village,586,54.05861,17.24115,pomorskie
31346920,Koszalin,city,105143,54.19092,16.17707,zachodniopomorskie
31346929,Kościernica,village,346,54.04750,16.01715,zachodniopomorskie
31346930,Korzybie,village,919,54.29894,16.87512,pomorskie
31346935,Konikowo,village,626,54.15181,16.17972,zachodniopomorskie
31346945,Kołczygłowy,village,1188,54.23893,17.22771,pomorskie
31346946,Kołczygłówki,village,309,54.23121,17.19908,pomorskie
31346947,Koczała,village,2111,53.90214,17.06636,pomorskie
31346949,Kobylnica,town,2248,54.43973,16.99681,pomorskie
31346961,Klępczewo,village,850,53.78642,15.70651,zachodniopomorskie
31346973,Kłanino,village,470,54.03035,16.46330,zachodniopomorskie
31346981,Kępice,town,3418,54.24278,16.88967,pomorskie
31347011,Karzniczka,village,394,54.48724,17.23356,pomorskie
31347014,Karwice,village,410,54.33057,16.56258,zachodniopomorskie
31347019,Karścino,village,372,54.05437,15.79364,zachodniopomorskie
31347020,Karnieszewice,village,300,54.25873,16.34972,zachodniopomorskie
31347021,Karnice,village,668,54.03053,15.05453,zachodniopomorskie
31347028,Kamnica,village,373,54.01651,16.89320,pomorskie
31347059,Jeżyczki,village,330,54.33915,16.39624,zachodniopomorskie
31347078,Jezierzyce,village,349,54.49566,17.11414,pomorskie
31347119,Jarosławiec,village,329,54.53820,16.54123,zachodniopomorskie
31347140,Janiewice,village,529,54.27194,16.76694,zachodniopomorskie
31347165,Gwieździn,village,375,53.73804,17.19180,pomorskie
31347166,Gwiazdowo,village,340,54.30735,16.74988,zachodniopomorskie
31347167,Gwda Wielka,village,570,53.73598,16.79960,zachodniopomorskie
31347216,Grzmiąca,village,1375,53.83452,16.43236,zachodniopomorskie
31347264,Grąsino,village,522,54.49994,17.14997,pomorskie
31347294,Gostyń,village,660,54.02821,14.94638,zachodniopomorskie
31347296,Gosław,village,308,54.05389,15.40348,zachodniopomorskie
31347308,Gorawino,village,720,53.99737,15.49268,zachodniopomorskie
31347321,Gołańcz Pomorska,village,446,54.06379,15.38318,zachodniopomorskie
31347326,Głobino,village,448,54.43945,17.10580,pomorskie
31347340,Gawroniec,village,490,53.67443,16.01764,zachodniopomorskie
31347346,Gardna Wielka,village,803,54.63778,17.16954,pomorskie
31347360,Gąbino,village,380,54.59544,17.09732,pomorskie
31347363,Dźwirzyno,village,580,54.15685,15.40260,zachodniopomorskie
31347371,Dygowo,village,1549,54.13184,15.72079,zachodniopomorskie
31347380,Dunowo,village,411,54.10972,16.10780,zachodniopomorskie
31347381,Duninowo,village,630,54.54003,16.82176,pomorskie
31347388,Drzewiany,village,340,53.99225,16.68808,zachodniopomorskie
31347391,Drozdowo,village,550,53.99418,15.54636,zachodniopomorskie
31347398,Dretyń,village,1123,54.10427,16.98311,pomorskie
31347409,Domasławice,village,450,54.39039,16.43551,zachodniopomorskie
31347413,Dobrzyca,village,800,54.18457,15.92347,zachodniopomorskie
31347419,Dobrowo,village,721,53.98926,16.12005,zachodniopomorskie
31347424,Dobiesław,village,379,54.31497,16.35606,zachodniopomorskie
31347428,Dębnica Kaszubska,village,3220,54.37619,17.16134,pomorskie
31347434,Darłowo,town,13081,54.42249,16.40933,zachodniopomorskie
31347435,Dargosław,village,333,54.00118,15.38365,zachodniopomorskie
31347457,Czernin,village,320,54.13769,15.67278,zachodniopomorskie
31347460,Czarnowęsy,village,325,53.93658,16.00340,zachodniopomorskie
31347464,Czarne,town,5749,53.68353,16.94221,pomorskie
31347470,Cisowo,village,320,54.44698,16.43380,zachodniopomorskie
31347525,Cetyń,village,373,54.22393,17.15241,pomorskie
31347527,Cerkwica,village,1083,54.00887,15.10833,zachodniopomorskie
31347534,Bukowo Morskie,village,425,54.35460,16.33525,zachodniopomorskie
31347535,Bukowo,village,320,54.17387,16.59029,zachodniopomorskie
31347552,Brzeźno Szlacheckie,village,505,54.01964,17.24506,pomorskie
31347559,Brzezie,village,482,53.83665,16.92600,pomorskie
31347565,Brojce,village,1287,53.95767,15.35593,zachodniopomorskie
31347573,Borzęcino,village,384,54.40567,17.25200,pomorskie
31347583,Boleszewo,village,466,54.37178,16.58077,zachodniopomorskie
31347591,Bobrowiczki,village,392,54.33683,16.65128,zachodniopomorskie
31347625,Biesowice,village,950,54.19596,16.87745,pomorskie
31347627,Biesiekierz,village,940,54.13380,16.03918,zachodniopomorskie
31347632,Bielsko,village,471,53.86772,17.11951,pomorskie
31347652,Biały Bór,town,2091,53.89874,16.83773,zachodniopomorskie
31347658,Białowąs,village,400,53.81897,16.27865,zachodniopomorskie
31347662,Białogórzyno,village,314,54.07590,16.09078,zachodniopomorskie
31347663,Białogard,town,23142,54.00644,15.98710,zachodniopomorskie
31347690,Będzino,village,580,54.20856,15.98863,zachodniopomorskie
31347713,Barcino,village,577,54.27681,16.96108,pomorskie
31515806,Zielenica,village,460,54.24439,20.51697,warmińsko-mazurskie
31515815,Zerbuń,village,770,53.93530,20.84774,warmińsko-mazurskie
31515832,Żelazna Góra,village,394,54.39009,20.04158,warmińsko-mazurskie
31515889,Żegoty,village,400,54.03342,20.67975,warmińsko-mazurskie
31516963,Zabrodzie,village,340,53.82005,20.96397,warmińsko-mazurskie
31517008,Żabi Róg,village,1220,53.86800,20.01389,warmińsko-mazurskie
31517332,Wygryny,village,400,53.68365,21.54957,warmińsko-mazurskie
31517359,Wydminy,village,2448,53.98192,22.03243,warmińsko-mazurskie
31517597,Woryty,village,820,53.75465,20.21141,warmińsko-mazurskie
31517688,Worliny,village,310,53.78045,20.13105,warmińsko-mazurskie
31518217,Wójtowo,village,1000,53.79007,20.60133,warmińsko-mazurskie
31518278,Wojciechy,village,839,54.26166,20.66604,warmińsko-mazurskie
31518430,Wipsowo,village,764,53.89636,20.79481,warmińsko-mazurskie
31518682,Wilkasy,village,2000,54.01192,21.73543,warmińsko-mazurskie
31518711,Wiewiórki,village,380,54.27493,20.57295,warmińsko-mazurskie
31518735,Wieliczki,village,730,53.98459,22.56156,warmińsko-mazurskie
31518765,Wejsuny,village,380,53.68523,21.61809,warmińsko-mazurskie
31518767,Węgorzewo,town,10879,54.21382,21.74166,warmińsko-mazurskie
31518776,Warpuny,village,400,53.92216,21.17518,warmińsko-mazurskie
31518781,Warkały,village,350,53.80424,20.33400,warmińsko-mazurskie
31518785,Wandajny,village,386,54.13097,21.12393,warmińsko-mazurskie
31518791,Wadąg,village,333,53.81821,20.52274,warmińsko-mazurskie
31518798,Unikowo,village,620,54.04878,20.98787,warmińsko-mazurskie
31518809,Tuławki,village,1060,53.89631,20.57383,warmińsko-mazurskie
31518840,Tolko,village,627,54.24359,20.71023,warmińsko-mazurskie
31518844,Tłokowo,village,610,53.99398,20.73837,warmińsko-mazurskie
31518856,Tałty,village,320,53.84362,21.56090,warmińsko-mazurskie
31518878,Szypliszki,village,301,54.25367,23.07403,podlaskie
31518899,Szestno,village,830,53.92265,21.30562,warmińsko-mazurskie
31518947,Sząbruk,village,970,53.72607,20.33758,warmińsko-mazurskie
31518956,Świętajno,village,1600,53.99888,22.31843,warmińsko-mazurskie
31518961,Świątki,village,868,53.92601,20.24441,warmińsko-mazurskie
31518965,Suwałki,city,69229,54.09906,22.92794,podlaskie
31518971,Surwile,village,5060,54.18041,21.57318,warmińsko-mazurskie
31518993,Studzianka,village,400,53.95330,20.60507,warmińsko-mazurskie
31519004,Straduny,village,1054,53.89149,22.34454,warmińsko-mazurskie
31519049,Stawiguda,village,1689,53.65850,20.40117,warmińsko-mazurskie
31519064,Stare Juchy,village,1800,53.92094,22.17326,warmińsko-mazurskie
31519065,Stare Jabłonki,village,700,53.69379,20.10404,warmińsko-mazurskie
31519107,Srokowo,village,1400,54.21435,21.51994,warmińsko-mazurskie
31519154,Sorkwity,village,770,53.84466,21.14347,warmińsko-mazurskie
31519197,Sobolewo,village,700,54.06555,22.99280,podlaskie
31519208,Smolanka,village,400,54.27060,20.98403,warmińsko-mazurskie
31519209,Smolajny,village,720,54.02817,20.40653,warmińsko-mazurskie
31519392,Sępopol,town,1925,54.26787,21.01442,warmińsko-mazurskie
31519394,Sejny,town,5075,54.10572,23.34966,podlaskie
31519406,Sątopy-Samulewo,village,1200,54.07366,21.02519,warmińsko-mazurskie
31519527,Ryn,town,2765,53.93868,21.54406,warmińsko-mazurskie
31519628,Rybno,village,440,53.75900,21.13594,warmińsko-mazurskie
31520012,Rutka-Tartak,village,481,54.32270,22.97242,podlaskie
31520104,Ruska Wieś,village,350,53.79106,22.20087,warmińsko-mazurskie
31520200,Runowo,village,1010,54.15359,20.43772,warmińsko-mazurskie
31520444,Reszel,town,4167,54.04826,21.14216,warmińsko-mazurskie
31520931,Ramsowo,village,590,53.85334,20.81655,warmińsko-mazurskie
31520940,Rajgród,town,1467,53.73047,22.69762,podlaskie
31520955,Radzieje,village,567,54.12857,21.58683,warmińsko-mazurskie
31520968,Radostowo,village,1150,53.98398,20.61091,warmińsko-mazurskie
31521033,Purda,village,1140,53.70863,20.70340,warmińsko-mazurskie
31521038,Puńsk,village,1336,54.25082,23.17884,podlaskie
31521135,Prostki,village,2541,53.70059,22.43242,warmińsko-mazurskie
31521545,Pisanica,village,3000,53.82359,22.57861,warmińsko-mazurskie
31521665,Pieniężno,town,2490,54.23857,20.12582,warmińsko-mazurskie
31521714,Pelnik,village,720,53.79133,20.14109,warmińsko-mazurskie
31521881,Orzysz,town,5402,53.80983,21.94736,warmińsko-mazurskie
31521893,Orzechowo,village,710,53.97575,20.53830,warmińsko-mazurskie
31521961,Olszewo,village,440,53.86107,21.67702,warmińsko-mazurskie
31522033,Olecko,town,16076,54.03980,22.49342,warmińsko-mazurskie
31522312,Nowinka,village,300,53.93392,22.97876,podlaskie
31522375,Nowa Wieś Kętrzyńska,village,350,54.05888,21.38025,warmińsko-mazurskie
31522382,Nowa Wieś Ełcka,village,1500,53.77099,22.33112,warmińsko-mazurskie
31522455,Naterki,village,326,53.74008,20.37766,warmińsko-mazurskie
31522462,Nakomiady,village,670,54.00630,21.45524,warmińsko-mazurskie
31522463,Najdymowo,village,1250,53.87762,20.89644,warmińsko-mazurskie
31522478,Mrągowo,town,21325,53.86607,21.30458,warmińsko-mazurskie
31522487,Mostkowo,village,570,53.85065,20.12459,warmińsko-mazurskie
31522493,Monetki,village,360,53.95125,21.66273,warmińsko-mazurskie
31522495,Molza,village,360,53.78590,20.07586,warmińsko-mazurskie
31522496,Mołtajny,village,760,54.29809,21.35089,warmińsko-mazurskie
31522501,Mokiny,village,410,53.78541,20.70644,warmińsko-mazurskie
31522699,Miłki,village,580,53.94243,21.87309,warmińsko-mazurskie
31522716,Miłakowo,town,2488,54.01017,20.07112,warmińsko-mazurskie
31522735,Mikołajki,town,3506,53.79818,21.57725,warmińsko-mazurskie
31522749,Miętkie,village,386,53.67448,21.10397,warmińsko-mazurskie
31522774,Miejska Wieś,village,490,53.96072,20.79017,warmińsko-mazurskie
31522850,Marcinkowo,village,764,53.85994,21.27172,warmińsko-mazurskie
31522881,Łupstych,village,640,53.78280,20.36410,warmińsko-mazurskie
31522893,Lubomino,village,1150,54.06768,20.23744,warmińsko-mazurskie
31522931,Lidzbark Warmiński,town,14878,54.12594,20.58056,warmińsko-mazurskie
31522933,Łężany,village,410,53.96717,21.14044,warmińsko-mazurskie
31522938,Leśniewo,village,330,54.21369,21.55891,warmińsko-mazurskie
31522975,Lelkowo,village,1080,54.32402,20.22418,warmińsko-mazurskie
31523032,Łęgno,village,400,53.99467,20.31385,warmińsko-mazurskie
31523058,Łazdoje,village,372,53.99729,21.29275,warmińsko-mazurskie
31523060,Ławki,village,360,53.91220,21.58451,warmińsko-mazurskie
31523071,Łankiejmy,village,505,54.14945,21.07538,warmińsko-mazurskie
31523081,Labuszewo,village,349,53.79157,20.97625,warmińsko-mazurskie
31523086,Łabędnik,village,470,54.18205,20.96735,warmińsko-mazurskie
31523360,Kropiwne Stare,village,7080,54.09168,22.79135,podlaskie
31523365,Kronowo,village,820,53.88481,20.72425,warmińsko-mazurskie
31523384,Krokowo,village,650,53.94382,20.70713,warmińsko-mazurskie
31523418,Krasnopol,village,1300,54.11646,23.20497,podlaskie
31523424,Krasnołąka,village,320,54.31923,20.51573,warmińsko-mazurskie
31523468,Kowale Oleckie,village,5400,54.16284,22.41695,warmińsko-mazurskie
31523502,Kosewo,village,428,53.82858,21.38942,warmińsko-mazurskie
31523544,Korsze,town,3934,54.17067,21.14418,warmińsko-mazurskie
31523575,Koniewo,village,380,54.16702,20.59679,warmińsko-mazurskie
31523623,Kolno,village,590,53.99701,20.99468,warmińsko-mazurskie
31523758,Kobułty,village,520,53.79948,21.02910,warmińsko-mazurskie
31523801,Klewki,village,1500,53.73597,20.57602,warmińsko-mazurskie
31523824,Klebark Wielki,village,660,53.75171,20.60191,warmińsko-mazurskie
31523831,Kiwity,village,500,54.10072,20.77365,warmińsko-mazurskie
31523855,Kieźliny,village,1270,53.82068,20.51298,warmińsko-mazurskie
31523881,Kiersztanowo,village,310,53.92532,20.78352,warmińsko-mazurskie
31523898,Kętrzyn,town,26174,54.07642,21.37526,warmińsko-mazurskie
31523910,Kątno,village,320,53.70503,20.07631,warmińsko-mazurskie
31523983,Karolewo,village,592,54.07617,21.41955,warmińsko-mazurskie
31524004,Kaplityny,village,350,53.80298,20.62626,warmińsko-mazurskie
31524023,Kandyty,village,980,54.31701,20.36943,warmińsko-mazurskie
31524112,Kabikiejmy,village,400,53.91889,20.46595,warmińsko-mazurskie
31524149,Jonkowo,village,1500,53.82758,20.31049,warmińsko-mazurskie
31524180,Jeziorki,village,320,53.82879,22.84217,podlaskie
31524183,Jeziorany,town,3055,53.97686,20.74591,warmińsko-mazurskie
31524207,Jeleniewo,village,614,54.20634,22.91281,podlaskie
31524231,Jastrzębna Pierwsza,village,310,53.73333,23.23333,podlaskie
31524294,Janikowo,village,540,54.21886,20.45865,warmińsko-mazurskie
31524365,Idzbark,village,500,53.67697,20.04859,warmińsko-mazurskie
31524373,Harsz,village,580,54.14219,21.78688,warmińsko-mazurskie
31524620,Gronity,village,600,53.74723,20.40236,warmińsko-mazurskie
31524648,Gradki,village,400,53.92489,20.56074,warmińsko-mazurskie
31524682,Górowo Iławeckie,town,3797,54.28425,20.49164,warmińsko-mazurskie
31524723,Golubka,village,1200,53.86079,22.53431,warmińsko-mazurskie
31524739,Gołdap,town,13378,54.30771,22.30186,warmińsko-mazurskie
31524771,Głotowo,village,450,53.95853,20.36376,warmińsko-mazurskie
31524781,Głębock,village,570,54.37908,20.28126,warmińsko-mazurskie
31524789,Giżycko,town,28233,54.04009,21.77131,warmińsko-mazurskie
31524790,Gizewo,village,320,53.92971,21.22231,warmińsko-mazurskie
31524795,Giławy,village,540,53.72760,20.80126,warmińsko-mazurskie
31524796,Gietrzwałd,village,1070,53.74799,20.23443,warmińsko-mazurskie
31524802,Giby,village,632,54.04090,23.35187,podlaskie
31524819,Gawrych Ruda,village,310,54.01790,22.99439,podlaskie
31524831,Garbas Pierwszy,village,865,54.14984,22.61138,podlaskie
31524840,Galiny,village,910,54.16190,20.82808,warmińsko-mazurskie
31524976,Florczaki,village,830,53.84078,20.02581,warmińsko-mazurskie
31524986,Dźwierzuty,village,1380,53.70460,20.96092,warmińsko-mazurskie
31524995,Dywity,village,2300,53.83404,20.47337,warmińsko-mazurskie
31525000,Dwórzno,village,580,54.25333,20.46925,warmińsko-mazurskie
31525017,Drygały,village,1700,53.68507,22.10669,warmińsko-mazurskie
31525023,Drogosze,village,597,54.20714,21.24769,warmińsko-mazurskie
31525100,Dobre Miasto,town,9629,53.98689,20.39734,warmińsko-mazurskie
31525117,Derc,village,660,53.94403,20.64181,warmińsko-mazurskie
31525122,Dęby,village,350,54.32823,20.48008,warmińsko-mazurskie
31525254,Czerwonka,village,1090,53.91018,20.90681,warmińsko-mazurskie
31525387,Cerkiewnik,village,760,53.91704,20.40209,warmińsko-mazurskie
31525475,Bukwałd,village,710,53.87768,20.35773,warmińsko-mazurskie
31525484,Bukowiec,village,780,54.28833,20.40077,warmińsko-mazurskie
31525539,Budry,village,420,54.25297,21.88138,warmińsko-mazurskie
31525883,Borki Wielkie,village,350,53.83230,21.06001,warmińsko-mazurskie
31526315,Bisztynek,town,2249,54.08668,20.90883,warmińsko-mazurskie
31526938,Biskupiec,town,10163,53.86380,20.95499,warmińsko-mazurskie
31526992,Biesal,village,569,53.72270,20.19139,warmińsko-mazurskie
31527315,Bezledy,village,470,54.32366,20.72735,warmińsko-mazurskie
31527386,Bemowo Piskie,village,1300,53.73537,22.05905,warmińsko-mazurskie
31527468,Bartoszyce,town,22281,54.25237,20.81437,warmińsko-mazurskie
31527597,Bartąg,village,1000,53.71635,20.46904,warmińsko-mazurskie
31527705,Barczewo,town,7476,53.82971,20.69115,warmińsko-mazurskie
31527718,Barczewko,village,1050,53.84836,20.58937,warmińsko-mazurskie
31527763,Barciany,village,1100,54.21881,21.35356,warmińsko-mazurskie
31527784,Baranowo,village,627,53.82740,21.44842,warmińsko-mazurskie
31527795,Banie Mazurskie,village,1500,54.24570,22.03910,warmińsko-mazurskie
31528543,Zwartowo,village,334,54.69389,17.81356,pomorskie
31528572,Żuławki,village,683,54.28295,18.96998,pomorskie
31528582,Żuławka Sztumska,village,560,54.01408,19.25063,pomorskie
31528624,Żukczyn,village,315,54.21416,18.60563,pomorskie
31528644,Złotowo,village,312,54.02788,19.22410,pomorskie
31528722,Zielona Wieś,village,415,54.12867,18.18528,pomorskie
31528751,Żelistrzewo,village,2340,54.67534,18.41989,pomorskie
31528757,Żelisławki,village,499,54.15667,18.65255,pomorskie
31528762,Żelichowo,village,510,54.23957,19.14751,pomorskie
31528767,Zelgoszcz,village,906,53.83446,18.42935,pomorskie
31528773,Zelewo,village,371,54.62364,18.06998,pomorskie
31528789,Zęblewo,village,324,54.45629,18.11860,pomorskie
31528794,Zduny,village,616,54.01229,18.62647,pomorskie
31528836,Zbychowo,village,489,54.55389,18.32045,pomorskie
31528846,Zblewo,village,3263,53.93373,18.32685,pomorskie
31529051,Zaskoczyn,village,310,54.19302,18.47261,pomorskie
31529076,Żarnowiec,village,761,54.78872,18.08121,pomorskie
31529169,Zalewo,town,2078,53.84588,19.60612,warmińsko-mazurskie
31529216,Załakowo,village,467,54.38366,17.84472,pomorskie
31529233,Zakrzewo,village,310,54.46704,17.85847,pomorskie
31529276,Żakowice,village,770,53.67243,19.23565,warmińsko-mazurskie
31529424,Ząbrowo,village,423,54.09007,19.21646,pomorskie
31529450,Żabno,village,486,53.98306,18.47792,pomorskie
31529477,Wyszecino,village,481,54.51022,18.08337,pomorskie
31529542,Wysoka,village,472,53.87751,18.49583,pomorskie
31529543,Wysoka,village,300,53.67100,17.74751,kujawsko-pomorskie
31529544,Wysin,village,571,54.09931,18.28593,pomorskie
31529607,Wyczechowo,village,392,54.27728,18.24759,pomorskie
31529654,Wolental,village,560,53.82447,18.53471,pomorskie
31529677,Wocławy,village,305,54.28068,18.76888,pomorskie
31529698,Wiślinka,village,939,54.33061,18.80060,pomorskie
31529750,Wilczęta,village,430,54.16774,19.88305,warmińsko-mazurskie
31529828,Wielki Garc,village,325,53.94682,18.77860,pomorskie
31529834,Wielkie Walichnowy,village,554,53.91777,18.85177,pomorskie
31529848,Wielki Bukowiec,village,520,53.81859,18.46480,pomorskie
31529855,Wiele,village,1130,53.92287,17.86268,pomorskie
31529877,Więckowy,village,592,54.05946,18.38760,pomorskie
31529912,Wicko,village,690,54.67114,17.61746,pomorskie
31529923,Węsiory,village,745,54.23138,17.84409,pomorskie
31529929,Werblinia,village,544,54.74499,18.30405,pomorskie
31529945,Wejherowo,town,47357,54.60263,18.24793,pomorskie
31529961,Wdzydze Tucholskie,village,335,53.97577,17.92853,pomorskie
31529970,Wda,village,417,53.79534,18.39335,pomorskie
31529981,Warzno,village,314,54.43952,18.34599,pomorskie
31530012,Waplewo Wielkie,village,1032,53.92725,19.23569,pomorskie
31530017,Wandowo,village,300,53.67564,19.05772,pomorskie
31530100,Tyrowo,village,860,53.67247,19.88937,warmińsko-mazurskie
31530119,Tychnowy,village,757,53.78122,18.96004,pomorskie
31530124,Twarda Góra,village,350,53.67963,18.68534,kujawsko-pomorskie
31530145,Turze,village,843,54.09599,18.62784,pomorskie
31530155,Tujsk,village,362,54.27509,19.14006,pomorskie
31530176,Tuchlino,village,540,54.31195,17.85859,pomorskie
31530211,Trutnowy,village,710,54.24204,18.81456,pomorskie
31530217,Trumiejki,village,360,53.67555,19.16951,pomorskie
31530261,Tragamin,village,436,54.07904,19.04663,pomorskie
31530266,Trąbki Wielkie,village,1240,54.17105,18.53793,pomorskie
31530302,Tolkmicko,town,2464,54.32018,19.52702,warmińsko-mazurskie
31530306,Tokary,village,349,54.40081,18.33185,pomorskie
31530317,Tępcz,village,319,54.50556,18.03911,pomorskie
31530331,Tawęcino,village,304,54.65531,17.79365,pomorskie
31530377,Szymbark,village,541,54.21890,18.10255,pomorskie
31530383,Szymankowo,village,768,54.07363,18.92254,pomorskie
31530415,Sztutowo,village,2988,54.33009,19.17721,pomorskie
31530426,Sztumska Wieś,village,500,53.89450,19.01041,pomorskie
31530432,Sztum,town,9515,53.91987,19.03054,pomorskie
31530442,Szropy,village,330,53.98660,19.15389,pomorskie
31530453,Szprudowo,village,366,53.87871,18.80975,pomorskie
31530463,Szpęgawsk,village,620,54.00313,18.60591,pomorskie
31530468,Szpęgawa,village,1000,54.09821,18.73633,pomorskie
31530500,Szlachta,village,1200,53.76884,18.11414,pomorskie
31530516,Szklana,village,321,54.31545,17.94228,pomorskie
31530554,Szczodrowo,village,478,54.10118,18.36330,pomorskie
31530569,Szczenurze,village,308,54.72650,17.61968,pomorskie
31530573,Szarłata,village,558,54.38580,18.21736,pomorskie
31530593,Swarzewo,village,988,54.75992,18.40008,pomorskie
31530595,Swarożyn,village,1511,54.03812,18.66276,pomorskie
31530596,Susz,town,5309,53.71666,19.33853,warmińsko-mazurskie
31530601,Sumin,village,580,53.92004,18.44836,pomorskie
31530602,Sulmin,village,580,54.31427,18.47018,pomorskie
31530603,Sulicice,village,310,54.77322,18.21908,pomorskie
31530604,Sulęczyno,village,1500,54.23376,17.77444,pomorskie
31530606,Suchy Dąb,village,1110,54.20642,18.76733,pomorskie
31530612,Suchacz,village,730,54.28452,19.43777,warmińsko-mazurskie
31530613,Subkowy,village,1941,54.00254,18.76899,pomorskie
31530618,Strzepcz,village,766,54.45420,18.02628,pomorskie
31530619,Strzelno,village,1063,54.78529,18.32519,pomorskie
31530621,Strzebielino,village,3000,54.58092,18.03641,pomorskie
31530626,Straszyn,village,4000,54.27225,18.58231,pomorskie
31530627,Straszewo,village,410,53.82348,19.03759,pomorskie
31530629,Stogi,village,450,54.07616,18.97554,pomorskie
31530631,Stobna,village,340,54.20238,19.28041,pomorskie
31530635,Stężyca,village,1900,54.20597,17.95527,pomorskie
31530638,Steklin,village,998,52.93589,18.98568,kujawsko-pomorskie
31530639,Stegny,village,423,54.10930,19.68004,warmińsko-mazurskie
31530640,Stegna,village,4000,54.32865,19.11306,pomorskie
31530641,Stegienka,village,330,54.31005,19.05828,pomorskie
31530649,Starzyński Dwór,village,347,54.76077,18.29744,pomorskie
31530650,Starzyno,village,1226,54.75575,18.26295,pomorskie
31530653,Stary Targ,village,1000,53.92371,19.17073,pomorskie
31530657,Stary Dzierzgoń,village,410,53.84228,19.40199,pomorskie
31530659,Stary Bukowiec,village,307,54.01452,18.08566,pomorskie
31530661,Starkowa Huta,village,380,54.22530,18.17897,pomorskie
31530664,Stare Pole,village,1834,54.05469,19.20353,pomorskie
31530665,Stare Polaszki,village,462,54.02893,18.19417,pomorskie
31530676,Stara Kiszewa,village,1480,53.98924,18.16607,pomorskie
31530681,Stańkowo,village,320,53.74084,19.25742,pomorskie
31530682,Staniszewo,village,915,54.39412,18.07743,pomorskie
31530688,Sopot,city,32962,54.44479,18.56849,pomorskie
31530690,Sopieszyno,village,670,54.54819,18.22964,pomorskie
31530691,Somonino,village,2206,54.27608,18.19950,pomorskie
31530692,Sominy,village,306,54.03561,17.64074,pomorskie
31530701,Smolno,village,796,54.66692,18.40893,pomorskie
31530710,Słonecznik,village,1000,53.83906,19.88255,warmińsko-mazurskie
31530711,Słobity,village,549,54.14275,19.78238,warmińsko-mazurskie
31530713,Śliwiczki,village,490,53.68731,18.19602,kujawsko-pomorskie
31530714,Śliwice,village,2600,53.70849,18.17476,kujawsko-pomorskie
31530718,Sławoszyno,village,652,54.78539,18.19656,pomorskie
31530720,Sławki,village,412,54.25436,18.18082,pomorskie
31530726,Skrzeszewo,village,1013,54.28502,18.35131,pomorskie
31530730,Skowarcz,village,1425,54.18424,18.67900,pomorskie
31530732,Skorzewo,village,1323,54.16702,17.96827,pomorskie
31530734,Skórcz,town,3513,53.79455,18.52432,pomorskie
31530804,Sierakowice,village,7068,54.34519,17.89356,pomorskie
31530857,Sianowska Huta,village,351,54.39107,18.13696,pomorskie
31530858,Sianowo,village,349,54.38833,18.08946,pomorskie
31530860,Sasino,village,474,54.76105,17.75803,pomorskie
31530866,Samborowo,village,1415,53.66495,19.81912,warmińsko-mazurskie
31530871,Sadlinki,village,1785,53.66448,18.87282,pomorskie
31530872,Rzucewo,village,354,54.68781,18.46189,pomorskie
31530873,Rzeżęcin,village,313,53.83417,18.66208,pomorskie
31530876,Rywałd,village,603,53.98330,18.61170,pomorskie
31530877,Rytel,village,2004,53.75317,17.77617,pomorskie
31530879,Ryjewo,village,2914,53.84350,18.96275,pomorskie
31530881,Rychliki,village,805,53.98592,19.52679,warmińsko-mazurskie
31530883,Rybno,village,510,54.68338,18.08449,pomorskie
31530885,Rybina,village,403,54.29096,19.11570,pomorskie
31530886,Rybaki,village,308,54.22434,18.14522,pomorskie
31530889,Rumia,town,51879,54.57013,18.39273,pomorskie
31530897,Różyny,village,1300,54.20094,18.66227,pomorskie
31530899,Różnowo,village,360,53.74237,19.35459,warmińsko-mazurskie
31530900,Rozłazino,village,887,54.52450,17.91179,pomorskie
31530903,Rożental,village,550,53.91043,18.68920,pomorskie
31530914,Rokity,village,493,54.33838,17.68473,pomorskie
31530915,Rokitnica,village,924,54.27315,18.68442,pomorskie
31530916,Rokitki,village,522,54.07921,18.73778,pomorskie
31530919,Rogity,village,390,54.38948,19.87174,warmińsko-mazurskie
31530921,Rogajny,village,403,54.04777,19.72973,warmińsko-mazurskie
31530924,Robity,village,440,54.08699,19.67641,warmińsko-mazurskie
31530925,Robakowo,village,629,54.56148,18.14207,pomorskie
31530926,Rewa,village,905,54.63124,18.49791,pomorskie
31530935,Reda,town,28190,54.60433,18.35052,pomorskie
31530937,Ręboszewo,village,387,54.28960,18.12158,pomorskie
31530938,Rębielcz,village,670,54.15430,18.66910,pomorskie
31530939,Rąty,village,352,54.25197,18.15946,pomorskie
31530941,Ramleje,village,328,54.28344,18.15352,pomorskie
31530943,Rakowiec,village,544,53.76640,18.76843,pomorskie
31530944,Rakowiec,village,1328,53.72718,19.02361,pomorskie
31530946,Rajkowy,village,1677,53.96324,18.71042,pomorskie
31530947,Radziejewo,village,353,53.91659,18.40120,pomorskie
31530951,Radostowo,village,546,53.99131,18.73476,pomorskie
31530955,Raciąż,village,756,53.66546,17.78940,kujawsko-pomorskie
31530958,Puzdrowo,village,810,54.34029,17.85799,pomorskie
31530962,Puck,town,10868,54.72040,18.41134,pomorskie
31530963,Pszczółki,village,4053,54.17352,18.69599,pomorskie
31530964,Przywidz,village,1673,54.19682,18.32364,pomorskie
31530971,Przyjaźń,village,1206,54.30919,18.39206,pomorskie
31530974,Przodkowo,village,1286,54.37919,18.28783,pomorskie
31530976,Przezmark,village,450,53.86167,19.49133,pomorskie
31530979,Przetoczyno,village,459,54.52166,18.20385,pomorskie
31530982,Przemysław,village,310,54.29720,18.97030,pomorskie
31530983,Przejazdowo,village,643,54.32502,18.74589,pomorskie
31530985,Pruszcz Gdański,town,31582,54.26085,18.64619,pomorskie
31530989,Prokowo,village,1201,54.35815,18.16819,pomorskie
31530997,Prabuty,town,8289,53.75599,19.20444,pomorskie
31530998,Powałki,village,324,53.74074,17.62146,pomorskie
31531002,Postolin,village,510,53.87120,19.05892,pomorskie
31531009,Pomlewo,village,435,54.21948,18.35831,pomorskie
31531010,Pomieczyńska Huta,village,478,54.38882,18.16899,pomorskie
31531013,Półwieś,village,332,53.71446,18.74374,pomorskie
31531020,Połęczyno,village,335,54.19923,18.21288,pomorskie
31531021,Połczyno,village,844,54.70749,18.35677,pomorskie
31531022,Półczno,village,380,54.14810,17.64355,pomorskie
31531023,Połchowo,village,1113,54.64814,18.37197,pomorskie
31531025,Pogrodzie,village,614,54.28933,19.60006,warmińsko-mazurskie
31531026,Pogorzelice,village,405,54.49932,17.63334,pomorskie
31531027,Pogórze,village,1123,54.56639,18.48702,pomorskie
31531028,Pogorzała Wieś,village,440,53.97411,18.93305,pomorskie
31531030,Pogódki,village,715,54.02568,18.32504,pomorskie
31531035,Pobłocie,village,412,54.47005,18.07147,pomorskie
31531037,Płoskinia,village,460,54.27179,19.93629,warmińsko-mazurskie
31531050,Piotrkowo,village,320,53.67946,19.49249,warmińsko-mazurskie
31531051,Pinczyn,village,2325,53.96026,18.34905,pomorskie
31531060,Pierwoszyno,village,718,54.59695,18.49960,pomorskie
31531063,Pieniążkowo,village,351,53.70564,18.72107,pomorskie
31531069,Piekło,village,353,53.93050,18.86827,pomorskie
31531070,Piechowice,village,406,54.01544,17.81043,pomorskie
31531077,Perlino,village,332,54.72284,17.95810,pomorskie
31531079,Pępowo,village,962,54.36757,18.39758,pomorskie
31531080,Pelplin,town,7456,53.92832,18.69785,pomorskie
31531082,Pawłowo,village,371,54.13423,18.40807,pomorskie
31531083,Pawłowo,village,803,53.68234,17.63936,pomorskie
31531084,Pawlice,village,404,53.71267,19.03858,pomorskie
31531087,Pasłęk,town,12074,54.06263,19.65654,warmińsko-mazurskie
31531094,Parchowo,village,1019,54.20788,17.66649,pomorskie
31531099,Palczewo,village,331,54.17118,18.85825,pomorskie
31531100,Paczewo,village,464,54.36425,17.92352,pomorskie
31531101,Pączewo,village,685,53.84748,18.53172,pomorskie
31531105,Otomin,village,726,54.32037,18.50493,pomorskie
31531110,Ostrzyce,village,460,54.25681,18.11143,pomorskie
31531113,Ostrowo,village,605,54.82469,18.24448,pomorskie
31531118,Ostróda,town,32052,53.70285,19.96230,warmińsko-mazurskie
31531120,Ostaszewo,village,1017,54.21301,18.95236,pomorskie
31531122,Osowo Lęborskie,village,321,54.46947,17.78427,pomorskie
31531123,Osowo,village,1058,53.87196,17.89196,pomorskie
31531125,Osówek,village,410,53.78030,18.13886,pomorskie
31531129,Osłonino,village,350,54.66817,18.45585,pomorskie
31531130,Osława Dąbrowa,village,356,54.10273,17.61679,pomorskie
31531134,Osiek,village,1012,53.72217,18.49244,pomorskie
31531135,Osieczna,village,830,53.77115,18.20332,pomorskie
31531136,Osice,village,319,54.21646,18.80842,pomorskie
31531144,Orłowo,village,580,54.20392,19.07574,pomorskie
31531148,Opalenie,village,884,53.74242,18.82295,pomorskie
31531152,Olszanica,village,460,53.67791,18.84228,pomorskie
31531166,Ogrodniki,village,300,54.23507,19.53540,warmińsko-mazurskie
31531167,Odry,village,417,53.89104,18.01803,pomorskie
31531168,Odargowo,village,323,54.79444,18.11639,pomorskie
31531169,Ocypel,village,585,53.80962,18.31411,pomorskie
31531170,Obrzynowo,village,710,53.77904,19.26147,pomorskie
31531175,Nowy Wiec,village,356,54.12599,18.34919,pomorskie
31531176,Nowy Targ,village,471,53.89795,19.18600,pomorskie
31531177,Nowy Staw,town,4101,54.13428,19.00869,pomorskie
31531182,Nowy Dwór Wejherowski,village,432,54.54069,18.28568,pomorskie
31531183,Nowy Dwór Gdański,town,9618,54.21463,19.11508,pomorskie
31531187,Nowy Dwór,village,327,53.71678,18.86716,pomorskie
31531190,Nowy Barkoczyn,village,543,54.10320,18.13376,pomorskie
31531199,Nowe Polaszki,village,460,54.03269,18.13521,pomorskie
31531204,Nowe Kusy,village,315,54.04947,19.58901,warmińsko-mazurskie
31531207,Nowe Dolno,village,763,54.02857,19.44310,warmińsko-mazurskie
31531210,Nowa Wioska,village,490,53.68260,19.08603,pomorskie
31531220,Nowa Wieś,village,520,53.87264,19.00323,pomorskie
31531222,Nowakowo,village,499,54.21895,19.35966,warmińsko-mazurskie
31531227,Nowa Cerkiew,village,462,54.17897,18.90379,pomorskie
31531228,Nowa Cerkiew,village,480,53.86558,18.65636,pomorskie
31531229,Nowa Cerkiew,village,592,53.70006,17.68546,pomorskie
31531232,Niestępowo,village,1117,54.31968,18.42489,pomorskie
31531234,Niepoczołowice,village,571,54.43695,17.88803,pomorskie
31531236,Niedamowo,village,420,54.06183,18.09281,pomorskie
31531246,Narkowy,village,428,54.03464,18.77976,pomorskie
31531255,Myszewko,village,320,54.17089,19.14067,pomorskie
31531256,Myślice,village,490,53.91639,19.50455,pomorskie
31531260,Mściszewice,village,1010,54.26074,17.85377,pomorskie
31531261,Mrzezino,village,2210,54.65270,18.42862,pomorskie
31531263,Mosty,village,1830,54.60862,18.49659,pomorskie
31531266,Morzeszczyn,village,684,53.84040,18.69049,pomorskie
31531268,Morany,village,394,53.90989,19.27982,pomorskie
31531274,Mojusz,village,502,54.34439,17.96620,pomorskie
31531280,Młynary,town,1694,54.18762,19.72294,warmińsko-mazurskie
31531374,Mirotki,village,484,53.76786,18.57883,pomorskie
31531388,Mirachowo,village,913,54.39502,18.02735,pomorskie
31531402,Minkowice,village,425,54.78250,18.17222,pomorskie
31531443,Milwino,village,452,54.52103,18.13324,pomorskie
31531486,Miłoszewo,village,500,54.43908,18.02626,pomorskie
31531488,Miłoradz,village,1114,54.01432,18.91803,pomorskie
31531489,Miłomłyn,town,2415,53.76340,19.84135,warmińsko-mazurskie
31531491,Miłobądz,village,878,54.13585,18.72096,pomorskie
31531493,Milejewo,village,500,54.21835,19.54683,warmińsko-mazurskie
31531495,Mikoszewo,village,710,54.33432,18.96680,pomorskie
31531496,Mikołajki Pomorskie,village,1500,53.85062,19.16580,pomorskie
31531500,Mierzeszyn,village,800,54.20053,18.41897,pomorskie
31531502,Mieroszyno,village,601,54.80000,18.31306,pomorskie
31531504,Międzyłęż,village,382,53.94926,18.84276,pomorskie
31531507,Miechucino,village,1648,54.34107,18.02103,pomorskie
31531508,Mezowo,village,544,54.30499,18.26406,pomorskie
31531511,Męcikał,village,389,53.81976,17.66641,pomorskie
31531512,Mechowo,village,409,54.71305,18.27943,pomorskie
31531514,Mechelinki,village,303,54.60945,18.51149,pomorskie
31531518,Mątowy Wielkie,village,353,54.01063,18.85410,pomorskie
31531526,Marzęcino,village,700,54.23577,19.23586,pomorskie
31531527,Marynowy,village,570,54.17084,19.09458,pomorskie
31531531,Markusy,village,580,54.04795,19.38533,warmińsko-mazurskie
31531532,Markowo,village,410,54.01941,19.90513,warmińsko-mazurskie
31531534,Mareza,village,1108,53.73748,18.91363,pomorskie
31531544,Małe Walichnowy,village,415,53.93252,18.84085,pomorskie
31531545,Malenin,village,370,54.13504,18.68464,pomorskie
31531550,Małdyty,village,1410,53.92034,19.74169,warmińsko-mazurskie
31531556,Malachin,village,585,53.81636,17.95552,pomorskie
31531560,Majewo,village,520,53.80387,18.68152,pomorskie
31531565,Luzino,village,6985,54.56189,18.10478,pomorskie
31531572,Lubowidz,village,393,54.54240,17.81068,pomorskie
31531576,Lubochowo,village,500,53.89641,19.46311,pomorskie
31531577,Lubnowy Wielkie,village,370,53.78443,19.33410,warmińsko-mazurskie
31531585,Lubkowo,village,305,54.77829,18.06487,pomorskie
31531588,Lubieszyn,village,334,54.10732,18.23679,pomorskie
31531589,Lubieszewo,village,780,54.18911,19.03859,pomorskie
31531590,Lubichowo,village,2052,53.85219,18.39699,pomorskie
31531598,Liwa,village,710,53.73125,19.82809,warmińsko-mazurskie
31531603,Lisewo,village,390,54.76238,18.18259,pomorskie
31531606,Lipusz,village,2069,54.10059,17.78105,pomorskie
31531608,Lipowina,village,892,54.34756,19.98174,warmińsko-mazurskie
31531614,Lipinki Szlacheckie,village,500,53.92757,18.60647,pomorskie
31531615,Lipinka,village,930,54.12265,19.12309,pomorskie
31531622,Lińsk,village,570,53.68834,18.13932,kujawsko-pomorskie
31531623,Linowiec,village,363,54.01879,18.49780,pomorskie
31531628,Linia,village,1405,54.45141,17.92810,pomorskie
31531631,Licze,village,522,53.73451,19.07355,pomorskie
31531632,Lichnowy,village,973,54.11461,18.91336,pomorskie
31531633,Lichnówki,village,400,54.10745,18.89515,pomorskie
31531635,Łężyce,village,407,54.53008,18.37425,pomorskie
31531636,Leźno,village,1354,54.34555,18.43495,pomorskie
31531640,Łętowo,village,343,54.71659,17.91033,pomorskie
31531646,Leśno,village,478,54.44471,18.29796,pomorskie
31531647,Leśno,village,669,53.94899,17.70012,pomorskie
31531649,Leśniewo,village,1219,54.69404,18.23961,pomorskie
31531650,Leśnice,village,472,54.51426,17.66720,pomorskie
31531651,Leśna Jania,village,410,53.72126,18.60466,pomorskie
31531656,Łęgowo,village,2850,54.22253,18.64686,pomorskie
31531657,Legbąd,village,470,53.71108,17.94073,kujawsko-pomorskie
31531658,Lędziechowo,village,312,54.64754,17.68473,pomorskie
31531660,Łęcze,village,730,54.26832,19.47496,warmińsko-mazurskie
31531661,Łebunia,village,666,54.44909,17.81339,pomorskie
31531662,Lębork,town,34500,54.53915,17.74723,pomorskie
31531663,Łebno,village,974,54.46140,18.13957,pomorskie
31531664,Łebień,village,960,54.64424,17.71775,pomorskie
31531665,Łebcz,village,1620,54.76698,18.33555,pomorskie
31531668,Łaszka,village,310,54.30770,19.23191,pomorskie
31531671,Lasowice Wielkie,village,300,54.08904,19.07476,pomorskie
31531675,Łapino,village,537,54.28571,18.43595,pomorskie
31531676,Łapalice,village,1347,54.34595,18.12987,pomorskie
31531678,Lalkowy,village,310,53.70837,18.67300,pomorskie
31531689,Kwidzyn,town,37768,53.73358,18.93192,pomorskie
31531694,Kulice,village,860,53.88414,18.69691,pomorskie
31531700,Krzyżanowo,village,356,54.04669,19.20458,pomorskie
31531704,Krzywe Koło,village,520,54.18091,18.77804,pomorskie
31531706,Krzewsk,village,422,54.05571,19.42531,warmińsko-mazurskie
31531709,Krynica Morska,town,1172,54.38001,19.44336,pomorskie
31531717,Królewo,village,382,54.04166,19.13836,pomorskie
31531719,Krokowa,village,3500,54.77694,18.16375,pomorskie
31531720,Krojanty,village,461,53.72663,17.63197,pomorskie
31531724,Krępa Kaszubska,village,505,54.62921,17.65387,pomorskie
31531731,Krąg,village,480,54.00331,18.44236,pomorskie
31531734,Koźmin,village,491,54.00772,18.30443,pomorskie
31531735,Koźliny,village,801,54.15975,18.80267,pomorskie
31531740,Kowale,village,1972,54.31119,18.56453,pomorskie
31531743,Koteże,village,443,53.92566,18.49175,pomorskie
31531744,Koszwały,village,710,54.29326,18.80931,pomorskie
31531747,Kostkowo,village,303,54.66960,18.03522,pomorskie
31531748,Kosowo,village,370,54.37622,18.26398,pomorskie
31531749,Kosobudy,village,793,53.87429,17.75820,pomorskie
31531755,Kościeleczki,village,463,54.06546,19.01542,pomorskie
31531756,Kosakowo,village,750,54.58879,18.49269,pomorskie
31531757,Korzeniewo,village,662,53.75037,18.86542,pomorskie
31531791,Koniecwałd,village,480,53.95755,19.02235,pomorskie
31531802,Kończewice,village,650,54.05866,18.86422,pomorskie
31531806,Konarzyny,village,443,53.96762,18.09181,pomorskie
31531868,Kolonia,village,806,54.39918,18.11197,pomorskie
31531871,Kolnik,village,503,54.15568,18.70931,pomorskie
31531872,Kolincz,village,375,53.96262,18.59873,pomorskie
31531874,Koleczkowo,village,1750,54.48644,18.34260,pomorskie
31531877,Kokoszkowy,village,1430,53.99660,18.53000,pomorskie
31531879,Kochanowo,village,361,54.60555,18.10929,pomorskie
31531881,Kobysewo,village,340,54.35689,18.26384,pomorskie
31531885,Kmiecin,village,970,54.18917,19.14970,pomorskie
31531888,Kłosowo,village,311,54.41904,18.28278,pomorskie
31531891,Klonówka,village,430,53.96622,18.64559,pomorskie
31531898,Kleszczewo,village,628,54.19098,18.51455,pomorskie
31531908,Kłanino,village,383,54.76390,18.24443,pomorskie
31531915,Kiezmark,village,370,54.25590,18.93212,pomorskie
31531922,Kiełpino,village,2693,54.29143,18.22674,pomorskie
31531924,Kielno,village,1025,54.45262,18.33829,pomorskie
31531930,Kępniewo,village,370,54.01778,19.35723,warmińsko-mazurskie
31531933,Kępiny Małe,village,440,54.23202,19.27581,pomorskie
31531936,Kębłowo,village,1610,54.59656,18.09702,pomorskie
31531937,Kczewo,village,405,54.37946,18.31470,pomorskie
31531938,Kazimierz,village,350,54.60245,18.41988,pomorskie
31531942,Kąty Rybackie,village,712,54.33997,19.22953,pomorskie
31531950,Karwieńskie Błoto Pierwsze,village,554,54.81046,18.19523,pomorskie
31531951,Karwia,village,931,54.82983,18.21065,pomorskie
31531955,Karsin,village,2200,53.90459,17.92590,pomorskie
31531967,Kamionka,village,400,53.69156,18.63676,pomorskie
31531969,Kamionek Wielki,village,383,54.25641,19.40261,warmińsko-mazurskie
31531970,Kamiennik Wielki,village,570,54.18671,19.54525,warmińsko-mazurskie
31531972,Kamieniec,village,430,53.77047,19.37696,warmińsko-mazurskie
31531976,Kamienica Królewska,village,881,54.39229,17.88928,pomorskie
31531981,Kalisz,village,992,54.04408,17.79809,pomorskie
31531985,Kajkowo,village,1017,53.68528,19.97162,warmińsko-mazurskie
31531987,Kaczynos,village,387,54.06802,19.16566,pomorskie
31531988,Kaczkowo,village,332,54.60411,17.88210,pomorskie
31531997,Jurkowice,village,390,53.96128,19.13419,pomorskie
31532000,Junoszyno,village,310,54.32979,19.07097,pomorskie
31532005,Jeziernik,village,306,54.21125,18.98713,pomorskie
31532009,Jerzwałd,village,370,53.78185,19.52704,warmińsko-mazurskie
31532011,Jelonki,village,693,54.03160,19.55973,warmińsko-mazurskie
31532012,Jeleńska Huta,village,300,54.45224,18.22809,pomorskie
31532014,Jeleń,village,626,53.78487,18.77894,pomorskie
31532016,Jegłownik,village,1000,54.12213,19.29538,warmińsko-mazurskie
31532019,Jaźwiska,village,466,53.77619,18.83040,pomorskie
31532021,Jazowa,village,660,54.17427,19.24448,pomorskie
31532026,Jastrzębia Góra,village,1068,54.83044,18.30443,pomorskie
31532031,Jasień,village,402,54.28505,17.63076,pomorskie
31532034,Jaroszewy,village,445,54.02952,18.35888,pomorskie
31532036,Januszewo,village,300,53.70762,19.46669,warmińsko-mazurskie
31532037,Jantar,village,940,54.33528,19.03226,pomorskie
31532038,Janowo,village,410,53.81885,18.85305,pomorskie
31532041,Janowice,village,444,54.60362,17.64152,pomorskie
31532043,Jankowo Gdańskie,village,1302,54.29475,18.55428,pomorskie
31532055,Jabłowo,village,803,53.92597,18.57481,pomorskie
31532058,Jabłówko,village,324,53.90777,18.56368,pomorskie
31532076,Iwiczno,village,323,53.88692,18.24020,pomorskie
31532084,Iłownica,village,300,54.07847,18.28060,pomorskie
31532127,Hopy,village,361,54.39742,18.22551,pomorskie
31532141,Gutowiec,village,371,53.77108,17.85621,pomorskie
31532142,Gurcz,village,380,53.81937,18.90464,pomorskie
31532148,Grzybno,village,1189,54.35265,18.21671,pomorskie
31532157,Gronowo Górne,village,1600,54.13757,19.45995,warmińsko-mazurskie
31532164,Grodziec,village,300,53.65970,19.19326,pomorskie
31532168,Gręblin,village,520,53.96184,18.76646,pomorskie
31532174,Grabiny-Zameczek,village,1106,54.23832,18.75227,pomorskie
31532176,Gozdawa,village,560,54.22525,19.19012,pomorskie
31532179,Gowidlino,village,1350,54.32477,17.79135,pomorskie
31532182,Goszczyno,village,530,54.78534,18.15087,pomorskie
31532185,Gościszewo,village,580,53.98216,19.00108,pomorskie
31532186,Gościcino,village,5278,54.60347,18.15471,pomorskie
31532187,Gorzędziej,village,498,54.03067,18.81637,pomorskie
31532197,Goręczyno,village,1300,54.26538,18.16264,pomorskie
31532199,Gołubie,village,1302,54.21199,18.02539,pomorskie
31532201,Gołębiewko,village,341,54.12110,18.54183,pomorskie
31532203,Gogolewo,village,389,53.83125,18.77289,pomorskie
31532204,Godziszewo,village,518,54.09758,18.55634,pomorskie
31532205,Godkowo,village,391,54.08094,19.90322,warmińsko-mazurskie
31532209,Gnieżdżewo,village,1113,54.74400,18.37960,pomorskie
31532211,Gniewowo,village,372,54.57473,18.30610,pomorskie
31532212,Gniewino,village,1710,54.71543,18.00638,pomorskie
31532215,Gniew,town,6285,53.83422,18.82516,pomorskie
31532222,Głodowo,village,596,54.07219,18.31614,pomorskie
31532226,Glincz,village,690,54.31946,18.34376,pomorskie
31532228,Gładysze,village,314,54.15684,19.92030,warmińsko-mazurskie
31532239,Garczyn,village,914,54.04162,18.24082,pomorskie
31532240,Garczegorze,village,364,54.59435,17.72400,pomorskie
31532247,Frombork,town,2159,54.35836,19.68237,warmińsko-mazurskie
31532249,Frąca,village,350,53.71087,18.63861,pomorskie
31532257,Ełganowo,village,589,54.15328,18.49233,pomorskie
31532258,Elbląg,city,115220,54.15587,19.40446,warmińsko-mazurskie
31532261,Dzierzgoń,town,4962,53.92391,19.34795,pomorskie
31532262,Dzierżążno,village,1627,54.31623,18.26757,pomorskie
31532264,Dziemiany,village,1762,54.00607,17.76914,pomorskie
31532265,Dzięcielec,village,303,54.49837,17.90811,pomorskie
31532273,Drewnica,village,840,54.28667,18.95937,pomorskie
31532274,Donimierz,village,707,54.47845,18.19164,pomorskie
31532275,Domatowo,village,700,54.71095,18.22280,pomorskie
31532276,Domatówko,village,407,54.68709,18.21158,pomorskie
31532277,Domachowo,village,474,54.20967,18.46214,pomorskie
31532284,Dobrocin,village,950,53.90880,19.83595,warmińsko-mazurskie
31532293,Długi Kierz,village,301,54.29780,17.97342,pomorskie
31532294,Długie Pole,village,584,54.22663,18.86837,pomorskie
31532296,Demlin,village,514,54.08716,18.51524,pomorskie
31532299,Dębogórze,village,962,54.59134,18.45837,pomorskie
31532307,Darzlubie,village,788,54.70379,18.32812,pomorskie
31532312,Dąbrówka Malborska,village,380,53.98804,19.09148,pomorskie
31532314,Dąbrówka,village,341,54.54841,18.18018,pomorskie
31532317,Dąbrówka,village,586,53.90927,18.52716,pomorskie
31532324,Dąbrowa,village,665,53.90399,18.24962,pomorskie
31532326,Czyczkowy,village,648,53.87162,17.67629,pomorskie
31532328,Częstkowo,village,555,54.50180,18.14660,pomorskie
31532334,Czersk,town,9997,53.79620,17.97562,pomorskie
31532335,Czernin,village,1600,53.90399,19.06549,pomorskie
31532338,Czeczewo,village,389,54.41404,18.31650,pomorskie
31532341,Czatkowy,village,323,54.13217,18.81679,pomorskie
31532349,Czarna Woda,town,2741,53.84420,18.09843,pomorskie
31532358,Cisy,village,324,54.03946,18.97995,pomorskie
31532364,Cieplewo,village,710,54.23201,18.64865,pomorskie
31532365,Ciepłe,village,339,53.85318,18.84134,pomorskie
31532367,Cieciorka,village,518,53.93038,18.20962,pomorskie
31532371,Chynowie,village,516,54.63797,18.01063,pomorskie
31532374,Chwaszczyno,village,2678,54.44355,18.41894,pomorskie
31532388,Chruściel,village,365,54.26039,19.81198,warmińsko-mazurskie
31532422,Choczewo,village,1310,54.74100,17.89231,pomorskie
31532423,Chmielno,village,1774,54.32846,18.10149,pomorskie
31532427,Chłapowo,village,1069,54.80479,18.37256,pomorskie
31532429,Cewice,village,1687,54.43582,17.73356,pomorskie
31532430,Celbowo,village,491,54.68713,18.37642,pomorskie
31532431,Cedry Wielkie,village,1007,54.24418,18.84573,pomorskie
31532432,Cedry Małe,village,927,54.27327,18.86795,pomorskie
31532433,Bytonia,village,756,53.92130,18.28220,pomorskie
31532443,Bukowina,village,541,54.42404,17.84077,pomorskie
31532453,Brzyno,village,350,54.77118,18.00998,pomorskie
31532454,Brzuśce,village,420,54.00761,18.72536,pomorskie
31532476,Brzeźno Lęborskie,village,776,54.62312,17.83472,pomorskie
31532482,Brusy,town,5146,53.88616,17.71904,pomorskie
31532488,Bronowo,village,415,54.29190,19.02596,pomorskie
31532491,Bronisławowo,village,400,53.65800,18.82718,pomorskie
31532492,Brodnica Dolna,village,359,54.26237,18.09882,pomorskie
31532498,Brachlewo,village,366,53.80438,18.96639,pomorskie
31532499,Bożepole Wielkie,village,2089,54.57454,17.96861,pomorskie
31532500,Bożepole Małe,village,410,54.56459,17.98762,pomorskie
31532508,Borzechowo,village,972,53.88885,18.35036,pomorskie
31532516,Boroszewo,village,409,54.06557,18.58801,pomorskie
31532519,Borkowo,village,926,54.33323,18.33200,pomorskie
31532520,Borkowo,village,507,54.29928,18.59413,pomorskie
31532521,Borkowo,village,392,53.83779,18.63485,pomorskie
31532527,Bolszewo,village,7064,54.61685,18.17654,pomorskie
31532528,Bolesławowo,village,512,54.07296,18.48328,pomorskie
31532530,Bojano,village,4207,54.47162,18.38351,pomorskie
31532540,Bobowo,village,1271,53.88249,18.55677,pomorskie
31532578,Bietowo,village,334,53.86690,18.38451,pomorskie
31532580,Bieszkowice,village,312,54.51390,18.29344,pomorskie
31532591,Bielawki,village,360,53.91251,18.65168,pomorskie
31532594,Białogóra,village,359,54.81571,17.95926,pomorskie
31532596,Białki,village,420,53.68333,18.90000,pomorskie
31532631,Będargowo,village,678,54.42664,18.12641,pomorskie
31532632,Barwik,village,420,54.40062,18.19452,pomorskie
31532637,Barłożno,village,800,53.78559,18.61067,pomorskie
31532638,Barłomino,village,575,54.53678,18.09629,pomorskie
31532639,Barlewice,village,490,53.92210,19.06684,pomorskie
31532643,Barcice,village,330,53.87289,18.94070,pomorskie
31532650,Banino,village,6100,54.39205,18.40866,pomorskie
31532655,Baldram,village,400,53.76060,18.94386,pomorskie
31532656,Bałdowo,village,486,54.05890,18.79988,pomorskie
31532660,Bągart,village,370,53.96589,19.35775,pomorskie
31532664,Bączek,village,492,54.02832,18.46278,pomorskie
31568133,Żarnowska,village,303,54.72333,17.53127,pomorskie
31568152,Wolinia,village,322,54.61475,17.54027,pomorskie
31568183,Wielka Wieś,village,460,54.56771,17.35989,pomorskie
31568253,Unichowo,village,322,54.29125,17.44914,pomorskie
31568259,Ugoszcz,village,740,54.12294,17.52899,pomorskie
31568267,Udorpie,village,757,54.14320,17.49131,pomorskie
31568283,Trzebiatkowa,village,475,54.06471,17.30385,pomorskie
31568291,Szczypkowice,village,492,54.57641,17.41881,pomorskie
31568294,Swornegacie,village,1193,53.86041,17.49914,pomorskie
31568295,Studzienice,village,2229,54.09343,17.57555,pomorskie
31568298,Stowięcino,village,416,54.56060,17.48406,pomorskie
31568307,Sąpolno,village,703,53.80678,17.33419,pomorskie
31568314,Rzuszcze,village,308,54.62983,17.45163,pomorskie
31568333,Rzechcino,village,380,54.53141,17.45702,pomorskie
31568343,Rumsko,village,300,54.60947,17.31457,pomorskie
31568355,Potęgowo,village,1416,54.48193,17.49114,pomorskie
31568359,Pomysk Wielki,village,635,54.20650,17.55825,pomorskie
31568370,Nożyno,village,312,54.31512,17.49119,pomorskie
31568373,Nowęcin,village,382,54.75115,17.58587,pomorskie
31568376,Niezabyszewo,village,810,54.13606,17.42417,pomorskie
31568378,Niepoględzie,village,373,54.29470,17.37156,pomorskie
31568381,Motarzyno,village,726,54.32570,17.33247,pomorskie
31568385,Modrzejewo,village,386,54.14687,17.31988,pomorskie
31568389,Malczkowo,village,504,54.42166,17.37943,pomorskie
31568390,Łupawa,village,730,54.41815,17.41274,pomorskie
31568397,Lipnica,village,747,53.99791,17.40605,pomorskie
31568405,Konarzyny,village,620,53.82343,17.37818,pomorskie
31568408,Konarzynki,village,310,53.82041,17.39308,pomorskie
31568419,Jerzkowice,village,301,54.32794,17.57917,pomorskie
31568427,Grapice,village,311,54.50854,17.43021,pomorskie
31568428,Grąbkowo,village,430,54.45141,17.46521,pomorskie
31568429,Gostkowo,village,304,54.22456,17.47661,pomorskie
31568433,Gorzyno,village,332,54.55564,17.49541,pomorskie
31568434,Gogolewo,village,300,54.37399,17.39181,pomorskie
31568438,Główczyce,village,1950,54.61980,17.37329,pomorskie
31568443,Gałąźnia Wielka,village,368,54.30059,17.31445,pomorskie
31568455,Damno,village,632,54.52983,17.31460,pomorskie
31568456,Damnica,village,1240,54.49996,17.27162,pomorskie
31568465,Cecenowo,village,426,54.64046,17.54238,pomorskie
31568466,Budowo,village,829,54.32095,17.38905,pomorskie
31568467,Borzytuchom,village,902,54.20028,17.36823,pomorskie
31568469,Borowy Młyn,village,621,53.96823,17.31524,pomorskie
31568833,Wichrowiec,village,360,53.35764,20.69615,warmińsko-mazurskie
31569001,Złotoria,village,1000,53.17757,22.93424,podlaskie
31569048,Zielona,village,1523,53.05610,23.83707,podlaskie
31569084,Zgniłocha,village,330,53.56281,20.56276,warmińsko-mazurskie
31569162,Żelazna Rządowa,village,464,53.23029,21.13759,mazowieckie
31569309,Zbrzeźnica,village,330,53.02420,22.16640,podlaskie
31569311,Zbójna,village,1100,53.24384,21.77728,podlaskie
31569366,Zawady,village,520,53.27296,21.24447,mazowieckie
31569386,Zawady,village,450,53.15534,22.66666,podlaskie
31569450,Zaskrodzie,village,403,53.39386,22.03540,podlaskie
31569490,Zaręby,village,940,53.30651,21.03306,mazowieckie
31569814,Zabłudów,town,2475,53.01477,23.33795,podlaskie
31569848,Zabiele,village,744,53.38919,21.86415,podlaskie
31569935,Wysoka,village,380,53.23427,20.10077,warmińsko-mazurskie
31570029,Wygoda,village,611,53.06915,22.15226,podlaskie
31570130,Wolkowe,village,1000,53.41643,21.39060,mazowieckie
31570336,Wizna,village,1300,53.19438,22.38409,podlaskie
31570441,Wilamowo,village,318,53.48127,21.32935,warmińsko-mazurskie
31570578,Wielbark,town,2996,53.39842,20.94627,warmińsko-mazurskie
31570602,Więckowo,village,310,53.37596,20.58842,warmińsko-mazurskie
31570650,Wejdo,village,434,53.40444,21.55853,mazowieckie
31570758,Wasilków,town,12147,53.19868,23.20568,podlaskie
31570801,Wały,village,424,53.50219,21.11405,warmińsko-mazurskie
31570812,Uzdowo,village,770,53.34743,20.10237,warmińsko-mazurskie
31570829,Uhowo,village,1500,53.00332,22.90830,podlaskie
31570835,Tykocin,town,1917,53.20765,22.77302,podlaskie
31570838,Turza Wielka,village,696,53.30806,20.08800,warmińsko-mazurskie
31570841,Turowo,village,300,53.52988,21.90061,warmińsko-mazurskie
31570845,Turośń Kościelna,village,819,53.01517,23.05468,podlaskie
31570846,Turośń Dolna,village,360,53.01965,23.00331,podlaskie
31570848,Turośl,village,684,53.38911,21.72503,podlaskie
31570849,Tułodziad,village,400,53.50491,20.00353,warmińsko-mazurskie
31570855,Trzcianne,village,610,53.34411,22.68104,podlaskie
31570860,Trypucie,village,300,53.06899,23.02575,podlaskie
31570866,Troszyn,village,1021,53.03097,21.73249,mazowieckie
31570904,Szymany,village,550,53.48385,20.96260,warmińsko-mazurskie
31570910,Szyldak,village,610,53.62023,20.06443,warmińsko-mazurskie
31570911,Szydłowo,village,731,53.08089,20.44702,mazowieckie
31570916,Szudziałowo,village,650,53.29950,23.65487,podlaskie
31570919,Szreńsk,village,1200,53.01147,20.12223,mazowieckie
31570927,Szla,village,343,53.08813,20.96840,mazowieckie
31570930,Szkotowo,village,540,53.40231,20.28085,warmińsko-mazurskie
31570998,Szczytno,town,22389,53.56549,20.99159,warmińsko-mazurskie
31571098,Szczepankowo,village,310,53.56302,20.02608,warmińsko-mazurskie
31571102,Szczepankowo,village,460,53.12042,21.94986,podlaskie
31571124,Szafranki,village,433,53.28549,21.55171,mazowieckie
31571161,Sypniewo,village,615,53.00525,21.30645,mazowieckie
31571305,Supraśl,town,4427,53.21004,23.33607,podlaskie
31571332,Suchowola,town,2113,53.57856,23.10582,podlaskie
31571370,Studzianki,village,900,53.23696,23.28257,podlaskie
31571515,Stębark,village,630,53.49537,20.13355,warmińsko-mazurskie
31571553,Stawiski,town,2095,53.37984,22.15489,podlaskie
31571599,Spychowo,village,1100,53.60227,21.34616,warmińsko-mazurskie
31571660,Sokółka,town,17616,53.40492,23.49956,podlaskie
31571672,Sobolewo,village,1000,53.11129,23.27437,podlaskie
31571701,Śniadowo,village,1500,53.03862,21.99028,podlaskie
31571793,Słucz,village,580,53.42519,22.34257,podlaskie
31571871,Sławkowo,village,444,53.35866,20.16098,warmińsko-mazurskie
31571873,Sławka Mała,village,300,53.34068,20.30042,warmińsko-mazurskie
31571912,Sidra,village,730,53.55277,23.45053,podlaskie
31571971,Sarnowo,village,420,53.26781,20.27043,warmińsko-mazurskie
31571977,Samin,village,620,53.47422,20.05420,warmińsko-mazurskie
31572005,Rycice,village,340,53.21076,20.88073,mazowieckie
31572008,Rychnowo,village,430,53.58665,20.08630,warmińsko-mazurskie
31572067,Ruszkowo,village,765,53.38776,20.11953,warmińsko-mazurskie
31572073,Rumoka,village,380,53.07371,20.20596,mazowieckie
31572079,Rudka,village,1111,53.52938,21.04204,warmińsko-mazurskie
31572090,Różanystok,village,510,53.63551,23.40525,podlaskie
31572105,Rogóż,village,370,53.36051,20.25561,warmińsko-mazurskie
31572110,Rogienice Wielkie,village,447,53.27726,22.07618,podlaskie
31572160,Radziłów,village,1400,53.40978,22.40939,podlaskie
31572259,Pupkowizna,village,392,53.38846,21.63048,mazowieckie
31572334,Przytulanka,village,380,53.37900,22.85237,podlaskie
31572357,Przykop,village,370,53.62780,20.60331,warmińsko-mazurskie
31572497,Poryte,village,438,53.35991,22.07132,podlaskie
31572506,Porosły,village,1500,53.14624,23.05316,podlaskie
31572808,Pniewo,village,750,53.10404,22.20253,podlaskie
31572844,Płośnica,village,990,53.27457,20.01022,warmińsko-mazurskie
31572956,Pisz,town,18245,53.62906,21.80825,warmińsko-mazurskie
31573249,Piątnica Poduchowna,village,1772,53.19904,22.09555,podlaskie
31573256,Piątkowizna,village,412,53.43739,21.58621,mazowieckie
31573302,Piasutno,village,362,53.59977,21.20958,warmińsko-mazurskie
31573328,Petrykozy,village,312,53.15868,20.13768,warmińsko-mazurskie
31573381,Pełty,village,500,53.40952,21.24370,mazowieckie
31573673,Ostrowite,village,330,53.44475,20.09659,warmińsko-mazurskie
31573721,Ostrołęka,city,48229,53.08431,21.56686,mazowieckie
31573791,Olsztynek,town,7343,53.58342,20.28162,warmińsko-mazurskie
31573793,Olszewo-Borki,village,820,53.06794,21.52262,mazowieckie
31573805,Olmonty,village,654,53.08359,23.16264,podlaskie
31573822,Ogrodniczki,village,694,53.18584,23.26418,podlaskie
31573866,Nowy Dwór,village,830,53.63156,23.54181,podlaskie
31573871,Nowogród,town,2134,53.22808,21.87979,podlaskie
31573873,Nowodworce,village,717,53.19106,23.23874,podlaskie
31573874,Nowe Aleksandrowo,village,584,53.18914,23.06772,podlaskie
31573928,Nowa Wieś,village,350,53.38817,20.00381,warmińsko-mazurskie
31573929,Nowa Wieś,village,575,53.32301,22.66995,podlaskie
31573934,Nowa Wieś,village,300,53.13809,20.06228,mazowieckie
31573962,Nowa Wieś,village,550,53.08549,21.41259,mazowieckie
31573963,Nowa Ruda,village,483,53.41770,21.71772,podlaskie
31573967,Nowa Kaletka,village,400,53.58235,20.55022,warmińsko-mazurskie
31573984,Niewodnica Kościelna,village,1045,53.08361,23.04638,podlaskie
31573985,Niewodnica Korycka,village,645,53.06952,23.07865,podlaskie
31574032,Niegocin,village,370,53.06872,20.16651,mazowieckie
31574190,Nidzica,town,13052,53.36138,20.42757,warmińsko-mazurskie
31574203,Narzym,village,1700,53.18570,20.25646,warmińsko-mazurskie
31574234,Napiwoda,village,792,53.40705,20.48496,warmińsko-mazurskie
31574277,Myszyniec,town,3270,53.38320,21.34207,mazowieckie
31574279,Muszaki,village,520,53.37823,20.60846,warmińsko-mazurskie
31574303,Mońki,town,9675,53.40657,22.79838,podlaskie
31574380,Mława,town,30919,53.11162,20.38317,mazowieckie
31574505,Mikicin,village,610,53.51101,22.99526,podlaskie
31574517,Mierki,village,350,53.58521,20.32436,warmińsko-mazurskie
31574622,Michałowo,town,2821,53.03289,23.60669,podlaskie
31574629,Miastkowo,village,1000,53.15235,21.82601,podlaskie
31574636,Mchowo,village,431,53.06845,20.86188,mazowieckie
31574642,Mątwica,village,532,53.21628,21.92391,podlaskie
31574675,Mamino,village,395,53.04698,21.31417,mazowieckie
31574677,Mały Płock,village,1051,53.30877,22.02575,podlaskie
31574768,Łyse,village,2552,53.36506,21.56127,mazowieckie
31574771,Łyna,village,440,53.43923,20.40823,warmińsko-mazurskie
31574777,Łupianka Stara,village,406,53.03813,22.84758,podlaskie
31574827,Stara Łomża przy Szosie,village,460,53.15115,22.10798,podlaskie
31574828,Łomża,city,60848,53.17507,22.07276,podlaskie
31574852,Łodwigowo,village,420,53.46961,20.11929,warmińsko-mazurskie
31574869,Lipowiec Kościelny,village,804,53.10461,20.17651,mazowieckie
31574870,Lipowiec,village,863,53.46316,21.13690,warmińsko-mazurskie
31574875,Lipniki,village,1074,53.32169,21.52361,mazowieckie
31574894,Lipa,village,523,53.08278,21.02814,mazowieckie
31574937,Lemany,village,411,53.58031,21.02260,warmińsko-mazurskie
31574998,Ławsk,village,760,53.47508,22.28798,podlaskie
31575016,Laskowiec,village,1266,53.11785,21.66570,mazowieckie
31575046,Łączki,village,509,53.46966,21.56519,mazowieckie
31575047,Lachowo,village,506,53.47107,22.01834,podlaskie
31575050,Łacha,village,541,53.46363,21.75000,podlaskie
31575088,Kurki,village,389,53.20593,20.18270,warmińsko-mazurskie
31575089,Kuriany,village,600,53.08259,23.25734,podlaskie
31575130,Kumielsk,village,330,53.55981,21.98969,warmińsko-mazurskie
31575155,Kulesze,village,300,53.41046,22.67016,podlaskie
31575179,Księżyno,village,660,53.08205,23.10092,podlaskie
31575193,Ksebki,village,538,53.43994,21.62155,podlaskie
31575206,Krzynowłoga Mała,village,520,53.15520,20.78811,mazowieckie
31575223,Krynki,town,2217,53.26444,23.77262,podlaskie
31575224,Krynice,village,320,53.22528,23.03174,podlaskie
31575232,Łubnice-Krusze,village,1000,53.04618,22.29974,podlaskie
31575244,Krusza,village,367,53.37089,21.68685,podlaskie
31575287,Krasnosielc,village,1300,53.03358,21.15753,mazowieckie
31575288,Krasnołąka,village,320,53.28962,20.23263,warmińsko-mazurskie
31575325,Kozłowo,village,3000,53.30718,20.29313,warmińsko-mazurskie
31575434,Korzeniste,village,431,53.34443,22.01371,podlaskie
31575455,Korycin,village,530,53.44458,23.09086,podlaskie
31575476,Korpele,village,512,53.56803,20.96324,warmińsko-mazurskie
31575679,Konarzyce,village,1314,53.13229,22.04104,podlaskie
31576018,Kolonia,village,737,53.57053,21.26580,warmińsko-mazurskie
31576064,Kolno,town,9805,53.41094,21.93124,podlaskie
31576295,Knyszyn,town,2688,53.31224,22.92004,podlaskie
31576408,Klon,village,480,53.46847,21.27465,warmińsko-mazurskie
31576419,Klepacze,village,3000,53.10769,23.07435,podlaskie
31576430,Kisiny,village,593,53.22399,20.21094,warmińsko-mazurskie
31576452,Kęczewo,village,400,53.13011,20.16466,mazowieckie
31576454,Kąty,village,698,53.30872,21.93644,podlaskie
31576490,Karakule,village,541,53.17423,23.26109,podlaskie
31576497,Stara Kamionka,village,583,53.36325,23.55605,podlaskie
31576501,Kamionka,village,323,53.43260,23.03887,podlaskie
31576522,Kadzidło,village,4150,53.23458,21.46427,mazowieckie
31576530,Jurowce,village,500,53.19824,23.15634,podlaskie
31576542,Jeziorko,village,625,53.21618,22.15807,podlaskie
31576545,Jeże,village,330,53.48916,21.87407,warmińsko-mazurskie
31576548,Jeruty,village,302,53.54197,21.16672,warmińsko-mazurskie
31576555,Jemiołowo,village,328,53.56204,20.29922,warmińsko-mazurskie
31576561,Jedwabno,village,1125,53.52980,20.72683,warmińsko-mazurskie
31576562,Jedwabne,town,1701,53.28673,22.30214,podlaskie
31576563,Jednorożec,village,1800,53.14046,21.05057,mazowieckie
31576570,Jaświły,village,580,53.47964,22.94855,podlaskie
31576573,Jastrząbka,village,370,53.13400,21.24303,mazowieckie
31576588,Jasionówka,village,860,53.39535,23.03798,podlaskie
31576595,Janowo,village,500,53.35175,21.91922,podlaskie
31576596,Janowo,village,1000,53.31562,20.67352,warmińsko-mazurskie
31576601,Janowiec Kościelny,village,360,53.29012,20.52268,warmińsko-mazurskie
31576604,Janów,village,712,53.46746,23.22869,podlaskie
31576672,Jagarzewo,village,560,53.36343,20.63717,warmińsko-mazurskie
31576680,Izbiszcze,village,420,53.08503,22.87106,podlaskie
31576815,Grzybiny,village,427,53.37680,20.05773,warmińsko-mazurskie
31576821,Gryźliny,village,1000,53.61838,20.33875,warmińsko-mazurskie
31576824,Grunwald,village,350,53.48527,20.09153,warmińsko-mazurskie
31576825,Grudusk,village,1500,53.06164,20.62565,mazowieckie
31576826,Gródek,village,2599,53.09524,23.66779,podlaskie
31576867,Grom,village,532,53.61379,20.85797,warmińsko-mazurskie
31576925,Gródki,village,860,53.23132,20.03499,warmińsko-mazurskie
31577051,Grabówka,village,4403,53.12777,23.25788,podlaskie
31577128,Goniądz,town,1785,53.48922,22.73237,podlaskie
31577188,Gniła,village,490,53.21729,22.98698,podlaskie
31577223,Gawrzyjałki,village,303,53.50565,21.16953,warmińsko-mazurskie
31577233,Gardyny,village,420,53.42494,20.18378,warmińsko-mazurskie
31577244,Gać,village,986,53.08000,22.24525,podlaskie
31577259,Frygnowo,village,1000,53.50513,20.08127,warmińsko-mazurskie
31577324,Dzierzgowo,village,660,53.15508,20.66396,mazowieckie
31577339,Dzierzbia,village,373,53.37535,22.08177,podlaskie
31577347,Działdowo,town,20670,53.23465,20.18178,warmińsko-mazurskie
31577371,Dzbenin,village,1329,53.04751,21.54517,mazowieckie
31577387,Dylewo,village,1348,53.18963,21.45262,mazowieckie
31577420,Drozdowo,village,690,53.15342,22.17162,podlaskie
31577426,Drążdżewo,village,538,53.09001,21.12435,mazowieckie
31577436,Domkowo,village,370,53.58162,20.05074,warmińsko-mazurskie
31577444,Dobrzyniewo Duże,village,1200,53.20190,23.01197,podlaskie
31577458,Długołęka,village,840,53.27887,22.81146,podlaskie
31577467,Dęby,village,338,53.37326,21.48334,mazowieckie
31577485,Dąbrowy,village,1300,53.44029,21.37142,warmińsko-mazurskie
31577486,Dąbrówno,village,1400,53.43301,20.03608,warmińsko-mazurskie
31577488,Dąbrówka,village,410,53.21096,21.65010,mazowieckie
31577508,Czerwone,village,899,53.42406,21.89069,podlaskie
31577525,Czernice Borowe,village,480,53.03152,20.71764,mazowieckie
31577633,Czarna Wieś Kościelna,village,630,53.30006,23.23722,podlaskie
31577634,Czarna Białostocka,town,8943,53.29828,23.28510,podlaskie
31577684,Cierpięta,village,600,53.18333,21.18333,mazowieckie
31577688,Cieloszka,village,418,53.38997,21.69667,podlaskie
31577713,Chraboły,village,753,53.27321,22.98282,podlaskie
31577714,Chorzele,town,2990,53.26105,20.89786,mazowieckie
31577715,Choroszcz,town,5961,53.14393,22.98846,podlaskie
31577762,Butryny,village,580,53.60577,20.58289,warmińsko-mazurskie
31577766,Burkat,village,440,53.27347,20.14558,warmińsko-mazurskie
31577786,Budy Czarnockie,village,320,53.22893,22.11191,podlaskie
31577947,Brończany,village,360,53.05113,23.10973,podlaskie
31577951,Brodowo,village,340,53.21323,20.27028,warmińsko-mazurskie
31577966,Borkowo,village,715,53.36759,21.97050,podlaskie
31578068,Białuty,village,600,53.21386,20.39919,warmińsko-mazurskie
31578069,Białusny Lasek,village,347,53.35776,21.30511,mazowieckie
31578070,Białousy,village,300,53.41420,23.22260,podlaskie
31578082,Biała Piska,town,3818,53.61136,22.05814,warmińsko-mazurskie
31578090,Bartoszki,village,330,53.37759,20.49766,warmińsko-mazurskie
31578091,Bartniki,village,433,53.04622,20.92273,mazowieckie
31578099,Baranowo,village,1250,53.17524,21.29524,mazowieckie
31578101,Bandysie,village,430,53.30330,21.21611,mazowieckie
31578175,Kosowizna,village,302,53.28235,18.43707,kujawsko-pomorskie
31578212,Żuromin,town,8592,53.06717,19.90784,mazowieckie
31578362,Żołędowo,village,1255,53.21750,18.05678,kujawsko-pomorskie
31578401,Żmijewo,village,590,53.30352,19.39752,kujawsko-pomorskie
31578414,Złotowo,village,530,53.51682,19.81040,warmińsko-mazurskie
31578422,Złotów,town,18768,53.36319,17.03469,wielkopolskie
31578436,Zławieś Wielka,village,894,53.09696,18.32805,kujawsko-pomorskie
31578440,Zieluń,village,800,53.17675,19.85298,mazowieckie
31578441,Zielonka,village,330,53.58247,18.12951,kujawsko-pomorskie
31578462,Zielonka,village,2275,53.05770,17.96136,kujawsko-pomorskie
31578513,Żeńsko,village,300,53.10746,15.44907,zachodniopomorskie
31578514,Zembrze,village,380,53.29588,19.66364,kujawsko-pomorskie
31578525,Zębowo,village,631,53.00831,18.92354,kujawsko-pomorskie
31578529,Zdrojewo,village,380,53.62076,18.67505,kujawsko-pomorskie
31578531,Zdroje,village,300,53.59649,18.17091,kujawsko-pomorskie
31578534,Zdbowo,village,300,53.21864,16.20983,zachodniopomorskie
31578537,Zboże,village,320,53.39184,17.52285,kujawsko-pomorskie
31578538,Zbiczno,village,850,53.33949,19.37775,kujawsko-pomorskie
31578599,Żarowo,village,888,53.38411,14.99204,zachodniopomorskie
31578604,Zarośle Cienkie,village,303,53.09242,18.41073,kujawsko-pomorskie
31578608,Zarośle,village,373,53.57092,18.89069,kujawsko-pomorskie
31578639,Zamek Bierzgłowski,village,490,53.10645,18.46141,kujawsko-pomorskie
31578647,Zamarte,village,670,53.60054,17.48255,kujawsko-pomorskie
31578660,Żalno,village,851,53.61477,17.76802,kujawsko-pomorskie
31578669,Zalesie Królewskie,village,500,53.45263,18.09729,kujawsko-pomorskie
31578722,Zakrzewo,village,1620,53.41289,17.14530,wielkopolskie
31578775,Zacharzyn,village,704,53.02321,17.00417,wielkopolskie
31578789,Żabów,village,1199,53.18612,14.83936,zachodniopomorskie
31578805,Żabnica,village,420,53.28992,14.49997,zachodniopomorskie
31578813,Żabiny,village,684,53.34338,19.98912,warmińsko-mazurskie
31578817,Żabinek,village,310,53.43903,16.07419,zachodniopomorskie
31578834,Żabin,village,720,53.43353,16.08782,zachodniopomorskie
31578847,Występ,village,1900,53.12531,17.64635,kujawsko-pomorskie
31578860,Wysoka,village,300,53.54162,18.10106,kujawsko-pomorskie
31578872,Wysoka,town,2577,53.18293,17.07971,wielkopolskie
31578888,Wyrzysk,town,5085,53.15698,17.26270,wielkopolskie
31578920,Wygon,village,300,53.08732,15.78212,zachodniopomorskie
31578945,Wudzyn,village,893,53.32235,18.07938,kujawsko-pomorskie
31578949,Wtelno,village,860,53.23944,17.89913,kujawsko-pomorskie
31579013,Wojnowo,village,820,53.20964,17.83790,kujawsko-pomorskie
31579050,Włościbórz,village,380,53.47702,17.63257,kujawsko-pomorskie
31579053,Wlewsk,village,360,53.27146,19.76906,warmińsko-mazurskie
31579054,Witunia,village,700,53.35566,17.46723,kujawsko-pomorskie
31579055,Witrogoszcz,village,530,53.30798,17.30561,wielkopolskie
31579057,Witosław,village,700,53.24159,17.48049,kujawsko-pomorskie
31579061,Witankowo,village,420,53.24823,16.57957,zachodniopomorskie
31579079,Wilcze Laski,village,300,53.60959,16.72445,zachodniopomorskie
31579082,Wiktorówko,village,890,53.26953,17.20768,wielkopolskie
31579083,Wikielec,village,577,53.57869,19.51721,warmińsko-mazurskie
31579090,Wierzchowo,village,331,53.60620,17.42223,pomorskie
31579095,Wierzbno,village,400,53.23383,14.91288,zachodniopomorskie
31579104,Wierzbica,village,360,53.47962,19.98143,warmińsko-mazurskie
31579109,Wielki Lubień,village,400,53.52240,18.73898,kujawsko-pomorskie
31579161,Wielka Klonia,village,470,53.48034,17.74643,kujawsko-pomorskie
31579182,Wielgie,village,478,52.99487,19.09918,kujawsko-pomorskie
31579192,Wiele,village,370,53.28089,17.56068,kujawsko-pomorskie
31579222,Widuchowa,village,1354,53.12714,14.39286,zachodniopomorskie
31579244,Wiąg,village,520,53.43184,18.52009,kujawsko-pomorskie
31579465,Wąwelno,village,570,53.32021,17.66670,kujawsko-pomorskie
31579546,Warzymice,village,2400,53.38765,14.47205,zachodniopomorskie
31579591,Warnice,village,725,53.25116,14.98744,zachodniopomorskie
31579597,Warlubie,village,2043,53.58764,18.62748,kujawsko-pomorskie
31579623,Wąpiersk,village,680,53.31121,19.86299,warmińsko-mazurskie
31579644,Wałkowiska,village,375,53.56699,18.35139,kujawsko-pomorskie
31579691,Wałdowo,village,640,53.47539,17.68728,kujawsko-pomorskie
31579732,Wałcz,town,24167,53.26975,16.46707,zachodniopomorskie
31579742,Wąbrzeźno,town,13317,53.27997,18.94729,kujawsko-pomorskie
31579755,Unisław,village,3573,53.21347,18.38521,kujawsko-pomorskie
31579762,Uniemyśl,village,315,53.62647,14.50417,zachodniopomorskie
31579764,Uniechów,village,311,53.59745,17.13202,pomorskie
31579765,Ulikowo,village,460,53.34927,15.13715,zachodniopomorskie
31579768,Ugoszcz,village,600,53.04156,19.23019,kujawsko-pomorskie
31579774,Tychowo,village,448,53.30339,15.11773,zachodniopomorskie
31579795,Tuszewo,village,630,53.47196,19.76526,warmińsko-mazurskie
31579804,Turzno,village,960,53.10569,18.73587,kujawsko-pomorskie
31579829,Tuczno,town,1838,53.19442,16.15482,zachodniopomorskie
31579901,Trzeciewnica,village,710,53.15817,17.63551,kujawsko-pomorskie
31579914,Trzeciewiec,village,520,53.26293,18.19037,kujawsko-pomorskie
31579988,Trzebiatów,village,303,53.31928,15.17977,zachodniopomorskie
31580098,Trzciany,village,300,53.48227,17.58157,kujawsko-pomorskie
31580123,Trzcianka,town,20000,53.04176,16.46148,wielkopolskie
31580154,Tryl,village,430,53.60153,18.73827,kujawsko-pomorskie
31580300,Tereszewo,village,783,53.38515,19.46725,warmińsko-mazurskie
31580363,Tarnówka,village,1300,53.34171,16.84779,wielkopolskie
31580385,Tanowo,village,1984,53.54084,14.46707,zachodniopomorskie
31580412,Szynwałd,village,410,53.58228,19.10119,kujawsko-pomorskie
31580447,Szwecja,village,800,53.34751,16.57085,zachodniopomorskie
31580465,Szubin,town,9563,53.01175,17.74394,kujawsko-pomorskie
31580519,Szembekowo,village,846,53.04381,18.84337,kujawsko-pomorskie
31580525,Szczutowo,village,430,53.20560,19.57429,kujawsko-pomorskie
31580602,Szamocin,town,4007,53.02900,17.12172,wielkopolskie
31580605,Szadzko,village,405,53.34114,15.39628,zachodniopomorskie
31580606,Szabda,village,7000,53.25062,19.34413,kujawsko-pomorskie
31580608,Sypniewo,village,1300,53.37090,17.32496,kujawsko-pomorskie
31580641,Swobnica,village,700,53.03894,14.62399,zachodniopomorskie
31580672,Święta,village,886,53.33472,17.08344,wielkopolskie
31580677,Świerkocin,village,500,53.52265,18.81013,kujawsko-pomorskie
31580709,Świerczyna,village,850,53.44258,16.26963,zachodniopomorskie
31580717,Świekatowo,village,1200,53.41913,18.09108,kujawsko-pomorskie
31580747,Świecie,town,24796,53.40725,18.44553,kujawsko-pomorskie
31580757,Sumowo,village,330,53.32671,19.31530,kujawsko-pomorskie
31580922,Borne Sulinowo,town,5032,53.58129,16.53812,zachodniopomorskie
31581007,Suchary,village,340,53.18851,17.64919,kujawsko-pomorskie
31581058,Strzygi,village,560,53.12280,19.38224,kujawsko-pomorskie
31581091,Strzelce,village,791,53.01724,16.96192,wielkopolskie
31581138,Stronno,village,887,53.29132,18.06688,kujawsko-pomorskie
31581188,Strachocin,village,483,53.32332,15.08532,zachodniopomorskie
31581216,Storkówko,village,340,53.42118,15.05444,zachodniopomorskie
31581231,Stolno,village,830,53.32184,18.50495,kujawsko-pomorskie
31581247,Stobno,village,450,53.41394,14.42883,zachodniopomorskie
31581259,Stobno,village,850,53.09125,16.63126,wielkopolskie
31581337,Stawnica,village,590,53.40514,17.06769,wielkopolskie
31581404,Starzyce,village,337,53.43758,15.35725,zachodniopomorskie
31581438,Stary Toruń,village,1525,53.03223,18.47009,kujawsko-pomorskie
31581524,Starogród,village,520,53.31077,18.37703,kujawsko-pomorskie
31581643,Stare Gronowo,village,691,53.53989,17.38333,pomorskie
31581697,Stare Czarnowo,village,520,53.28195,14.78076,zachodniopomorskie
31581732,Stare Błonowo,village,300,53.54663,19.06986,kujawsko-pomorskie
31581759,Stara Wiśniewka,village,567,53.44722,17.09277,wielkopolskie
31581792,Stara Łubianka,village,1300,53.23125,16.68135,wielkopolskie
31581823,Stara Dąbrowa,village,618,53.42109,15.14338,zachodniopomorskie
31581916,Stablewice,village,325,53.22367,18.42188,kujawsko-pomorskie
31581989,Sowno,village,565,53.42744,14.90166,zachodniopomorskie
31582059,Sośno,village,980,53.38944,17.68698,kujawsko-pomorskie
31582108,Solec Kujawski,town,15458,53.07920,18.22461,kujawsko-pomorskie
31582338,Śmiłowo,village,1145,53.13631,16.92243,wielkopolskie
31582395,Śmiardowo Krajeńskie,village,470,53.24724,17.01644,wielkopolskie
31582532,Słup,village,390,53.29576,19.76290,warmińsko-mazurskie
31582575,Ślesin,village,1500,53.16356,17.70269,kujawsko-pomorskie
31582590,Sławianowo,village,410,53.26667,17.15000,wielkopolskie
31582595,Sławęcin,village,519,53.60213,17.61502,pomorskie
31582626,Skrzatusz,village,580,53.20318,16.58142,wielkopolskie
31582630,Skrwilno,village,1616,53.01669,19.62480,kujawsko-pomorskie
31582638,Skórka,village,530,53.22516,16.87233,wielkopolskie
31582655,Skłudzewo,village,307,53.12809,18.32910,kujawsko-pomorskie
31582660,Skic,village,500,53.31399,17.17137,wielkopolskie
31582685,Skalin,village,514,53.31328,14.93957,zachodniopomorskie
31582712,Sipiory,village,385,53.07323,17.50817,kujawsko-pomorskie
31582722,Silnowo,village,300,53.62835,16.49384,zachodniopomorskie
31582793,Siemoń,village,705,53.16456,18.39995,kujawsko-pomorskie
31582854,Sicienko,village,800,53.20387,17.80051,kujawsko-pomorskie
31582864,Serock,village,1346,53.35636,18.08161,kujawsko-pomorskie
31582868,Sępólno Krajeńskie,town,8914,53.45474,17.53484,kujawsko-pomorskie
31582889,Ścienne,village,305,53.45851,15.46617,zachodniopomorskie
31582934,Samostrzel,village,552,53.14198,17.44165,kujawsko-pomorskie
31582954,Samoklęski Duże,village,493,53.07653,17.69422,kujawsko-pomorskie
31582961,Samociążek,village,556,53.27373,17.96212,kujawsko-pomorskie
31582975,Samborsko,village,480,53.41862,16.71802,wielkopolskie
31582989,Sądów,village,588,53.15888,15.28085,zachodniopomorskie
31583006,Sadki,village,2000,53.15924,17.44917,kujawsko-pomorskie
31583045,Rzeplino,village,661,53.25629,15.19108,zachodniopomorskie
31583047,Rzęczkowo,village,708,53.12946,18.36368,kujawsko-pomorskie
31583063,Rzadkowo,village,470,53.09177,16.93182,wielkopolskie
31583089,Rypin,town,15832,53.06728,19.40603,kujawsko-pomorskie
31583114,Rynarzewo,village,1479,53.06391,17.81685,kujawsko-pomorskie
31583137,Rybno,village,2558,53.38346,19.92917,warmińsko-mazurskie
31583170,Runowo Pomorskie,village,503,53.55000,15.53333,zachodniopomorskie
31583184,Runowo Krajeńskie,village,800,53.32701,17.45256,kujawsko-pomorskie
31583214,Rumienica,village,420,53.45089,19.90160,warmińsko-mazurskie
31583373,Rozgarty,village,1122,53.03819,18.48260,kujawsko-pomorskie
31583378,Różewo,village,950,53.20067,16.49606,zachodniopomorskie
31583384,Rożental,village,850,53.56753,19.76935,warmińsko-mazurskie
31583389,Róża Wielka,village,550,53.14202,16.47909,wielkopolskie
31583430,Rogóźno-Zamek,village,443,53.52089,18.95874,kujawsko-pomorskie
31583451,Rogowo,village,371,53.07958,18.73873,kujawsko-pomorskie
31583461,Rogówko,village,622,53.07156,18.76044,kujawsko-pomorskie
31583469,Rogalin,village,940,53.36725,17.62907,kujawsko-pomorskie
31583495,Reptowo,village,895,53.36542,14.86193,zachodniopomorskie
31583522,Recz,town,2760,53.26015,15.54676,zachodniopomorskie
31583560,Radziszewo,village,480,53.32486,14.54072,zachodniopomorskie
31583599,Radoszki,village,800,53.25721,19.63802,kujawsko-pomorskie
31583607,Radomno,village,520,53.51304,19.56869,warmińsko-mazurskie
31583621,Radomek,village,400,53.55783,19.51902,warmińsko-mazurskie
31583638,Radawnica,village,630,53.44484,16.98538,wielkopolskie
31583670,Pyrzyce,town,11937,53.14611,14.89245,zachodniopomorskie
31583685,Pucice,village,490,53.45091,14.74369,zachodniopomorskie
31583711,Przywodzie,village,440,53.12960,15.15791,zachodniopomorskie
31583769,Przyłęki,village,600,53.03753,17.96713,kujawsko-pomorskie
31583795,Przęsocin,village,346,53.51463,14.56561,zachodniopomorskie
31583821,Przelewice,village,770,53.10440,15.07637,zachodniopomorskie
31583833,Przecław,village,3700,53.37685,14.47239,zachodniopomorskie
31583842,Pruszcz,village,870,53.44904,17.82941,kujawsko-pomorskie
31583868,Prątnica,village,700,53.47653,19.81174,warmińsko-mazurskie
31583975,Potulice,village,1700,53.12422,17.69026,kujawsko-pomorskie
31583980,Poniatowo,village,800,53.04333,19.86755,mazowieckie
31584057,Pokrzydowo,village,950,53.32821,19.48059,kujawsko-pomorskie
31584081,Podróżna,village,470,53.24198,17.05688,wielkopolskie
31584123,Podgaje,village,370,53.47515,16.87958,wielkopolskie
31584134,Podańsko,village,448,53.53410,14.88420,zachodniopomorskie
31584159,Pniewo,village,350,53.46342,16.74806,wielkopolskie
31584256,Płociczno,village,330,53.27523,16.12292,zachodniopomorskie
31584287,Płocicz,village,810,53.50028,17.50577,kujawsko-pomorskie
31584450,Piwnice,village,300,53.08984,18.55801,kujawsko-pomorskie
31584495,Pińsko,village,316,53.01757,17.66409,kujawsko-pomorskie
31584504,Pilchowo,village,1284,53.49837,14.47949,zachodniopomorskie
31584523,Pigża,village,966,53.11666,18.52720,kujawsko-pomorskie
31584576,Piastoszyn,village,560,53.62831,17.73577,kujawsko-pomorskie
31584605,Pęzino,village,992,53.34001,15.19135,zachodniopomorskie
31584616,Pęperzyn,village,740,53.30416,17.54658,kujawsko-pomorskie
31584625,Pełczyce,town,2468,53.04218,15.30591,zachodniopomorskie
31584651,Paterek,village,2300,53.11660,17.60406,kujawsko-pomorskie
31584661,Paruszka,village,330,53.26652,16.90212,wielkopolskie
31584666,Partęczyny,village,370,53.47123,19.21640,kujawsko-pomorskie
31584703,Papowo Toruńskie,village,1519,53.07850,18.65901,kujawsko-pomorskie
31584749,Pacółtowo,village,558,53.42067,19.62099,warmińsko-mazurskie
31584826,Ostrowite,village,526,53.63266,17.67132,pomorskie
31584847,Ostrowite,village,1300,53.06560,19.28715,kujawsko-pomorskie
31584860,Ostrowice,village,540,53.63771,15.97346,zachodniopomorskie
31584881,Ostromecko,village,1056,53.14548,18.21014,kujawsko-pomorskie
31584951,Osina,village,960,53.60526,15.01280,zachodniopomorskie
31584962,Osielsko,village,3723,53.18630,18.07698,kujawsko-pomorskie
31584965,Osiek nad Notecią,village,4000,53.11864,17.28845,wielkopolskie
31584966,Osiek Drawski,village,380,53.47914,16.05194,zachodniopomorskie
31584968,Osiek,village,990,53.16914,19.38942,kujawsko-pomorskie
31584970,Osie,village,2520,53.59835,18.34755,kujawsko-pomorskie
31584983,Orzełek,village,350,53.55499,17.49024,kujawsko-pomorskie
31585023,Omule,village,430,53.49433,19.84268,warmińsko-mazurskie
31585064,Oleszno,village,670,53.47385,15.76455,zachodniopomorskie
31585128,Okrągła Łąka,village,400,53.61688,18.81542,pomorskie
31585160,Okonek,town,3686,53.53476,16.85162,wielkopolskie
31585189,Okalewo,village,900,53.05817,19.61077,kujawsko-pomorskie
31585218,Ogorzeliny,village,779,53.60195,17.55581,pomorskie
31585317,Obkas,village,340,53.57106,17.55157,kujawsko-pomorskie
31585435,Nowiny,village,300,53.37802,16.96332,wielkopolskie
31585441,Nowielin,village,435,53.10810,14.88496,zachodniopomorskie
31585481,Nowe Miasto Lubawskie,town,10492,53.42559,19.59363,warmińsko-mazurskie
31585523,Nowe Czarnowo,village,660,53.19691,14.49256,zachodniopomorskie
31585541,Nowa Wieś Ujska,village,830,53.03375,16.74617,wielkopolskie
31585588,Nowa Wieś,village,559,53.60847,19.60100,warmińsko-mazurskie
31585613,Nowa Wieś,village,1300,53.51269,18.78073,kujawsko-pomorskie
31585700,Nowa Dąbrowa,village,320,53.40999,15.17385,zachodniopomorskie
31585761,Niewieścin,village,460,53.29236,18.22246,kujawsko-pomorskie
31585772,Nietuszkowo,village,353,53.03420,16.82831,wielkopolskie
31585777,Wielka Nieszawka,village,2500,52.99730,18.50746,kujawsko-pomorskie
31585793,Niemcz,village,2082,53.18442,18.03283,kujawsko-pomorskie
31585805,Niekursko,village,387,53.11453,16.39508,wielkopolskie
31585806,Niekłończyca,village,390,53.61712,14.50824,zachodniopomorskie
31585809,Niedźwiedź,village,316,53.36566,14.82138,zachodniopomorskie
31585813,Niechorz,village,350,53.43784,17.60336,kujawsko-pomorskie
31585821,Nawra,village,480,53.19127,18.50005,kujawsko-pomorskie
31585837,Nakło nad Notecią,town,17620,53.13869,17.59989,kujawsko-pomorskie
31585848,Najmowo,village,450,53.31038,19.32678,kujawsko-pomorskie
31585895,Murowaniec,village,962,53.09039,17.85323,kujawsko-pomorskie
31585948,Mroczno,village,1169,53.35290,19.70443,warmińsko-mazurskie
31585959,Mrocza,town,4168,53.24387,17.60689,kujawsko-pomorskie
31586012,Mosty,village,1420,53.54827,14.95540,zachodniopomorskie
31586025,Mosiny,village,418,53.59560,17.33728,pomorskie
31586034,Morzyczyn,village,859,53.35301,14.91925,zachodniopomorskie
31586045,Morzewo,village,620,53.08392,16.89203,wielkopolskie
31586066,Montowo,village,440,53.42332,19.77641,warmińsko-mazurskie
31586083,Mokre,village,930,53.53475,18.81872,kujawsko-pomorskie
31586123,Moczadła,village,370,53.21401,19.40185,kujawsko-pomorskie
31586128,Mochle,village,300,53.20969,17.86297,kujawsko-pomorskie
31586189,Mirosławiec,town,3037,53.34151,16.08815,zachodniopomorskie
31586202,Minikowo,village,366,53.48419,17.93655,kujawsko-pomorskie
31586228,Milcz,village,469,53.04631,16.87374,wielkopolskie
31586303,Mierzynek,village,468,53.03949,18.80768,kujawsko-pomorskie
31586351,Mielęcin,village,462,53.07611,14.90071,zachodniopomorskie
31586367,Miedzno,village,319,53.59629,18.39107,kujawsko-pomorskie
31586431,Mały Mędromierz,village,480,53.56586,17.81124,kujawsko-pomorskie
31586458,Mątawy,village,389,53.57539,18.74931,kujawsko-pomorskie
31586532,Marianowo,village,910,53.38154,15.26633,zachodniopomorskie
31586564,Marcinkowice,village,650,53.26738,16.18618,zachodniopomorskie
31586594,Mały Łęck,village,438,53.25523,19.97327,warmińsko-mazurskie
31586627,Małszyce,village,399,53.04216,18.90236,kujawsko-pomorskie
31586648,Małkocin,village,547,53.40373,15.02903,zachodniopomorskie
31586707,Zławieś Mała,village,1275,53.10728,18.33972,kujawsko-pomorskie
31586730,Mała Cerkwica,village,430,53.51413,17.57958,kujawsko-pomorskie
31586735,Maksymilianowo,village,1432,53.21285,18.03239,kujawsko-pomorskie
31586746,Mąkowarsko,village,1300,53.40468,17.81106,kujawsko-pomorskie
31586776,Łysomice,village,2435,53.08627,18.62169,kujawsko-pomorskie
31586781,Łyskowo,village,390,53.52927,17.84735,kujawsko-pomorskie
31586792,Lutowo,village,460,53.44767,17.43723,kujawsko-pomorskie
31586813,Lulkowo,village,781,53.09078,18.58548,kujawsko-pomorskie
31586866,Lucim,village,665,53.38471,17.83575,kujawsko-pomorskie
31586871,Luchowo,village,680,53.25983,17.27025,wielkopolskie
31586882,Łubowo,village,1300,53.58650,16.39199,zachodniopomorskie
31586887,Lubowidz,town,1587,53.12167,19.84080,mazowieckie
31586931,Lubiewo,village,1012,53.46633,18.02246,kujawsko-pomorskie
31586958,Lubicz,village,620,53.12401,14.47929,zachodniopomorskie
31586963,Lubicz Górny,village,3579,53.02628,18.76878,kujawsko-pomorskie
31586974,Łubianka,village,953,53.13939,18.47879,kujawsko-pomorskie
31587002,Lubawa,town,10626,53.50515,19.74941,warmińsko-mazurskie
31587007,Lubanowo,village,990,53.13020,14.61264,zachodniopomorskie
31587028,Łowinek,village,571,53.35995,18.12783,kujawsko-pomorskie
31587034,Łowin,village,360,53.34826,18.16610,kujawsko-pomorskie
31587038,Łowicz Wałecki,village,1214,53.33309,16.03289,zachodniopomorskie
31587043,Lotyń,village,1000,53.60294,16.80301,wielkopolskie
31587085,Łomczewo,village,470,53.55509,16.89092,wielkopolskie
31587091,Łodzia,village,310,53.12876,17.47549,kujawsko-pomorskie
31587102,Łochowo,village,2600,53.12277,17.83957,kujawsko-pomorskie
31587113,Łobżenica,town,2853,53.26029,17.25484,wielkopolskie
31587119,Łobez,town,9792,53.63912,15.62135,zachodniopomorskie
31587130,Lniano,village,1200,53.52917,18.22040,kujawsko-pomorskie
31587147,Liszkowo,village,500,53.22962,17.31797,wielkopolskie
31587152,Lisowo,village,346,53.42842,15.30442,zachodniopomorskie
31587209,Lisie Pole,village,600,53.02660,14.44432,zachodniopomorskie
31587239,Lisewo,village,561,53.13469,19.07385,kujawsko-pomorskie
31587299,Lipka,village,2200,53.49578,17.25017,wielkopolskie
31587303,Lipinki,village,500,53.63594,18.48333,kujawsko-pomorskie
31587309,Lipinki,village,760,53.47010,19.31899,warmińsko-mazurskie
31587405,Letnin,village,307,53.11511,14.98150,zachodniopomorskie
31587438,Łęgowo,village,690,53.63563,19.29643,warmińsko-mazurskie
31587486,Łążyn,village,688,53.12403,18.41782,kujawsko-pomorskie
31587497,Łążek,village,382,53.63867,18.22508,kujawsko-pomorskie
31587514,Łaszewo,village,365,53.24844,19.54588,kujawsko-pomorskie
31587553,Łąsko Wielkie,village,420,53.34051,17.82249,kujawsko-pomorskie
31587564,Laskowice,village,2499,53.49060,18.45182,kujawsko-pomorskie
31587581,Łasin,town,3145,53.51965,19.08703,kujawsko-pomorskie
31587586,Laseczno,village,382,53.59482,19.43447,warmińsko-mazurskie
31587613,Łąkorz,village,900,53.44385,19.35345,warmińsko-mazurskie
31587619,Łąkie,village,520,53.50419,17.13035,wielkopolskie
31587665,Kusowo,village,541,53.23745,18.15262,kujawsko-pomorskie
31587670,Kurzętnik,village,3065,53.39878,19.57624,warmińsko-mazurskie
31587678,Kurów,village,330,53.36424,14.50480,zachodniopomorskie
31587724,Kunowo,village,636,53.32828,14.93781,zachodniopomorskie
31587813,Księte,village,400,53.17177,19.58004,kujawsko-pomorskie
31587856,Krzywin,village,730,53.08958,14.45956,zachodniopomorskie
31587872,Krzemlin,village,701,53.07577,14.88027,zachodniopomorskie
31587878,Krzemienna,village,340,53.57325,15.23532,zachodniopomorskie
31587894,Krzęcin,village,1200,53.08109,15.48690,zachodniopomorskie
31587952,Krotoszyny,village,700,53.50672,19.39684,warmińsko-mazurskie
31587953,Krostkowo,village,395,53.11203,17.19867,wielkopolskie
31587975,Kretki Małe,village,365,53.15412,19.44193,kujawsko-pomorskie
31588004,Krępsko,village,350,53.59892,14.74211,zachodniopomorskie
31588032,Krępcewo,village,394,53.26930,15.14570,zachodniopomorskie
31588160,Krąplewice,village,677,53.50178,18.42275,kujawsko-pomorskie
31588192,Krąpiel,village,755,53.29981,15.17901,zachodniopomorskie
31588276,Krajenka,town,3586,53.29709,16.99095,wielkopolskie
31588309,Krągi,village,400,53.60302,16.58056,zachodniopomorskie
31588327,Kraczki,village,348,53.17318,17.36316,kujawsko-pomorskie
31588357,Kozielice,village,578,53.10645,14.82202,zachodniopomorskie
31588404,Kowalewo Pomorskie,town,4109,53.15431,18.89755,kujawsko-pomorskie
31588421,Kotomierz,village,920,53.28527,18.12171,kujawsko-pomorskie
31588440,Koszewo,village,377,53.26877,14.90883,zachodniopomorskie
31588498,Kościerzyn Wielki,village,373,53.21091,17.25901,wielkopolskie
31588512,Korytowo,village,300,53.39401,18.19687,kujawsko-pomorskie
31588523,Koronowo,town,10974,53.31406,17.93698,kujawsko-pomorskie
31588576,Konojady,village,660,53.35051,19.22848,kujawsko-pomorskie
31588609,Komierowo,village,340,53.45176,17.65142,kujawsko-pomorskie
31588680,Brzozówka,village,2561,53.02178,18.79590,kujawsko-pomorskie
31588695,Kołki,village,420,53.14705,15.62648,zachodniopomorskie
31588713,Kołbacz,village,1400,53.30181,14.81451,zachodniopomorskie
31588719,Kołaczkowo,village,1006,53.03186,17.78623,kujawsko-pomorskie
31588748,Kokocko,village,426,53.26230,18.32143,kujawsko-pomorskie
31588764,Kobylanka,village,1513,53.34622,14.86990,zachodniopomorskie
31588832,Klonowo,village,643,53.45119,17.96939,kujawsko-pomorskie
31588843,Kłodzino,village,600,53.10939,15.10661,zachodniopomorskie
31588911,Klępino,village,537,53.36811,15.03103,zachodniopomorskie
31588983,Kisielice,town,2097,53.60761,19.25939,warmińsko-mazurskie
31589003,Kijewo Królewskie,village,683,53.27350,18.44519,kujawsko-pomorskie
31589019,Kiełpiny,village,430,53.34599,19.82239,warmińsko-mazurskie
31589024,Kiełpino,village,1500,53.18983,15.64502,zachodniopomorskie
31589059,Kęsowo,village,790,53.55790,17.71461,kujawsko-pomorskie
31589097,Kazanice,village,720,53.55395,19.72528,warmińsko-mazurskie
31589153,Karsibór,village,930,53.35258,16.39916,zachodniopomorskie
31589187,Karnowo,village,390,53.17020,17.60762,kujawsko-pomorskie
31589198,Karkowo,village,344,53.47548,15.29084,zachodniopomorskie
31589219,Karbowo,village,1000,53.28684,19.41228,kujawsko-pomorskie
31589260,Kania,village,391,53.50422,15.24407,zachodniopomorskie
31589327,Kamień Krajeński,town,2358,53.53332,17.51991,kujawsko-pomorskie
31589335,Kamieniec,village,300,53.30932,14.43754,zachodniopomorskie
31589338,Kamienica,village,640,53.47891,17.81018,kujawsko-pomorskie
31589376,Kałduny,village,400,53.61015,19.65205,warmińsko-mazurskie
31589386,Kaczory,town,2743,53.10209,16.88431,wielkopolskie
31589479,Jeżewo,village,1753,53.51000,18.49358,kujawsko-pomorskie
31589484,Jesionowo,village,504,53.05263,15.10893,zachodniopomorskie
31589536,Jeleń,village,500,53.30050,19.86241,warmińsko-mazurskie
31589554,Jedwabno,village,433,53.05105,18.76916,kujawsko-pomorskie
31589677,Jastrzębie,village,640,53.21529,19.52034,kujawsko-pomorskie
31589689,Jastrowie,town,8344,53.42055,16.81502,wielkopolskie
31589741,Jaraczewo,village,396,53.16660,16.58597,wielkopolskie
31589751,Janowo,village,750,53.14263,19.57892,kujawsko-pomorskie
31589788,Jamielnik,village,1000,53.52680,19.50708,warmińsko-mazurskie
31589794,Jamielnik,village,400,53.24362,19.80747,warmińsko-mazurskie
31589894,Iwiec,village,550,53.54270,18.07075,kujawsko-pomorskie
31589970,Iława,town,32664,53.59761,19.56122,warmińsko-mazurskie
31590023,Gzin,village,450,53.20414,18.31260,kujawsko-pomorskie
31590092,Grzędzice,village,2280,53.37162,14.97138,zachodniopomorskie
31590108,Gryfino,town,20297,53.25359,14.49242,zachodniopomorskie
31590117,Grupa,village,541,53.50424,18.62609,kujawsko-pomorskie
31590125,Gruczno,village,1300,53.34974,18.31244,kujawsko-pomorskie
31590130,Grubno,village,594,53.33304,18.47403,kujawsko-pomorskie
31590158,Gronowo,village,700,53.10280,18.79091,kujawsko-pomorskie
31590192,Grodziczno,village,890,53.41237,19.76773,warmińsko-mazurskie
31590197,Gródek,village,727,53.50160,18.35779,kujawsko-pomorskie
31590207,Grębocin,village,2972,53.05821,18.71684,kujawsko-pomorskie
31590212,Grążawy,village,522,53.25000,19.57232,kujawsko-pomorskie
31590293,Gostkowo,village,538,53.10005,18.68839,kujawsko-pomorskie
31590305,Gościeradz,village,386,53.26090,17.91982,kujawsko-pomorskie
31590318,Górzno,town,1405,53.19808,19.64457,kujawsko-pomorskie
31590322,Górzna,village,600,53.39338,16.92032,wielkopolskie
31590338,Górsk,village,1500,53.05481,18.43725,kujawsko-pomorskie
31590372,Górna Grupa,village,580,53.48483,18.66738,kujawsko-pomorskie
31590378,Gorczenica,village,500,53.20433,19.38041,kujawsko-pomorskie
31590395,Golub-Dobrzyń,town,11722,53.11389,19.05445,kujawsko-pomorskie
31590405,Gołkowo,village,380,53.18477,19.56442,kujawsko-pomorskie
31590537,Głubczyn,village,490,53.24275,16.96770,wielkopolskie
31590542,Głowińsk,village,300,53.05989,19.37353,kujawsko-pomorskie
31590546,Głomsk,village,500,53.43681,17.16210,wielkopolskie
31590562,Glinna,village,340,53.28714,14.72031,zachodniopomorskie
31590602,Glesno,village,600,53.17907,17.30603,wielkopolskie
31590651,Giżynek,village,380,53.04141,19.18908,kujawsko-pomorskie
31590682,Gawroniec,village,530,53.40022,18.26522,kujawsko-pomorskie
31590690,Gardno,village,1100,53.26030,14.61873,zachodniopomorskie
31590706,Gardeja,village,2500,53.61101,18.94734,pomorskie
31590997,Fijewo,village,419,53.49304,19.76887,warmińsko-mazurskie
31591070,Elgnowo,village,440,53.45934,19.95255,warmińsko-mazurskie
31591087,Elgiszewo,village,742,53.06388,18.92588,kujawsko-pomorskie
31591097,Dzwonowo,village,520,53.41531,15.24089,zachodniopomorskie
31591200,Działyń,village,860,53.01537,19.05586,kujawsko-pomorskie
31591219,Duża Cerkwica,village,370,53.53187,17.56408,kujawsko-pomorskie
31591222,Dulsk,village,650,53.06050,19.11411,kujawsko-pomorskie
31591225,Drzycim,village,1200,53.51364,18.31675,kujawsko-pomorskie
31591307,Drożyska Wielkie,village,370,53.39802,17.14854,wielkopolskie
31591311,Drożdzienica,village,380,53.54001,17.64253,kujawsko-pomorskie
31591344,Drawno,town,2187,53.21895,15.75801,zachodniopomorskie
31591376,Domisław,village,387,53.64341,17.03286,pomorskie
31591388,Dołuje,village,1200,53.43592,14.40266,zachodniopomorskie
31591420,Dolice,village,2028,53.19138,15.20096,zachodniopomorskie
31591436,Dolaszewo,village,620,53.16509,16.65322,wielkopolskie
31591458,Dobropole Pyrzyckie,village,486,53.14808,15.23642,zachodniopomorskie
31591472,Dobropole,village,360,53.53043,15.31333,zachodniopomorskie
31591484,Dobrcz,village,1991,53.26533,18.14638,kujawsko-pomorskie
31591536,Długie,village,830,53.11018,19.32528,kujawsko-pomorskie
31591559,Debrzno-Wieś,village,300,53.52466,17.23090,wielkopolskie
31591564,Debrzno,town,5020,53.53861,17.23387,pomorskie
31591569,Dębowo,village,651,53.18537,17.49354,kujawsko-pomorskie
31591611,Dębołęka,village,380,53.38176,16.32466,zachodniopomorskie
31591639,Dębno,village,630,53.23580,17.38252,wielkopolskie
31591644,Dębnica,village,325,53.63491,17.35981,pomorskie
31591650,Dębionek,village,655,53.21343,17.44309,kujawsko-pomorskie
31591660,Dębiny,village,309,53.16389,18.45833,kujawsko-pomorskie
31591680,Dębień,village,316,53.39515,19.90066,warmińsko-mazurskie
31591692,Dębice,village,900,53.53569,15.12024,zachodniopomorskie
31591711,Darż,village,376,53.47638,15.03626,zachodniopomorskie
31591738,Dąbrówka Królewska,village,700,53.49545,18.92417,kujawsko-pomorskie
31591744,Dąbrówka,village,790,53.57738,17.62041,kujawsko-pomorskie
31591779,Dąbrowa Chełmińska,village,2272,53.17608,18.30251,kujawsko-pomorskie
31591862,Człopa,town,2232,53.08846,16.12011,zachodniopomorskie
31591878,Czersk Świecki,village,433,53.55007,18.45202,kujawsko-pomorskie
31591885,Czernice,village,380,53.43333,17.13333,wielkopolskie
31591901,Czepino,village,412,53.28591,14.51694,zachodniopomorskie
31591941,Czarnowo,village,1275,53.10156,18.26021,kujawsko-pomorskie
31591974,Czarne Dolne,village,500,53.61637,19.06888,pomorskie
31591981,Czarne Błoto,village,1303,53.05909,18.45352,kujawsko-pomorskie
31592088,Ciosaniec,village,560,53.48081,16.69461,wielkopolskie
31592148,Ciele,village,1771,53.07307,17.91196,kujawsko-pomorskie
31592153,Ciechocin,village,531,53.61317,17.70087,pomorskie
31592158,Ciechocin,village,851,53.05646,18.92436,kujawsko-pomorskie
31592168,Ciche,village,680,53.38345,19.37765,kujawsko-pomorskie
31592178,Chwiram,village,790,53.22863,16.45660,zachodniopomorskie
31592228,Chwarstnica,village,315,53.22022,14.60889,zachodniopomorskie
31592301,Chrośle,village,340,53.48076,19.57056,warmińsko-mazurskie
31592326,Choszczno,town,14399,53.17048,15.41673,zachodniopomorskie
31592354,Chociwel,town,3041,53.46639,15.33144,zachodniopomorskie
31592428,Chełmża,town,14045,53.18602,18.61128,kujawsko-pomorskie
31592442,Chełmno,town,18837,53.34939,18.42355,kujawsko-pomorskie
31592448,Chamsk,village,840,53.02394,19.93017,mazowieckie
31592472,Cekcyn,village,1710,53.57477,18.00855,kujawsko-pomorskie
31592524,Bzowo,village,480,53.55853,18.66049,kujawsko-pomorskie
31592599,Byszwałd,village,550,53.53243,19.73969,warmińsko-mazurskie
31592653,Bysławek,village,340,53.49103,17.96848,kujawsko-pomorskie
31592670,Buszkowo,village,460,53.34592,17.86158,kujawsko-pomorskie
31592691,Bukowiec,village,1210,53.43348,18.24073,kujawsko-pomorskie
31592780,Budno,village,463,53.54583,14.90890,zachodniopomorskie
31592845,Brzozowo,village,661,53.31544,18.42122,kujawsko-pomorskie
31592888,Brzozie,village,1578,53.32571,19.60188,kujawsko-pomorskie
31592928,Brzeziny,village,336,53.56574,18.38429,kujawsko-pomorskie
31592943,Brzezina,village,301,53.11658,15.25241,zachodniopomorskie
31592954,Brzesko,village,678,53.12570,15.00845,zachodniopomorskie
31593005,Bronikowo,village,340,53.30335,16.18857,zachodniopomorskie
31593045,Bratian,village,1600,53.45743,19.61032,warmińsko-mazurskie
31593066,Bralęcin,village,339,53.23793,15.23342,zachodniopomorskie
31593071,Brąchnowo,village,634,53.13549,18.54140,kujawsko-pomorskie
31593170,Borzym,village,325,53.19170,14.62232,zachodniopomorskie
31593226,Borucino,village,500,53.48685,16.79784,wielkopolskie
31593486,Bobrowo,village,313,53.52286,16.06642,zachodniopomorskie
31593545,Błądzim,village,622,53.48839,18.13848,kujawsko-pomorskie
31593553,Bladowo,village,330,53.59637,17.82073,kujawsko-pomorskie
31593591,Bierzwnik,village,1200,53.03564,15.66496,zachodniopomorskie
31593644,Bielice,village,810,53.49311,19.39133,warmińsko-mazurskie
31593650,Bielice,village,560,53.19929,14.72806,zachodniopomorskie
31593707,Białuń,village,359,53.45444,15.14719,zachodniopomorskie
31593712,Białośliwie,village,2600,53.09991,17.12282,wielkopolskie
31593718,Białochowo,village,580,53.54581,18.87524,kujawsko-pomorskie
31593723,Biała,village,1500,53.04534,16.53949,wielkopolskie
31593739,Białe Błota,village,5775,53.09838,17.91533,kujawsko-pomorskie
31593808,Barzkowice,village,489,53.34069,15.26663,zachodniopomorskie
31593813,Bartoszkowo,village,350,53.33407,16.92530,wielkopolskie
31593837,Barnimie,village,310,53.17526,15.80488,zachodniopomorskie
31593849,Barkowo,village,381,53.61374,17.18447,pomorskie
31593865,Banie,village,2000,53.10058,14.66228,zachodniopomorskie
31593870,Balin,village,456,53.03890,19.36624,kujawsko-pomorskie
31593876,Bałcyny,village,310,53.59701,19.85431,warmińsko-mazurskie
31593929,Bagienica,village,310,53.45138,17.78307,kujawsko-pomorskie
31593994,Anieliny,village,421,53.12928,17.48715,kujawsko-pomorskie
31595233,Zatory,village,970,52.60618,21.18392,mazowieckie
31595243,Zaręby Kościelne,village,660,52.75712,22.12482,mazowieckie
31595307,Zambski Kościelne,village,325,52.75586,21.21541,mazowieckie
31595319,Zambrów,town,21351,52.98552,22.24117,podlaskie
31595352,Załuski,village,417,52.51260,20.53098,mazowieckie
31595515,Wyszków,town,26349,52.59280,21.45846,mazowieckie
31595527,Wysokie Mazowieckie,town,9155,52.91550,22.51312,podlaskie
31595668,Wrotnów,village,520,52.51285,22.06278,mazowieckie
31596356,Winnica,village,560,52.64417,20.94051,mazowieckie
31596630,Wierzbica,village,440,52.53937,21.07138,mazowieckie
31596849,Węgrzynowo,village,680,52.92280,21.02904,mazowieckie
31596890,Wąsewo,village,780,52.87309,21.67353,mazowieckie
31596975,Urle,village,482,52.51649,21.62379,mazowieckie
31597020,Ugniewo,village,810,52.79431,21.95863,mazowieckie
31597024,Udrzyn,village,400,52.66096,21.73216,mazowieckie
31597137,Turzyn,village,1200,52.61097,21.52311,mazowieckie
31597296,Trzcianka,village,1200,52.64940,21.55142,mazowieckie
31597340,Treblinka,village,330,52.66016,22.02980,mazowieckie
31597429,Telaki,village,760,52.55496,22.16503,mazowieckie
31597449,Szynkarzyzna,village,470,52.62013,21.75984,mazowieckie
31597498,Szumowo,village,1100,52.91811,22.08357,podlaskie
31597681,Szepietowo,town,2073,52.87130,22.54743,podlaskie
31597710,Szczuki,village,1000,52.93712,20.99242,mazowieckie
31597850,Suraż,town,975,52.94917,22.95638,podlaskie
31598008,Strabla,village,600,52.90367,23.09443,podlaskie
31598022,Stok,village,393,52.85195,21.81927,mazowieckie
31598032,Stoczek,village,890,52.54393,21.90171,mazowieckie
31598033,Sterdyń,village,814,52.57683,22.29731,mazowieckie
31598109,Stadniki,village,300,52.52458,22.71860,podlaskie
31598114,Czyżew,town,2528,52.79755,22.31235,podlaskie
31598134,Srebrna,village,700,52.88688,22.14561,podlaskie
31598233,Somianka,village,510,52.56177,21.29997,mazowieckie
31598249,Sokoły,village,1450,52.99281,22.70093,podlaskie
31598264,Sochocin,town,1967,52.68989,20.47080,mazowieckie
31598418,Ślubów,village,500,52.53703,21.41058,mazowieckie
31598473,Słopsk,village,304,52.51673,21.35219,mazowieckie
31598577,Skuszew,village,790,52.58310,21.47913,mazowieckie
31598587,Skupowo,village,330,52.83313,23.69592,podlaskie
31598631,Skórzec,village,330,52.61180,22.58370,podlaskie
31598929,Siennica,village,360,52.57415,20.78991,mazowieckie
31598956,Sieluń,village,300,52.94985,21.39957,mazowieckie
31598957,Sielc,village,397,52.81711,21.80588,mazowieckie
31598967,Sieczychy,village,480,52.71698,21.49037,mazowieckie
31598985,Serock,town,4959,52.51352,21.07312,mazowieckie
31599095,Sadowne,village,1200,52.64088,21.84599,mazowieckie
31599212,Rząśnik,village,1300,52.71307,21.36842,mazowieckie
31599257,Rydzewo,village,370,52.87113,20.43796,mazowieckie
31599410,Rudka,village,1400,52.72297,22.73009,podlaskie
31599429,Różan,town,2647,52.88926,21.39935,mazowieckie
31599480,Rosochate Kościelne,village,350,52.86395,22.35143,podlaskie
31599828,Regimin,village,606,52.94148,20.55454,mazowieckie
31599837,Ratowo,village,380,52.95776,20.08224,mazowieckie
31599885,Radzymin,village,1000,52.56736,20.36589,mazowieckie
31599903,Radzanów,village,930,52.94307,20.09258,mazowieckie
31600042,Pólka-Raciąż,village,1500,52.81706,20.10443,mazowieckie
31600109,Pułtusk,town,19327,52.70511,21.08403,mazowieckie
31600142,Psary,village,530,52.71487,21.19560,mazowieckie
31600168,Przybyszyn,village,300,52.63097,22.53577,podlaskie
31600560,Prostyń,village,840,52.65509,21.98276,mazowieckie
31600906,Porządzie,village,690,52.69590,21.42693,mazowieckie
31601086,Pokrzywnica,village,475,52.62103,21.01797,mazowieckie
31601118,Pogorzelec,village,320,52.54607,21.60887,mazowieckie
31601210,Pobyłkowo Małe,village,411,52.55409,21.03516,mazowieckie
31601221,Pobikry,village,340,52.62843,22.64649,podlaskie
31601272,Płońsk,town,21800,52.62266,20.37051,mazowieckie
31601507,Pietkowo,village,320,52.90062,22.87894,podlaskie
31601554,Stare Pieścirogi,village,700,52.58254,20.76355,mazowieckie
31601560,Nowe Pieścirogi,village,940,52.57793,20.76312,mazowieckie
31601728,Pawły,village,330,52.93513,23.31623,podlaskie
31601991,Ostrów Mazowiecka,town,22013,52.80004,21.89764,mazowieckie
31602063,Ostrówek,village,1700,52.56039,21.76640,mazowieckie
31602303,Orzeszkowo,village,376,52.68317,23.54004,podlaskie
31602504,Olendy,village,340,52.69654,22.75967,podlaskie
31602541,Ojrzeń,village,750,52.76691,20.54274,mazowieckie
31602632,Obryte,village,930,52.71678,21.25542,mazowieckie
31602690,Nur,village,760,52.66816,22.31811,mazowieckie
31602924,Nieskórz,village,550,52.77515,22.04613,mazowieckie
31603010,Niedzbórz,village,460,52.93404,20.37132,mazowieckie
31603215,Nasielsk,town,7480,52.58675,20.81301,mazowieckie
31603226,Narewka,village,780,52.83594,23.75703,podlaskie
31603232,Narew,village,1547,52.91380,23.52023,podlaskie
31603659,Mostówka,village,610,52.51976,21.44206,mazowieckie
31603873,Młynarze,village,1950,52.95122,21.40808,mazowieckie
31604922,Żydowo,village,1700,52.45344,17.58769,wielkopolskie
31604930,Żychlin,village,1200,52.17677,18.27159,wielkopolskie
31604968,Złotniki,village,1100,52.49378,16.84508,wielkopolskie
31605110,Zimin,village,300,52.29426,17.15866,wielkopolskie
31605178,Zieliniec,village,490,52.25880,17.64492,wielkopolskie
31605313,Zębowo,village,761,52.46490,16.08402,wielkopolskie
31605350,Zbrudzewo,village,560,52.11671,17.03632,wielkopolskie
31605385,Zbąszynek,town,4930,52.24363,15.81389,lubuskie
31605386,Zbąszyń,town,7209,52.25010,15.92093,wielkopolskie
31605401,Żarowo,village,367,52.35103,18.87707,wielkopolskie
31605406,Zaniemyśl,town,2200,52.15517,17.16182,wielkopolskie
31605415,Zalasewo,village,1302,52.38616,17.07442,wielkopolskie
31605416,Zakrzewo,village,979,52.39914,16.71894,wielkopolskie
31605444,Zakrzewice,village,304,52.08084,17.25172,wielkopolskie
31605477,Zagórów,town,2861,52.16899,17.90016,wielkopolskie
31605535,Wyszyna,village,843,52.13565,18.39765,wielkopolskie
31605576,Wysogotowo,village,412,52.41152,16.78203,wielkopolskie
31605582,Wysoczka,village,300,52.38117,16.53306,wielkopolskie
31605598,Wyskoć,village,389,52.04956,16.78498,wielkopolskie
31605603,Wyrzeka,village,400,52.05330,16.94910,wielkopolskie
31605663,Wrząca Wielka,village,480,52.26166,18.67931,wielkopolskie
31605675,Wroniawy,village,1307,52.05803,16.15355,wielkopolskie
31605693,Wróblina,village,600,52.03374,18.28691,wielkopolskie
31605726,Wolsztyn,town,12504,52.11725,16.11266,wielkopolskie
31605731,Wolkowo,village,348,52.15382,16.50082,wielkopolskie
31605832,Wola Podłężna,village,500,52.23951,18.33971,wielkopolskie
31605937,Wojnowice,village,1064,52.33072,16.46503,wielkopolskie
31606058,Władysławów,village,1625,52.10345,18.47406,wielkopolskie
31606102,Witobel,village,800,52.26821,16.70598,wielkopolskie
31606146,Wiry,village,2100,52.31974,16.85427,wielkopolskie
31606194,Winna Góra,village,420,52.20570,17.44667,wielkopolskie
31606264,Wilkowo Polskie,village,940,52.06223,16.43246,wielkopolskie
31606299,Wilkowo,village,995,52.25407,15.46906,lubuskie
31606348,Wilczyna,village,372,52.48221,16.43480,wielkopolskie
31606366,Wilczna,village,300,52.24823,18.01593,wielkopolskie
31606434,Wilamów,village,440,52.04678,18.75656,łódzkie
31606501,Wierzonka,village,415,52.47782,17.09669,wielkopolskie
31606664,Wierzbinek,village,380,52.44564,18.50769,wielkopolskie
31606712,Wielopole,village,330,52.04035,18.34201,wielkopolskie
31606722,Wielołęka,village,378,52.06114,18.06616,wielkopolskie
31606757,Wielichowo,town,1725,52.11827,16.35214,wielkopolskie
31606804,Wieczyn,village,420,52.01222,17.75566,wielkopolskie
31606819,Więckowice,village,623,52.39643,16.63832,wielkopolskie
31606863,Widziszewo,village,1400,52.03828,16.60403,wielkopolskie
31606885,Stary Widzim,village,990,52.08104,16.12846,wielkopolskie
31606903,Nowy Widzim,village,322,52.08333,16.14946,wielkopolskie
31607092,Wąsowo,village,1100,52.36496,16.24823,wielkopolskie
31607410,Uzarzewo,village,580,52.45036,17.12441,wielkopolskie
31607495,Urad,village,430,52.24523,14.71223,lubuskie
31607592,Turew,village,760,52.05854,16.82779,wielkopolskie
31607601,Turek,town,25376,52.01595,18.50191,wielkopolskie
31607621,Tuliszków,town,3120,52.07710,18.29493,wielkopolskie
31607633,Tulce,village,2198,52.34344,17.07583,wielkopolskie
31607654,Tuchorza,village,989,52.18511,16.04781,wielkopolskie
31607723,Trzemeszno Lubuskie,village,700,52.43474,15.25525,lubuskie
31607764,Trzebiechów,village,920,52.02262,15.73576,lubuskie
31607774,Trzebaw,village,612,52.27561,16.76367,wielkopolskie
31607802,Trzciel,town,2282,52.36517,15.87321,lubuskie
31607908,Trąbczyn,village,500,52.14318,17.95845,wielkopolskie
31607924,Torzym,town,2468,52.31386,15.08283,lubuskie
31608169,Nowe Tłoki,village,471,52.14216,16.14649,wielkopolskie
31608294,Tarnowski Młyn,village,330,52.10826,18.41024,wielkopolskie
31608308,Tarnowo Podgórne,village,3804,52.46574,16.66644,wielkopolskie
31608642,Szlachcin,village,410,52.21327,17.38238,wielkopolskie
31608713,Szemborowo,village,354,52.35875,17.72534,wielkopolskie
31608881,Szczaniec,village,1473,52.26925,15.68552,lubuskie
31609012,Świnice Warckie,village,920,52.04086,18.91984,łódzkie
31609052,Świętno,village,1100,52.00902,16.05073,wielkopolskie
31609130,Świebodzin,town,21399,52.24984,15.53250,lubuskie
31609209,Swadzim,village,385,52.43876,16.74749,wielkopolskie
31609251,Sulęcinek,village,1200,52.13706,17.30875,wielkopolskie
31609265,Sulęcin,town,9978,52.44138,15.11615,lubuskie
31609289,Sulechów,town,16063,52.08548,15.62591,lubuskie
31609309,Suchy Las,village,4367,52.47759,16.87722,wielkopolskie
31609458,Strykowo,village,1300,52.24836,16.61529,wielkopolskie
31609529,Straszków,village,440,52.17030,18.59834,wielkopolskie
31609600,Stęszew,town,5964,52.27935,16.69993,wielkopolskie
31609677,Stefanowo,village,386,52.23498,15.97198,wielkopolskie
31609740,Stary Tomyśl,village,580,52.33959,16.16365,wielkopolskie
31609783,Stary Dwór,village,360,52.34917,15.67024,lubuskie
31609793,Starościn,village,300,52.36060,14.85344,lubuskie
31609804,Staropole,village,450,52.34687,15.44524,lubuskie
31609868,Stare Miasto,village,1500,52.18144,18.21535,wielkopolskie
31610025,Śrem,town,28835,52.09087,17.01701,wielkopolskie
31610211,Sompolno,town,3429,52.38844,18.50301,wielkopolskie
31610239,Solec,village,645,52.02737,16.15885,wielkopolskie
31610282,Sokołowo,village,1007,52.34735,17.56653,wielkopolskie
31610470,Śnieciska,village,420,52.19446,17.18205,wielkopolskie
31610578,Smogóry,village,750,52.44006,14.99980,lubuskie
31610588,Śmigiel,town,5648,52.01274,16.52711,wielkopolskie
31610628,Smaszew,village,440,52.01365,18.27229,wielkopolskie
31610650,Smardzewo,village,604,52.19759,15.69998,lubuskie
31610814,Słodków,village,436,52.01892,18.43476,wielkopolskie
31610829,Słocin,village,591,52.25694,16.34786,wielkopolskie
31610852,Ślesin,town,3179,52.37082,18.30593,wielkopolskie
31610885,Sławoszewek,village,530,52.38799,18.19725,wielkopolskie
31610927,Skulsk,village,1400,52.48212,18.33123,wielkopolskie
31611054,Skórzewo,village,3954,52.39205,16.79085,wielkopolskie
31611147,Skąpe,village,421,52.15300,15.45853,lubuskie
31611295,Sieniawa,village,1100,52.36383,15.37725,lubuskie
31611344,Siekowo,village,496,52.04807,16.34704,wielkopolskie
31611362,Siekierki Wielkie,village,3027,52.38197,17.16568,wielkopolskie
31611416,Siedlec,village,460,52.38136,17.29469,wielkopolskie
31611427,Siedlec,village,1200,52.13794,16.00298,wielkopolskie
31611491,Siąszyce,village,303,52.04039,18.16415,wielkopolskie
31611525,Sepno,village,492,52.14046,16.56369,wielkopolskie
31611529,Sękowo,village,398,52.30533,16.08902,wielkopolskie
31611537,Sędziny,village,480,52.41631,16.46423,wielkopolskie
31611558,Sątopy,village,586,52.31888,16.20961,wielkopolskie
31611600,Sarbicko,village,470,52.05692,18.27217,wielkopolskie
31611615,Sapowice,village,370,52.28095,16.61678,wielkopolskie
31611657,Sądów,village,500,52.22197,14.84577,lubuskie
31611760,Rzgów,village,668,52.15358,18.05118,wielkopolskie
31611779,Rzepin,town,6447,52.34432,14.83829,lubuskie
31611795,Rzeczyca,village,464,52.27655,15.60483,lubuskie
31611826,Rychwał,town,2402,52.07062,18.16683,wielkopolskie
31612080,Russocice,village,638,52.10758,18.47975,wielkopolskie
31612091,Rusocin,village,300,52.02631,17.12990,wielkopolskie
31612102,Rusinów,village,456,52.29263,15.52945,lubuskie
31612138,Rumin,village,600,52.20804,18.18651,wielkopolskie
31612151,Rumianek,village,323,52.45803,16.61986,wielkopolskie
31612261,Ruchocinek,village,380,52.41046,17.82739,wielkopolskie
31612406,Rostarzewo,village,1400,52.13281,16.20039,wielkopolskie
31612440,Rosnówko,village,1114,52.30460,16.76206,wielkopolskie
31612520,Romanowo,village,300,52.27411,17.27013,wielkopolskie
31612556,Rogoziniec,village,472,52.30209,15.78173,lubuskie
31612583,Rogalinek,village,1585,52.24971,16.89988,wielkopolskie
31612596,Rogalin,village,700,52.23437,16.93437,wielkopolskie
31612632,Robakowo,village,2205,52.30990,17.07716,wielkopolskie
31612740,Rataje,village,430,52.19286,17.71715,wielkopolskie
31612772,Raszewy,village,687,52.08296,17.60127,wielkopolskie
31612789,Rąpice,village,550,52.11094,14.72911,lubuskie
31612844,Raków,village,328,52.17356,15.60814,lubuskie
31612935,Radzewo,village,400,52.20947,17.02006,wielkopolskie
31613029,Radoszyn,village,584,52.17640,15.49523,lubuskie
31613168,Racot,village,1321,52.05752,16.71136,wielkopolskie
31613250,Pyzdry,town,3014,52.16943,17.68713,wielkopolskie
31613273,Pysząca,village,460,52.06569,17.06403,wielkopolskie
31613303,Puszczykowo,town,9470,52.28843,16.85960,wielkopolskie
31613352,Ptaszkowo,village,822,52.22537,16.43783,wielkopolskie
31613362,Pszczew,village,1826,52.47924,15.77834,lubuskie
31613800,Przyłęk,village,546,52.33954,16.10131,wielkopolskie
31614035,Przybysław,village,360,52.10472,17.62619,wielkopolskie
31614121,Przeźmierowo,village,5965,52.42607,16.78738,wielkopolskie
31614166,Przemęt,village,1600,52.00777,16.30216,wielkopolskie
31614227,Przedecz,town,1566,52.33417,18.89851,wielkopolskie
31614312,Powiercie,village,1118,52.18356,18.68639,wielkopolskie
31614322,Powidz,village,1000,52.41259,17.91697,wielkopolskie
31614467,Ponętów Dolny,village,580,52.20123,18.76209,wielkopolskie
31614532,Połupin,village,809,52.02625,15.12082,lubuskie
31614626,Połęcko,village,300,52.40603,14.89643,lubuskie
31614824,Podrzewie,village,858,52.49592,16.38859,wielkopolskie
31615002,Pobiedziska,town,9755,52.47734,17.28704,wielkopolskie
31615028,Plewiska,village,3501,52.36652,16.80978,wielkopolskie
31615055,Pławce,village,400,52.30520,17.27509,wielkopolskie
31615199,Piętno,village,450,52.01929,18.35298,wielkopolskie
31615212,Pierzchno,village,410,52.27178,17.14339,wielkopolskie
31615247,Pięczkowo,village,1250,52.11899,17.44708,wielkopolskie
31615606,Perkowo,village,550,52.00439,16.25886,wielkopolskie
31615613,Pecna,village,1882,52.18200,16.80252,wielkopolskie
31615643,Pawłowo,village,300,52.48143,17.51620,wielkopolskie
31615680,Parzęczewo,village,639,52.14469,16.43488,wielkopolskie
31615708,Paproć,village,716,52.28930,16.16028,wielkopolskie
31615744,Pamięcin,village,410,52.45134,14.66165,lubuskie
31615758,Palędzie,village,847,52.37010,16.73646,wielkopolskie
31615858,Pakosław,village,960,52.43482,16.24692,wielkopolskie
31615966,Ostrowite,village,760,52.38041,18.04610,wielkopolskie
31615985,Ostrów,village,340,52.42476,15.11576,lubuskie
31615990,Ostrów,village,350,52.14520,18.82097,wielkopolskie
31615996,Osówiec,village,372,52.48625,18.04944,wielkopolskie
31616006,Ośno Lubuskie,town,3880,52.45513,14.86820,lubuskie
31616053,Osiek Wielki,village,680,52.24679,18.61241,wielkopolskie
31616086,Osiecznica,village,1000,52.07557,15.04965,lubuskie
31616144,Orzechowo,village,2300,52.12686,17.47931,wielkopolskie
31616190,Opalenica,town,9360,52.30881,16.41243,wielkopolskie
31616203,Olszówka,village,440,52.18970,18.84304,wielkopolskie
31616241,Ołobok,village,694,52.20471,15.43841,lubuskie
31616331,Ogorzelczyn,village,560,52.07872,18.34117,wielkopolskie
31616364,Obrzębin,village,481,52.02839,18.47204,wielkopolskie
31616377,Obra,village,2059,52.07431,16.04497,wielkopolskie
31616379,Stare Oborzyska,village,1120,52.11083,16.69512,wielkopolskie
31616446,Nowy Tomyśl,town,14116,52.31776,16.12916,wielkopolskie
31616604,Nowe Miasto nad Wartą,village,1543,52.08996,17.41154,wielkopolskie
31616613,Nowe Kramsko,village,910,52.14057,15.77091,lubuskie
31616704,Nowa Wieś Królewska,village,340,52.25926,17.58242,wielkopolskie
31616718,Nowa Wieś,village,621,52.47274,15.35886,lubuskie
31616747,Nowa Wieś,village,540,52.34054,18.51198,wielkopolskie
31616773,Nowa Wieś,village,540,52.25043,18.55674,wielkopolskie
31616830,Nowa Wieś,village,750,52.01219,16.21189,wielkopolskie
31616851,Nochowo,village,870,52.07235,16.97630,wielkopolskie
31616933,Nietkowice,village,700,52.06721,15.36086,lubuskie
31616944,Nietków,village,1302,52.02654,15.34490,lubuskie
31616995,Niesłabin,village,350,52.14081,17.01200,wielkopolskie
31616997,Niepruszewo,village,1234,52.38588,16.60408,wielkopolskie
31617015,Niekarzyn,village,406,52.13480,15.53672,lubuskie
31617072,Niechanowo,village,2300,52.46432,17.67773,wielkopolskie
31617079,Nieborzyn,village,530,52.41798,18.10677,wielkopolskie
31617110,Niałek Wielki,village,662,52.10808,16.08979,wielkopolskie
31617129,Nekielka,village,485,52.39952,17.37230,wielkopolskie
31617188,Napachanie,village,460,52.48509,16.72762,wielkopolskie
31617207,Nądnia,village,723,52.24855,15.88032,wielkopolskie
31617258,Myszęcin,village,632,52.28239,15.64497,lubuskie
31617385,Mórka,village,320,52.01446,16.96047,wielkopolskie
31617421,Modrze,village,750,52.21032,16.63385,wielkopolskie
31617723,Miłosław,town,3492,52.20231,17.48922,wielkopolskie
31617812,Mikorzyn,village,550,52.34387,18.30101,wielkopolskie
31617836,Mieszków,village,1700,52.02395,17.46278,wielkopolskie
31617861,Mierzewo,village,340,52.40211,17.65903,wielkopolskie
31617921,Mielżyn,village,660,52.38302,17.77052,wielkopolskie
31618019,Międzyrzecz,town,17400,52.44483,15.57864,lubuskie
31618089,Miedzichowo,village,471,52.37491,15.95788,wielkopolskie
31618147,Mieczewo,village,400,52.24035,17.00307,wielkopolskie
31618290,Mechlin,village,572,52.11090,17.07577,wielkopolskie
31618303,Mchy,village,692,52.01959,17.23876,wielkopolskie
31618346,Maszewo,village,460,52.06596,14.90886,lubuskie
31618569,Manieczki,village,1100,52.11400,16.93027,wielkopolskie
31618825,Lwówek,town,2938,52.44893,16.18036,wielkopolskie
31618853,Lutol Suchy,village,510,52.33372,15.72212,lubuskie
31618887,Łuszkowo,village,600,52.02212,16.85735,wielkopolskie
31618909,Lusowo,village,1155,52.43317,16.69711,wielkopolskie
31618921,Lusówko,village,900,52.43144,16.64694,wielkopolskie
31619046,Lubstów,village,643,52.34393,18.48045,wielkopolskie
31619056,Lubrza,village,975,52.30715,15.44118,lubuskie
31619070,Stary Lubosz,village,890,52.07472,16.70935,wielkopolskie
31619076,Nowy Lubosz,village,926,52.07912,16.69459,wielkopolskie
31619156,Lubogoszcz,village,500,52.09689,14.95938,lubuskie
31619162,Łubnica,village,960,52.15298,16.37227,wielkopolskie
31619165,Lubinicko,village,576,52.23707,15.56763,lubuskie
31619220,Lubiechnia Wielka,village,500,52.38648,14.81222,lubuskie
31619241,Łowęcin,village,452,52.41271,17.11926,wielkopolskie
31619328,Lisiec Wielki,village,400,52.12293,18.23885,wielkopolskie
31619368,Lisewo,village,370,52.45077,18.33750,wielkopolskie
31619971,Łąkie,village,710,52.10323,16.22955,wielkopolskie
31619980,Łagów,village,1655,52.33312,15.29695,lubuskie
31619986,Lądek,village,790,52.20958,17.92988,wielkopolskie
31620060,Kuślin,village,649,52.36271,16.31559,wielkopolskie
31620077,Kursko,village,300,52.44116,15.44255,lubuskie
31620093,Kurowo,village,343,52.12338,16.65755,wielkopolskie
31620128,Kuny,village,1000,52.15452,18.43560,wielkopolskie
31620146,Kunowice,village,1082,52.35085,14.63517,lubuskie
31620215,Książ Wielkopolski,town,2643,52.06235,17.23956,wielkopolskie
31620284,Krzyżanowo,village,400,52.09774,16.90901,wielkopolskie
31620329,Krzymów,village,524,52.19454,18.43948,wielkopolskie
31620350,Krzykosy,village,891,52.10975,17.37220,wielkopolskie
31620419,Krwony,village,444,52.06673,18.63822,wielkopolskie
31620470,Kruczyn,village,500,52.03773,17.32052,wielkopolskie
31620522,Królików,village,560,52.05585,18.01580,wielkopolskie
31620666,Koziegłowy,village,11330,52.44502,16.99224,wielkopolskie
31620714,Kowalów,village,1100,52.40362,14.76236,lubuskie
31620845,Kostrzyn,town,9809,52.39837,17.22754,wielkopolskie
31620869,Kosieczyn,village,950,52.22879,15.81882,lubuskie
31620891,Kościelec,village,1300,52.17427,18.56979,wielkopolskie
31620899,Kościan,town,24022,52.08633,16.64500,wielkopolskie
31620966,Kórnik,town,8246,52.24928,17.09012,wielkopolskie
31621006,Kopojno,village,850,52.16667,17.98333,wielkopolskie
31621015,Kopaszewo,village,502,52.00897,16.81803,wielkopolskie
31621040,Kopanki,village,388,52.29021,16.31364,wielkopolskie
31621045,Kopanica,village,890,52.09603,15.91880,wielkopolskie
31621083,Konojad,village,517,52.16108,16.53608,wielkopolskie
31621110,Konarzewo,village,1433,52.33542,16.71424,wielkopolskie
31621168,Komorniki,village,4076,52.33601,16.80808,wielkopolskie
31621268,Słodków-Kolonia,village,616,52.02666,18.43726,wielkopolskie
31621316,Powiercie-Kolonia,village,643,52.19411,18.66287,wielkopolskie
31621519,Kołacin,village,356,52.00803,17.26272,wielkopolskie
31621531,Kokorzyn,village,604,52.08954,16.58015,wielkopolskie
31621547,Kociałkowa Górka,village,410,52.43421,17.29070,wielkopolskie
31621567,Zdrój,village,348,52.22285,16.33622,wielkopolskie
31621581,Kobylniki,village,335,52.06612,16.57931,wielkopolskie
31621585,Kobylnica,village,1480,52.44736,17.07970,wielkopolskie
31621613,Kluczewo,village,646,52.03681,16.37122,wielkopolskie
31621671,Kleszczewo,village,430,52.33352,17.17101,wielkopolskie
31621680,Klępsk,village,600,52.11565,15.71655,lubuskie
31621695,Kleczew,town,3980,52.37073,18.17799,wielkopolskie
31621810,Kiełczynek,village,326,52.06566,17.21719,wielkopolskie
31621830,Kiełczewo,village,1447,52.10506,16.63950,wielkopolskie
31621839,Kiełczew Górny,village,340,52.25000,18.73333,wielkopolskie
31621861,Kiekrz,village,3552,52.48931,16.77459,wielkopolskie
31621867,Kicin,village,1600,52.46491,17.01965,wielkopolskie
31621872,Kęszyca,village,667,52.41037,15.50866,lubuskie
31621903,Kębłowo,village,1834,52.04818,16.10069,wielkopolskie
31621934,Kazimierz Biskupi,village,4280,52.31193,18.16757,wielkopolskie
31621979,Karszyn,village,330,52.03018,15.86387,lubuskie
31621991,Karpicko,village,1310,52.13060,16.12562,wielkopolskie
31622004,Kargowa,town,3838,52.07192,15.86480,lubuskie
31622040,Kamionki,village,1373,52.28553,16.99438,wielkopolskie
31622055,Kamieniec,village,1098,52.16648,16.46346,wielkopolskie
31622086,Kalsk,village,860,52.12395,15.59166,lubuskie
31622117,Kalinowa,village,358,52.05883,18.57173,wielkopolskie
31622162,Kąkolewo,village,699,52.24713,16.23623,wielkopolskie
31622392,Jordanowo,village,655,52.33290,15.54508,lubuskie
31622408,Jeziory,village,301,52.21933,15.60349,lubuskie
31622416,Jeziory Wielkie,village,350,52.18311,17.12888,wielkopolskie
31622572,Jastrzębsko Stare,village,675,52.29937,16.06288,wielkopolskie
31622598,Jastrzębniki,village,340,52.33243,16.34409,wielkopolskie
31622637,Jasin,village,994,52.40773,17.09858,wielkopolskie
31622973,Janikowo,village,474,52.44098,17.03106,wielkopolskie
31623062,Izbica Kujawska,town,2526,52.41925,18.76435,kujawsko-pomorskie
31623089,Iwno,village,730,52.40406,17.27241,wielkopolskie
31623110,Imielno,village,320,52.14225,17.85522,wielkopolskie
31623294,Gwiazdowo,village,350,52.41689,17.21231,wielkopolskie
31623341,Grzybno,village,300,52.17453,16.84537,wielkopolskie
31623347,Grzmiąca,village,440,52.16261,14.75023,lubuskie
31623355,Grzegorzew,village,1913,52.20199,18.73482,wielkopolskie
31623386,Gryżyna,village,360,52.03065,16.71050,wielkopolskie
31623405,Gruszczyn,village,1224,52.42995,17.07291,wielkopolskie
31623492,Grodziszcze,village,365,52.26073,15.56371,lubuskie
31623501,Grodzisk Wielkopolski,town,15131,52.22632,16.36281,wielkopolskie
31623533,Grochowy,village,977,52.03576,18.20752,wielkopolskie
31623561,Granowo,village,2031,52.22024,16.53060,wielkopolskie
31623691,Grąblewo,village,590,52.23862,16.39071,wielkopolskie
31623721,Grabieniec,village,329,52.04351,18.46326,wielkopolskie
31623774,Gozdów,village,490,52.18679,18.60310,wielkopolskie
31623778,Gowarzewo,village,3327,52.36160,17.13230,wielkopolskie
31623791,Gościkowo,village,357,52.33827,15.54726,lubuskie
31623794,Gościeszyn,village,433,52.09177,16.20212,wielkopolskie
31623812,Górzyca,village,1539,52.49282,14.65147,lubuskie
31623817,Gorzyca,village,320,52.46505,15.49496,lubuskie
31623904,Gortatowo,village,324,52.42658,17.10799,wielkopolskie
31623989,Golina,town,4395,52.24276,18.09534,wielkopolskie
31623999,Golice,village,370,52.43345,14.66091,lubuskie
31624033,Godziszewo,village,300,52.19363,15.96519,wielkopolskie
31624087,Głuchowo,village,611,52.34710,16.76963,wielkopolskie
31624206,Glińsk,village,517,52.30465,15.55235,lubuskie
31624211,Glinno,village,974,52.31389,16.11394,wielkopolskie
31624266,Gizałki,village,583,52.04448,17.76591,wielkopolskie
31624578,Garbicz,village,312,52.30871,14.99061,lubuskie
31624606,Galew,village,320,52.06840,18.55811,wielkopolskie
31624613,Gaj Wielki,village,606,52.45869,16.57822,wielkopolskie
31624617,Gajec,village,300,52.34496,14.77088,lubuskie
31624820,Dzierawy,village,337,52.20729,18.59065,wielkopolskie
31624825,Dziećmierowo,village,480,52.26807,17.09789,wielkopolskie
31624831,Drzonek,village,310,52.03096,17.05727,wielkopolskie
31624855,Drzeńsko,village,450,52.36792,14.78178,lubuskie
31624857,Drzeniów,village,380,52.17005,14.86523,lubuskie
31624858,Drzecin,village,400,52.38711,14.63395,lubuskie
31624943,Dopiewo,village,2733,52.35844,16.67640,wielkopolskie
31624945,Dopiewiec,village,860,52.36033,16.71134,wielkopolskie
31624984,Dobrosułów,village,500,52.19231,15.12547,lubuskie
31625002,Dobieżyn,village,1100,52.32816,16.53872,wielkopolskie
31625018,Dęby Szlacheckie,village,730,52.29346,18.60581,wielkopolskie
31625080,Dębno,village,820,52.29229,16.70958,wielkopolskie
31625105,Dębienko,village,480,52.29030,16.72590,wielkopolskie
31625127,Dębicz,village,440,52.26205,18.41624,wielkopolskie
31625130,Daszewice,village,970,52.29996,16.95806,wielkopolskie
31625147,Darnowo,village,303,52.06308,16.74042,wielkopolskie
31625465,Dalewo,village,400,52.02494,16.92002,wielkopolskie
31625482,Dakowy Suche,village,420,52.29063,16.51964,wielkopolskie
31625528,Dakowy Mokre,village,509,52.26997,16.48493,wielkopolskie
31625603,Dachowa,village,612,52.30380,17.09650,wielkopolskie
31625670,Dąbrówka Wielkopolska,village,1300,52.27676,15.81117,lubuskie
31625839,Stara Dąbrowa,village,394,52.08891,16.17617,wielkopolskie
31625853,Dąbrowa,village,2224,52.40096,16.74494,wielkopolskie
31625879,Dąbroszyn,village,550,52.09573,18.14170,wielkopolskie
31625880,Dąbie,town,1787,52.08717,18.82207,wielkopolskie
31625919,Czmoń,village,335,52.18262,17.05353,wielkopolskie
31625927,Czeszewo,village,720,52.14874,17.50915,wielkopolskie
31625936,Czerwonak,village,5432,52.46696,16.98026,wielkopolskie
31625942,Czerniejewo,town,2576,52.42961,17.48940,wielkopolskie
31625955,Czerlejno,village,560,52.35195,17.21377,wielkopolskie
31625975,Czempiń,town,4825,52.14315,16.76133,wielkopolskie
31625999,Czarnotki,village,300,52.14833,17.22109,wielkopolskie
31626022,Czapury,village,1025,52.32488,16.91137,wielkopolskie
31626050,Cybinka,town,2745,52.19403,14.79688,lubuskie
31626080,Cigacice,village,750,52.03402,15.61677,lubuskie
31626144,Ciemnice,village,458,52.02830,15.24655,lubuskie
31626158,Cielcza,village,2044,52.00636,17.48239,wielkopolskie
31626161,Cichów,village,330,52.11620,18.63218,wielkopolskie
31626171,Cicha Góra,village,390,52.28142,16.19968,wielkopolskie
31626186,Ciążeń,village,1300,52.21055,17.81285,wielkopolskie
31626192,Chylin,village,808,52.11768,18.43851,wielkopolskie
31626208,Chyby,village,562,52.45631,16.77524,wielkopolskie
31626213,Chwałkowo Kościelne,village,752,52.01564,17.29781,wielkopolskie
31626235,Chrząstowo,village,420,52.06558,17.13112,wielkopolskie
31626241,Chrzan,village,1200,52.06954,17.50769,wielkopolskie
31626274,Chrośnica,village,642,52.26729,16.00263,wielkopolskie
31626288,Chraplewo,village,400,52.40153,16.28301,wielkopolskie
31626313,Chorzemin,village,798,52.13626,16.09531,wielkopolskie
31626317,Choryń,village,415,52.04034,16.76553,wielkopolskie
31626324,Chojny,village,373,52.21681,18.68311,wielkopolskie
31626347,Chociule,village,577,52.20496,15.51804,lubuskie
31626359,Chociszewo,village,427,52.31667,15.75000,lubuskie
31626375,Chocicza,village,1150,52.06925,17.35947,wielkopolskie
31626380,Chobienice,village,3000,52.16416,15.92146,wielkopolskie
31626386,Chmielinko,village,570,52.41577,16.19788,wielkopolskie
31626401,Chlebów,village,316,52.02334,18.58184,wielkopolskie
31626443,Chaławy,village,320,52.12613,16.85040,wielkopolskie
31626464,Ceradz Kościelny,village,432,52.43779,16.59244,wielkopolskie
31626505,Bytyń,village,580,52.48694,16.50819,wielkopolskie
31626517,Bytnica,village,1200,52.14837,15.16580,lubuskie
31626634,Bukowiec,village,857,52.37569,15.69127,lubuskie
31626656,Buk,town,5502,52.35739,16.51670,wielkopolskie
31626724,Budachów,village,700,52.15218,15.09045,lubuskie
31626826,Brudzyń,village,350,52.09568,18.57113,wielkopolskie
31626867,Brudzew,village,1620,52.09909,18.60454,wielkopolskie
31626894,Brójce,village,1050,52.31594,15.67170,lubuskie
31626925,Brodnica,village,722,52.14059,16.89140,wielkopolskie
31626952,Brdów,village,850,52.35375,18.73073,wielkopolskie
31627052,Boruja Nowa,village,579,52.24674,16.14572,wielkopolskie
31627057,Boruja Kościelna,village,947,52.26828,16.13263,wielkopolskie
31627093,Borówiec,village,1603,52.28003,17.04245,wielkopolskie
31627124,Borów,village,311,52.22729,15.44462,lubuskie
31627209,Bonikowo,village,483,52.12481,16.62978,wielkopolskie
31627231,Boniewo,village,488,52.46575,18.88541,kujawsko-pomorskie
31627243,Bolewice,village,1900,52.39785,16.11920,wielkopolskie
31627271,Boguszyn,village,960,52.06410,17.33704,wielkopolskie
31627295,Bogucin,village,1012,52.43064,17.02611,wielkopolskie
31627309,Boczów,village,700,52.32158,14.93999,lubuskie
31627326,Bobowicko,village,666,52.44303,15.64377,lubuskie
31627606,Błociszewo,village,420,52.08176,16.89620,wielkopolskie
31627633,Błażejewo,village,321,52.21492,17.10024,wielkopolskie
31627694,Biernatki,village,423,52.22586,17.11085,wielkopolskie
31627758,Biechowo,village,330,52.24914,17.54268,wielkopolskie
31627784,Białobłoty,village,500,52.04893,17.94517,wielkopolskie
31627820,Białków,village,600,52.16905,14.80050,lubuskie
31627948,Barczygłów,village,420,52.15875,18.17669,wielkopolskie
31627956,Barchlin,village,413,52.01802,16.40492,wielkopolskie
31627989,Babki,village,350,52.31498,16.93447,wielkopolskie
31628010,Babimost,town,3865,52.16531,15.82852,lubuskie
31628019,Babiak,village,1700,52.34452,18.66671,wielkopolskie
31628252,Adamowo,village,885,52.10278,16.14194,wielkopolskie
31683814,Zbuczyn,village,1836,52.08979,22.43451,mazowieckie
31683969,Zamienie,village,708,52.15146,21.50649,mazowieckie
31684011,Zakroczym,town,3177,52.43335,20.61168,mazowieckie
31684029,Zagościniec,village,1600,52.37154,21.27059,mazowieckie
31684083,Ząbki,town,43740,52.29350,21.11574,mazowieckie
31684085,Zabieżki,village,800,52.01269,21.46790,mazowieckie
31684088,Żabia Wola,village,530,52.03171,20.69107,mazowieckie
31684098,Wyszogród,town,2456,52.38837,20.19131,mazowieckie
31684177,Wychódźc,village,340,52.39851,20.41548,mazowieckie
31684305,Wólka Przybójewska,village,360,52.42903,20.47301,mazowieckie
31684486,Wola Suchożebrska,village,885,52.24256,22.23129,mazowieckie
31684491,Wola Starogrodzka,village,632,52.00522,21.61097,mazowieckie
31684525,Wola Rasztowska,village,1321,52.44155,21.28713,mazowieckie
31684581,Wola Mrokowska,village,1476,52.02940,20.85755,mazowieckie
31684626,Wola Gołkowska,village,412,52.04944,20.93252,mazowieckie
31684635,Wola Ducka,village,505,52.11140,21.38521,mazowieckie
31684744,Władysławów,village,610,52.06762,20.93525,mazowieckie
31684770,Witkowice,village,349,52.34561,20.24332,mazowieckie
31684813,Wiskitki,town,1423,52.08690,20.38325,mazowieckie
31685016,Wieliszew,village,3122,52.44974,20.96941,mazowieckie
31685025,Wielgolas,village,650,52.03869,21.72874,mazowieckie
31685196,Wiązowna,village,980,52.17120,21.30396,mazowieckie
31685315,Kąty Węgierskie,village,461,52.39183,21.01678,mazowieckie
31685736,Tułowice,village,350,52.34306,20.28206,mazowieckie
31685899,Transbór,village,397,52.01667,21.70000,mazowieckie
31686028,Teresin,village,2500,52.19889,20.41683,mazowieckie
31686042,Terebela,village,300,52.08333,23.08333,lubelskie
31686199,Szymanów,village,330,52.04413,21.12175,mazowieckie
31686251,Szewnica,village,653,52.48536,21.56264,mazowieckie
31686411,Szczaki,village,335,52.01347,20.88898,mazowieckie
31686576,Święcice,village,720,52.21314,20.69657,mazowieckie
31686907,Sulejów,village,480,52.44057,21.56134,mazowieckie
31686908,Sufczyn,village,340,52.04510,21.52668,mazowieckie
31687172,Siennica,town,2308,52.09155,21.61940,mazowieckie
31687182,Stara Wieś,village,443,52.08255,21.35785,mazowieckie
31687374,Sochaczew,town,34439,52.22966,20.23794,mazowieckie
31687438,Słupno,village,1500,52.38855,21.14559,mazowieckie
31687468,Słomczyn,village,482,52.06072,21.15816,mazowieckie
31687513,Śladów,village,430,52.37816,20.30260,mazowieckie
31687571,Skrzeszew,village,760,52.46223,20.89321,mazowieckie
31687681,Skierdy,village,548,52.40303,20.80979,mazowieckie
31687752,Sinołęka,village,440,52.22270,21.89879,mazowieckie
31687793,Sierakowice Prawe,village,630,52.01018,20.09152,łódzkie
31687802,Sierakowice Lewe,village,640,52.00211,20.07491,łódzkie
31687812,Sieraków,village,450,52.31275,20.81222,mazowieckie
31687901,Siedliska,village,328,52.06577,21.05172,mazowieckie
31688074,Sadowa,village,794,52.35227,20.82862,mazowieckie
31688156,Rzakta,village,531,52.13302,21.46234,mazowieckie
31688243,Rybno,village,630,52.24278,20.10231,mazowieckie
31688346,Runów,village,317,52.01126,20.93923,mazowieckie
31688740,Rembelszczyzna,village,730,52.37564,21.02740,mazowieckie
31688810,Rębowo,village,680,52.41423,20.18665,mazowieckie
31688817,Raszyn,village,6700,52.15833,20.92417,mazowieckie
31688837,Rajszew,village,373,52.39476,20.83839,mazowieckie
31689115,Przesmyki,village,670,52.26783,22.58288,mazowieckie
31689160,Pruszków,town,65283,52.16261,20.80802,mazowieckie
31689354,Pomiechówek,village,3494,52.47194,20.73361,mazowieckie
31689515,Pogorzel,village,778,52.09701,21.34070,mazowieckie
31689600,Podkowa Leśna,town,3867,52.12178,20.72955,mazowieckie
31689928,Pilawa,village,324,52.03530,21.08786,mazowieckie
31689984,Pierzchały,village,350,52.32240,21.99473,mazowieckie
31690010,Pieńków,village,445,52.37418,20.81418,mazowieckie
31690166,Piaski,village,300,52.06314,20.09931,łódzkie
31690234,Pęclin,village,576,52.16474,21.35540,mazowieckie
31690321,Pawłowice,village,460,52.22909,20.46371,mazowieckie
31690459,Paprotnia,village,1400,52.21184,20.43004,mazowieckie
31690528,Ożarów Mazowiecki,town,14375,52.20805,20.79416,mazowieckie
31690587,Otwock,town,44524,52.10412,21.26811,mazowieckie
31690599,Otrębusy,village,2000,52.12722,20.76139,mazowieckie
31690703,Ostrów,village,436,52.10426,21.39522,mazowieckie
31690909,Opypy,village,450,52.08785,20.67938,mazowieckie
31691014,Opacz,village,403,52.10437,21.16661,mazowieckie
31691021,Ołtarzew,village,871,52.21177,20.76420,mazowieckie
31691053,Olszewnica Stara,village,774,52.43895,20.86267,mazowieckie
31691126,Okuniew,village,1900,52.27228,21.30639,mazowieckie
31691228,Obory,village,433,52.08182,21.14838,mazowieckie
31691293,Jędrzejów Nowy,village,388,52.19262,21.72326,mazowieckie
31691304,Nowy Dwór Mazowiecki,town,28287,52.43065,20.71547,mazowieckie
31691391,Nowa Wieś,village,608,52.43842,22.20444,mazowieckie
31691631,Nieporęt,village,3194,52.42327,21.03546,mazowieckie
31691716,Nieborów,village,900,52.07109,20.07023,łódzkie
31691823,Nadma,village,1420,52.36198,21.16569,mazowieckie
31691871,Nadarzyn,village,9881,52.09472,20.80750,mazowieckie
31691929,Mysłaków,village,1040,52.10159,20.01367,łódzkie
31691979,Mrozy,town,3600,52.16555,21.80017,mazowieckie
31691990,Mrozy,village,1789,52.01797,20.37114,mazowieckie
31692007,Mroków,village,2647,52.04367,20.85891,mazowieckie
31692322,Młodzieszyn,village,1321,52.29865,20.18605,mazowieckie
31692396,Mistów,village,410,52.22816,21.61579,mazowieckie
31692413,Mińsk Mazowiecki,town,40467,52.18120,21.55874,mazowieckie
31692544,Milanówek,town,16490,52.12616,20.66406,mazowieckie
31692609,Międzyleś,village,650,52.36287,21.47965,mazowieckie
31692617,Międzyborów,village,1200,52.06392,20.48049,mazowieckie
31692645,Miedniewice,village,515,52.08384,20.30249,mazowieckie
31692655,Michałowice,village,2699,52.16944,20.88583,mazowieckie
31692664,Michałów-Grabina,village,502,52.36298,21.01668,mazowieckie
31693100,Małaszewicze,village,4000,52.02404,23.53106,lubelskie
31693576,Łomianki,town,18124,52.33553,20.89501,mazowieckie
31693866,Lesznowola,village,5374,52.08896,20.94217,mazowieckie
31693983,Leoncin,village,602,52.39364,20.53407,mazowieckie
31694025,Legionowo,town,53216,52.39523,20.93083,mazowieckie
31694419,Łajski,village,1100,52.42893,20.95307,mazowieckie
31694637,Książenice,village,3291,52.07443,20.70202,mazowieckie
31695277,Kozłów Biskupi,village,1776,52.19203,20.19262,mazowieckie
31695384,Koszelówka,village,310,52.21313,22.98739,mazowieckie
31695561,Stara Kornica,village,1167,52.18430,22.93532,mazowieckie
31695669,Konstancin-Jeziorna,town,17157,52.08348,21.12081,mazowieckie
31695760,Nowy Konik,village,314,52.21865,21.30481,mazowieckie
31695791,Kompina,village,410,52.13321,20.06766,łódzkie
31695839,Komornica,village,500,52.46920,20.93016,mazowieckie
31696019,Kołbiel,village,1820,52.06488,21.48042,mazowieckie
31696320,Klaudyn,village,1500,52.27471,20.85628,mazowieckie
31696556,Kazuń Polski,village,513,52.40056,20.66278,mazowieckie
31696604,Kawęczyn,village,400,52.04484,21.17377,mazowieckie
31696686,Kąty,village,480,52.01937,21.47788,mazowieckie
31696691,Kąty,village,1018,52.00194,21.16604,mazowieckie
31696707,Kaski,village,807,52.17115,20.42464,mazowieckie
31696813,Karczew,town,9566,52.07828,21.25081,mazowieckie
31696864,Kampinos,village,843,52.27007,20.46175,mazowieckie
31697034,Kąck,village,361,52.17968,21.37516,mazowieckie
31697126,Juliopol,village,713,52.29117,20.20897,mazowieckie
31697213,Józefów,town,21035,52.13611,21.23455,mazowieckie
31697222,Józefosław,village,14806,52.10062,21.04688,mazowieckie
31697294,Jesówka,village,653,52.04020,21.01964,mazowieckie
31697300,Jesionka,village,680,52.01917,20.35360,mazowieckie
31697342,Jazgarzew,village,693,52.04084,20.99251,mazowieckie
31697362,Jatne,village,378,52.08922,21.39706,mazowieckie
31697382,Jastrzębie,village,477,52.06208,21.07612,mazowieckie
31697654,Jarzębia Łąka,village,570,52.45986,21.44776,mazowieckie
31697661,Jartypory,village,768,52.42713,22.09420,mazowieckie
31697739,Janów,village,561,52.32455,20.27300,mazowieckie
31697823,Jaktorów,village,910,52.09048,20.54763,mazowieckie
31697860,Nowy Jadów,village,440,52.49305,21.63069,mazowieckie
31697888,Jachranka,village,996,52.48306,20.97930,mazowieckie
31697897,Jabłonna Lacka,village,845,52.47655,22.44229,mazowieckie
31697905,Jabłonna,village,6552,52.37668,20.91779,mazowieckie
31698033,Iłów,village,763,52.33952,20.02630,mazowieckie
31698249,Helenka,village,302,52.27115,20.23756,mazowieckie
31698325,Grzędy,village,331,52.00934,20.84870,mazowieckie
31698333,Grzebowilk,village,526,52.11667,21.55000,mazowieckie
31698397,Grodzisk Mazowiecki,town,33708,52.10662,20.63134,mazowieckie
31698434,Grodzisk,village,656,52.15988,21.85672,mazowieckie
31698639,Grabina Radziwiłłowska,village,958,52.01342,20.28250,mazowieckie
31698948,Gołków,village,959,52.04316,20.97396,mazowieckie
31699033,Gocław,village,805,52.00911,21.55602,mazowieckie
31699149,Głosków,village,1197,52.03328,20.94408,mazowieckie
31699182,Glinianka,village,804,52.13117,21.41708,mazowieckie
31699190,Gliniak,village,320,52.15791,21.55891,mazowieckie
31699198,Glina,village,1132,52.09339,21.36249,mazowieckie
31699256,Gawłów,village,2000,52.25875,20.25477,mazowieckie
31699437,Franciszków,village,680,52.00522,20.30971,mazowieckie
31699611,Dziekanów Leśny,village,1400,52.34697,20.85435,mazowieckie
31699636,Dziechciniec,village,542,52.14966,21.35153,mazowieckie
31699707,Duczki,village,2500,52.36428,21.28661,mazowieckie
31699769,Duchnice,village,330,52.19935,20.79264,mazowieckie
31699972,Dobre,town,1627,52.32171,21.67852,mazowieckie
31699993,Dobczyn,village,1411,52.38665,21.29821,mazowieckie
31700030,Długa Kościelna,village,723,52.23915,21.34537,mazowieckie
31700134,Dębinki,village,547,52.47772,21.41959,mazowieckie
31700150,Dębe Wielkie,village,2750,52.19901,21.44000,mazowieckie
31700301,Dąbrówka,village,535,52.48376,21.29766,mazowieckie
31700401,Czerwińsk nad Wisłą,town,1033,52.39402,20.31237,mazowieckie
31700545,Czarnów,village,750,52.05645,21.09636,mazowieckie
31700592,Czarna,village,1170,52.36827,21.22587,mazowieckie
31700902,Chyliczki,village,672,52.08514,21.06752,mazowieckie
31700916,Chylice,village,1345,52.07850,21.06356,mazowieckie
31701008,Chrzęsne,village,1179,52.44639,21.48333,mazowieckie
31701105,Chrośla,village,849,52.18768,21.47268,mazowieckie
31701194,Chotomów,village,4349,52.41171,20.88141,mazowieckie
31701287,Chodów,village,1080,52.21192,22.23403,mazowieckie
31701407,Chajęty,village,445,52.46129,21.25608,mazowieckie
31701423,Celestynów,village,4792,52.05904,21.38381,mazowieckie
31701433,Cegielnia,village,760,52.40205,21.15515,mazowieckie
31701621,Stare Budy,village,700,52.06611,20.51096,mazowieckie
31701673,Budy-Grzybek,village,700,52.07122,20.54850,mazowieckie
31701694,Budy Barcząckie,village,718,52.16072,21.63039,mazowieckie
31701799,Brzozowica,village,1200,52.34092,21.67251,mazowieckie
31701849,Brześce,village,683,52.03232,21.18065,mazowieckie
31701866,Brwinów,town,14448,52.14256,20.71707,mazowieckie
31701978,Brochów,village,490,52.32220,20.26167,mazowieckie
31701989,Bramki,village,867,52.19630,20.53254,mazowieckie
31702109,Borowa Góra,village,530,52.47762,21.03020,mazowieckie
31702375,Bogatki,village,504,52.01187,20.96404,mazowieckie
31702392,Boczki Chełmońskie,village,347,52.17165,20.01033,łódzkie
31702401,Bobrowniki,village,1200,52.06283,20.02228,łódzkie
31702424,Bobrowiec,village,848,52.06225,20.96446,mazowieckie
31702473,Błonie,town,12152,52.19461,20.61697,mazowieckie
31702550,Bieniewice,village,660,52.18239,20.56383,mazowieckie
31702594,Bielawa,village,960,52.10916,21.13193,mazowieckie
31702832,Biała Podlaska,city,55429,52.03384,23.11939,lubelskie
31702885,Bełchów,village,2000,52.02228,20.05536,łódzkie
31702909,Bednary,village,976,52.11710,20.06014,łódzkie
31702927,Bartniki,village,1300,52.00697,20.26359,mazowieckie
31702948,Baranów,village,4873,52.12305,20.47315,mazowieckie
31702951,Baniocha,village,1848,52.02173,21.13016,mazowieckie
31703171,Aleksandrówka,village,678,52.20505,21.41716,mazowieckie
31703294,Żychlin,town,7815,52.24401,19.62609,łódzkie
31703381,Złaków Borowy,village,548,52.22891,19.80094,łódzkie
31703391,Zielkowice,village,900,52.09103,19.98365,łódzkie
31703513,Zduny,village,693,52.14843,19.81125,łódzkie
31704751,Unisławice,village,320,52.47334,19.16972,kujawsko-pomorskie
31704777,Tum,village,600,52.05622,19.24030,łódzkie
31704853,Topólno,village,337,52.38039,19.78203,mazowieckie
31705122,Strzelce,village,560,52.31445,19.40778,łódzkie
31705179,Strugienice,village,490,52.12909,19.79627,łódzkie
31705312,Sójki,village,350,52.28107,19.39806,łódzkie
31705434,Skrzeszewy,village,470,52.27762,19.66016,mazowieckie
31705493,Skaratki,village,440,52.02790,19.78764,łódzkie
31705556,Sielce,village,360,52.33834,19.91753,mazowieckie
31705564,Siedlec,village,450,52.11447,19.13970,łódzkie
31705619,Sanniki,town,1833,52.33089,19.86693,mazowieckie
31705868,Reczyce,village,600,52.00922,19.86405,łódzkie
31706763,Ostrowy,village,1200,52.31330,19.16216,łódzkie
31706802,Osmolin,village,570,52.29695,19.84250,mazowieckie
31707622,Mazew,village,304,52.17685,19.12262,łódzkie
31707807,Mąkolice,village,1250,52.00719,19.56192,łódzkie
31707816,Lwówek,village,450,52.34092,19.77345,mazowieckie
31707928,Lubień Kujawski,town,1360,52.40736,19.16018,kujawsko-pomorskie
31707960,Łowicz,town,26928,52.10768,19.94479,łódzkie
31708106,Leśmierz,village,990,52.02344,19.28362,łódzkie
31708153,Łanięta,village,634,52.36303,19.28277,łódzkie
31708166,Łąck,village,1350,52.46631,19.61095,mazowieckie
31708512,Koszelew,village,492,52.39637,19.68556,mazowieckie
31708678,Kiernozia,town,930,52.26877,19.87110,łódzkie
31709065,Jastrzębia,village,301,52.09475,19.90655,łódzkie
31709243,Jackowice,village,520,52.16686,19.79964,łódzkie
31709451,Grochówek,village,730,52.27152,19.26764,łódzkie
31709532,Gostynin,town,17624,52.42876,19.46130,mazowieckie
31709604,Góra Świętej Małgorzaty,village,316,52.05559,19.31950,łódzkie
31709692,Gołębiew Nowy,village,720,52.26035,19.34365,łódzkie
31709942,Gąbin,town,4117,52.39942,19.73072,mazowieckie
31710118,Dobrzyków,village,616,52.46955,19.74859,mazowieckie
31710152,Dobrzelin,village,1400,52.22874,19.61101,łódzkie
31710235,Daszyna,village,600,52.15555,19.18420,łódzkie
31710268,Dąbrowice,town,1300,52.31564,19.08451,łódzkie
31710281,Dąbkowice Dolne,village,309,52.07876,19.86165,łódzkie
31710355,Czermno,village,477,52.39913,19.79748,mazowieckie
31710443,Chodów,village,567,52.24939,19.01254,wielkopolskie
31710448,Chodecz,town,1796,52.40517,19.02726,kujawsko-pomorskie
31710502,Byszew,village,410,52.17968,19.27199,łódzkie
31710849,Borów,village,350,52.11599,19.57194,łódzkie
31711041,Bocheń,village,321,52.10513,19.81395,łódzkie
31711080,Błonie,village,550,52.07633,19.13062,łódzkie
31711222,Bielawy,village,620,52.07506,19.65685,łódzkie
31711319,Bedlno,village,640,52.20823,19.57625,łódzkie
31711329,Baruchowo,village,576,52.49010,19.23972,kujawsko-pomorskie
31711371,Balków,village,420,52.08767,19.41048,łódzkie
31711546,Ambrożew,village,340,52.02979,19.31544,łódzkie
31781811,Żychlewo,village,408,51.79865,16.99255,wielkopolskie
31781861,Żukowice,village,910,51.67300,15.98153,dolnośląskie
31781941,Żmigród,town,6339,51.47174,16.90827,dolnośląskie
31781971,Złotnik,village,870,51.69256,15.20465,lubuskie
31781976,Złoczew,town,3444,51.41805,18.60603,łódzkie
31781982,Ziółkowo,village,310,51.83209,17.05927,wielkopolskie
31782018,Zgorzelec,town,29313,51.14770,15.00790,dolnośląskie
31782022,Żerniki Wrocławskie,village,1427,51.03313,17.05579,dolnośląskie
31782031,Żeliszów,village,548,51.19195,15.64058,dolnośląskie
31782040,Żelazków,village,1250,51.85216,18.17641,wielkopolskie
31782042,Zebrzydowa,village,1526,51.22981,15.38778,dolnośląskie
31782060,Zduńska Wola,town,39846,51.60286,18.93332,łódzkie
31782061,Zbytowa,village,807,51.11525,17.42871,dolnośląskie
31782063,Zbylutów,village,591,51.14440,15.67164,dolnośląskie
31782068,Zborów,village,400,51.40158,18.92244,łódzkie
31782071,Zbarzewo,village,337,51.87580,16.37463,wielkopolskie
31782072,Zawonia,village,1174,51.31565,17.19656,dolnośląskie
31782078,Zawidów,town,4259,51.02575,15.06101,dolnośląskie
31782163,Zatonie,village,587,51.86070,15.55896,lubuskie
31782197,Żary,town,36004,51.63852,15.14225,lubuskie
31782204,Żarska Wieś,village,848,51.19372,15.09233,dolnośląskie
31782216,Żarki Wielkie,village,514,51.59231,14.75780,lubuskie
31782281,Zalesiaki,village,444,51.09962,18.90618,łódzkie
31782416,Zagrodno,village,1471,51.18901,15.86280,dolnośląskie
31782520,Żagań,town,24424,51.61481,15.32037,lubuskie
31782529,Zadzim,village,377,51.77578,18.84964,łódzkie
31782588,Zabór,village,950,51.95109,15.71438,lubuskie
31782646,Wyszanów,village,700,51.36166,18.15776,łódzkie
31782738,Wysocko Wielkie,village,1000,51.62192,17.85356,wielkopolskie
31782744,Wysocko Małe,village,1186,51.60786,17.83779,wielkopolskie
31782781,Wymiarki,village,1300,51.51395,15.08632,lubuskie
31782805,Wykroty,village,1770,51.23287,15.27508,dolnośląskie
31782943,Wszemirów,village,458,51.36689,16.99557,dolnośląskie
31782947,Wschowa,town,13533,51.80384,16.31728,lubuskie
31782960,Wrzesiny,village,373,51.70635,15.43645,lubuskie
31782978,Wrotków,village,362,51.81975,17.38041,wielkopolskie
31782985,Wrońsko,village,390,51.38688,18.84838,łódzkie
31783026,Wróblew,village,340,51.61003,18.61569,łódzkie
31783031,Wróblew,village,561,51.14690,18.41275,łódzkie
31783058,Wołów,town,12275,51.33638,16.64869,dolnośląskie
31783100,Wołczyn,town,5542,51.01903,18.04960,opolskie
31783119,Wola Wiązowa,village,360,51.32608,18.91060,łódzkie
31783216,Wola Książęca,village,800,51.95426,17.60280,wielkopolskie
31783277,Wojsławice,village,610,51.65622,18.91608,łódzkie
31783334,Wojciechów,village,327,51.11602,17.61943,opolskie
31783414,Wleń,town,1630,51.01688,15.67446,dolnośląskie
31783425,Witów,village,649,51.47047,18.83071,łódzkie
31783439,Witków,village,600,51.62754,15.51587,lubuskie
31783448,Witaszyce,village,4300,51.94279,17.57111,wielkopolskie
31783472,Wińsko,village,1800,51.47047,16.61441,dolnośląskie
31783479,Wilkowice,village,1589,51.88350,16.53123,wielkopolskie
31783651,Wilczków,village,530,51.18688,16.50061,dolnośląskie
31783697,Wijewo,village,1200,51.91804,16.18605,wielkopolskie
31783788,Wierzchowice,village,500,51.63030,15.95889,dolnośląskie
31783796,Wierzchowice,village,670,51.48224,17.33274,dolnośląskie
31783882,Wieruszów,town,8514,51.29516,18.15106,łódzkie
31784250,Widawa,village,1300,51.43750,18.94412,łódzkie
31784291,Wichów,village,510,51.73896,15.46458,lubuskie
31784494,Wichernik,village,352,51.18571,18.41856,łódzkie
31784858,Węgliniec,town,2928,51.28712,15.22414,dolnośląskie
31784916,Wąsosz Górny,village,454,51.05270,19.01150,śląskie
31784947,Warta Bolesławiecka,village,863,51.23228,15.66595,dolnośląskie
31785053,Wądroże Wielkie,village,649,51.11769,16.33290,dolnośląskie
31785096,Uniejowice,village,692,51.16277,15.85464,dolnośląskie
31785097,Uniejów,town,2932,51.97413,18.79324,łódzkie
31785134,Udanin,village,922,51.03758,16.44928,dolnośląskie
31785137,Uciechów,village,1025,51.56885,17.58684,wielkopolskie
31785138,Ubocze,village,1500,51.05025,15.42914,dolnośląskie
31785141,Tyniec Mały,village,1500,51.01899,16.91965,dolnośląskie
31785151,Tymowa,village,860,51.45052,16.35151,dolnośląskie
31785238,Twardogóra,town,6381,51.36456,17.46960,dolnośląskie
31785247,Twardocice,village,676,51.09503,15.77308,dolnośląskie
31785278,Turów,village,624,51.21253,18.52076,łódzkie
31785289,Turkowy,village,407,51.28137,17.83405,wielkopolskie
31785300,Turkowice,village,776,51.98971,18.50449,wielkopolskie
31785314,Tuplice,village,1500,51.67465,14.83122,lubuskie
31785325,Tuchola Żarska,village,518,51.80249,15.07962,lubuskie
31785395,Trzebnica,town,13631,51.30964,17.06260,dolnośląskie
31785433,Trzebiel,village,1400,51.63504,14.81837,lubuskie
31785573,Trębaczów,village,780,51.21636,17.80272,wielkopolskie
31785601,Topola Wielka,village,470,51.59784,17.75545,wielkopolskie
31785627,Topola Mała,village,1200,51.63145,17.76302,wielkopolskie
31785724,Tłokinia Wielka,village,440,51.75665,18.19601,wielkopolskie
31785852,Targówka,village,318,51.95259,18.44184,wielkopolskie
31785886,Tarchały Wielkie,village,1200,51.59156,17.70506,wielkopolskie
31785966,Tabor Wielki,village,458,51.28895,17.86560,wielkopolskie
31786021,Szynkielów,village,860,51.35122,18.75734,łódzkie
31786128,Szlichtyngowa,town,1256,51.71407,16.24460,lubuskie
31786136,Szklary Górne,village,1351,51.44075,16.09280,dolnośląskie
31786230,Szelejewo Pierwsze,village,520,51.86570,17.15893,wielkopolskie
31786243,Szczytniki nad Kaczawą,village,308,51.27713,16.29168,dolnośląskie
31786334,Szczodre,village,1243,51.19436,17.18232,dolnośląskie
31786354,Szczepanów,village,1700,51.19917,16.61051,dolnośląskie
31786413,Szadkowice,village,850,51.66647,18.97664,łódzkie
31786432,Szadek,town,1821,51.69175,18.97703,łódzkie
31786438,Syców,town,10102,51.30786,17.71981,dolnośląskie
31786444,Sworawa,village,500,51.91457,18.97285,łódzkie
31786475,Świętoszów,village,2442,51.47387,15.39293,dolnośląskie
31786484,Święta Katarzyna,village,1900,51.02637,17.11134,dolnośląskie
31786495,Świerzawa,town,2111,51.01508,15.89207,dolnośląskie
31786515,Świeligów,village,1000,51.67205,17.73237,wielkopolskie
31786521,Święciechowa,village,2640,51.85483,16.49711,wielkopolskie
31786526,Świeca,village,1006,51.53699,17.69975,wielkopolskie
31786556,Świdnica,village,1400,51.89073,15.39613,lubuskie
31786587,Świba,village,1100,51.30093,18.08381,wielkopolskie
31786657,Sułów,village,1400,51.49939,17.16935,dolnośląskie
31786669,Sułkowice,village,596,51.78982,17.03974,wielkopolskie
31786757,Stypułów,village,924,51.70379,15.55063,lubuskie
31786778,Studniska Dolne,village,682,51.10708,15.07493,dolnośląskie
31786824,Strzyżew,village,1100,51.57900,17.96936,wielkopolskie
31786832,Strzeszów,village,1030,51.24354,17.00885,dolnośląskie
31786834,Strzelce Wielkie,village,352,51.87697,17.08917,wielkopolskie
31786848,Strupina,village,469,51.38966,16.81113,dolnośląskie
31786901,Stronia,village,554,51.19969,17.53875,dolnośląskie
31786974,Stawiszyn,town,1425,51.91824,18.11154,wielkopolskie
31787051,Stary Węgliniec,village,1033,51.30407,15.19484,dolnośląskie
31787130,Stary Gostyń,village,440,51.90253,16.95783,wielkopolskie
31787198,Stare Strącze,village,1269,51.85015,16.14372,lubuskie
31787390,Spycimierz,village,380,51.94829,18.77505,łódzkie
31787476,Sośnie,village,1300,51.47385,17.63058,wielkopolskie
31787545,Solniki Wielkie,village,510,51.16249,17.47576,dolnośląskie
31787561,Sokołowiec,village,500,51.03643,15.82486,dolnośląskie
31787567,Sokołowice,village,1000,51.24327,17.44625,dolnośląskie
31787721,Sobiałkowo,village,900,51.66590,16.99521,wielkopolskie
31787773,Smolna,village,737,51.15771,17.43009,dolnośląskie
31787780,Smolice,village,1200,51.70568,17.16590,wielkopolskie
31787786,Smolec,village,6000,51.07448,16.88436,dolnośląskie
31787820,Smogorzów,village,462,51.15636,17.75945,opolskie
31787868,Smardze,village,400,51.19193,17.98719,wielkopolskie
31787903,Słuszków,village,416,51.93305,18.23916,wielkopolskie
31788005,Słupia Kapitulna,village,864,51.60707,16.96384,wielkopolskie
31788031,Słone,village,697,51.92391,15.39840,lubuskie
31788066,Ślizów,village,455,51.27055,17.71539,dolnośląskie
31788078,Śliwnik,village,950,51.53788,15.49223,lubuskie
31788125,Skrzynno,village,811,51.31586,18.65593,łódzkie
31788183,Skomlin,village,1495,51.17069,18.38618,łódzkie
31788187,Skokowa,village,1112,51.38851,16.84956,dolnośląskie
31788221,Skęczniew,village,430,51.87350,18.68988,wielkopolskie
31788269,Skalmierzyce,village,2217,51.70324,17.97440,wielkopolskie
31788282,Skałągi,village,600,51.05102,18.11491,opolskie
31788331,Sieroszowice,village,420,51.52934,15.94708,dolnośląskie
31788344,Sieradz,town,40014,51.59425,18.73788,łódzkie
31788357,Siemowo,village,450,51.90525,16.88801,wielkopolskie
31788440,Siemkowice,village,1053,51.20326,18.90125,łódzkie
31788464,Siekierczyn,village,1800,51.12119,15.19380,dolnośląskie
31788472,Siedlnica,village,816,51.76507,16.33161,lubuskie
31788541,Siedlce,village,430,51.39971,16.30460,dolnośląskie
31788568,Siecieborzyce,village,970,51.66285,15.53904,lubuskie
31788581,Siechnice,town,9957,51.03239,17.15073,dolnośląskie
31788593,Siciny,village,550,51.72741,16.42782,dolnośląskie
31788718,Serby,village,1200,51.68364,16.11133,dolnośląskie
31788771,Ścinawa,town,5356,51.41653,16.42597,dolnośląskie
31788949,Rzetnia,village,750,51.35103,17.92706,wielkopolskie
31788972,Rzeszotary,village,960,51.24995,16.16243,dolnośląskie
31789026,Rząsiny,village,570,51.07959,15.44988,dolnośląskie
31789067,Rychtal,town,1410,51.14484,17.84849,wielkopolskie
31789093,Rychłocice,village,780,51.38784,18.81671,łódzkie
31789118,Ruszów,village,1818,51.40214,15.17852,dolnośląskie
31789144,Rusiec,village,1500,51.32452,18.98603,łódzkie
31789341,Rozdrażew,village,1800,51.78133,17.50566,wielkopolskie
31789369,Równa,village,500,51.63516,18.50144,łódzkie
31789413,Rossoszyca,village,570,51.70234,18.78572,łódzkie
31789423,Rososzyca,village,1000,51.63136,18.01610,wielkopolskie
31789463,Rosochata,village,750,51.20112,16.30866,dolnośląskie
31789478,Rościsławice,village,864,51.29968,16.83354,dolnośląskie
31789543,Rojów,village,620,51.41460,17.89029,wielkopolskie
31789789,Rogoźnica,village,856,51.01041,16.29121,dolnośląskie
31789951,Rębielice Szlacheckie,village,474,51.02104,18.84756,śląskie
31789963,Rawicz,town,20305,51.61016,16.85837,wielkopolskie
31789976,Ratowice,village,1100,51.03310,17.27016,dolnośląskie
31789998,Raszków,town,2130,51.71821,17.72771,wielkopolskie
31790054,Rakoszyce,village,1000,51.09541,16.65492,dolnośląskie
31790107,Radzimów,village,784,51.05450,15.11381,dolnośląskie
31790227,Raczyce,village,1289,51.57518,17.62877,wielkopolskie
31790398,Pudliszki,village,2360,51.77180,16.93345,wielkopolskie
31790412,Pstrokonie,village,711,51.52719,18.88175,łódzkie
31790515,Przyranie,village,374,51.94195,18.18985,wielkopolskie
31790548,Przykona,village,520,51.97366,18.61440,wielkopolskie
31790561,Przygodzice,village,3000,51.59237,17.82497,wielkopolskie
31790597,Przybyszewo,village,410,51.80954,16.48039,wielkopolskie
31790605,Przybysławice,village,1000,51.70000,17.70000,wielkopolskie
31790634,Przyborów,village,1200,51.80080,15.76926,lubuskie
31790682,Przemków,town,5841,51.52754,15.78745,dolnośląskie
31790705,Przedmoście,village,1200,51.62681,16.16312,dolnośląskie
31790724,Przedmość,village,649,51.09421,18.43199,opolskie
31790865,Prusice,town,2222,51.37136,16.96007,dolnośląskie
31790870,Prusice,village,625,51.11175,15.98515,dolnośląskie
31790914,Prochowice,town,3572,51.27342,16.36443,dolnośląskie
31790928,Proboszczów,village,1005,51.06334,15.79341,dolnośląskie
31790981,Praszka,town,7322,51.05536,18.44852,opolskie
31791062,Potarzyca,village,800,51.90946,17.41855,wielkopolskie
31791180,Popowice,village,494,51.15440,18.56897,łódzkie
31791210,Popów,village,704,51.03910,18.93284,śląskie
31791224,Poniec,town,2945,51.76504,16.80599,wielkopolskie
31791230,Poniatowice,village,792,51.23438,17.54381,dolnośląskie
31791338,Polanowice,village,500,51.10578,18.18100,opolskie
31791553,Pogorzela,town,2048,51.82241,17.23104,wielkopolskie
31791659,Poddębice,town,6985,51.89266,18.95189,łódzkie
31791664,Podbrzezie Dolne,village,684,51.76581,15.61354,lubuskie
31791744,Pleszew,town,16872,51.89610,17.78657,wielkopolskie
31791771,Platerówka,village,580,51.05833,15.17315,dolnośląskie
31791839,Pisarzowice,village,1600,51.14023,15.24346,dolnośląskie
31791849,Piotrówka,village,390,51.17020,17.93702,wielkopolskie
31791993,Pietrzykowice,village,512,51.05546,16.88276,dolnośląskie
31792032,Piersno,village,500,51.08214,16.57854,dolnośląskie
31792043,Pieńsk,town,5938,51.24578,15.04499,dolnośląskie
31792053,Pielgrzymka,village,774,51.12011,15.81474,dolnośląskie
31792212,Perzów,village,899,51.27574,17.80963,wielkopolskie
31792244,Pęgów,village,1704,51.24650,16.93280,dolnośląskie
31792263,Pęczniew,village,830,51.80346,18.72197,łódzkie
31792304,Pawłów Trzebnicki,village,410,51.35651,17.02642,dolnośląskie
31792345,Pawłowice,village,2000,51.82494,16.75434,wielkopolskie
31792372,Pątnów,village,1425,51.14418,18.61455,łódzkie
31792377,Paszowice,village,1469,51.01439,16.16159,dolnośląskie
31792420,Pasikurowice,village,763,51.21062,17.10520,dolnośląskie
31792444,Parzynów,village,670,51.36904,17.90264,wielkopolskie
31792454,Parzymiechy,village,715,51.04022,18.74063,śląskie
31792463,Parzyce,village,758,51.23176,15.40397,dolnośląskie
31792509,Parszowice,village,450,51.36240,16.37566,dolnośląskie
31792518,Parowa,village,982,51.36254,15.28087,dolnośląskie
31792532,Parczew,village,550,51.63766,17.93338,wielkopolskie
31792704,Ozorowice,village,516,51.23898,16.97788,dolnośląskie
31792713,Ożegów,village,980,51.17397,18.88852,łódzkie
31792732,Ożarów,village,915,51.14006,18.51369,łódzkie
31792851,Ostrzeszów,town,14036,51.42577,17.93318,wielkopolskie
31792887,Ostrów Wielkopolski,town,70725,51.64950,17.81671,wielkopolskie
31792926,Ostrowieczno,village,320,51.97927,17.11381,wielkopolskie
31792988,Osowa Sień,village,1125,51.83915,16.33618,lubuskie
31792996,Osolin,village,729,51.34239,16.84663,dolnośląskie
31793005,Osola,village,401,51.33539,16.86626,dolnośląskie
31793232,Osła,village,551,51.32061,15.75320,dolnośląskie
31793239,Osjaków,town,1326,51.28898,18.79110,łódzkie
31793390,Opatówek,town,3575,51.73944,18.21373,wielkopolskie
31793395,Opatów,village,1200,51.21930,18.14420,wielkopolskie
31793416,Olszyniec,village,350,51.65402,15.23490,lubuskie
31793439,Olszowa,village,1000,51.29548,18.04776,wielkopolskie
31793643,Olewin,village,430,51.22650,18.64017,łódzkie
31793740,Olbrachtów,village,780,51.60098,15.09569,lubuskie
31793825,Okalew,village,530,51.33307,18.57595,łódzkie
31793879,Odolanów,town,5011,51.57422,17.67351,wielkopolskie
31793938,Ocice,village,974,51.20106,15.49029,dolnośląskie
31793988,Stara Obra,village,614,51.88713,17.45720,wielkopolskie
31793998,Oborniki Śląskie,town,9101,51.30107,16.91455,dolnośląskie
31794082,Nowy Kościół,village,1209,51.06974,15.86431,dolnośląskie
31794151,Nowogród Bobrzański,town,4850,51.79865,15.23650,lubuskie
31794192,Nowe Skalmierzyce,town,4754,51.71091,17.99433,wielkopolskie
31794307,Nowa Wieś Legnicka,village,560,51.15246,16.17399,dolnośląskie
31794317,Nowa Wieś Książęca,village,722,51.23670,17.86463,wielkopolskie
31794338,Nowa Wieś Grodziska,village,797,51.14899,15.77572,dolnośląskie
31794492,Nosków,village,960,51.93142,17.39694,wielkopolskie
31794524,Niwnice,village,880,51.12422,15.49201,dolnośląskie
31794632,Niewiesz,village,320,51.93544,18.85882,łódzkie
31794642,Nietuszyna,village,490,51.31687,18.58352,łódzkie
31794653,Nietążkowo,village,554,51.99347,16.52475,wielkopolskie
31794723,Niemysłów,village,390,51.86892,18.81507,łódzkie
31794799,Niegosławice,village,930,51.58780,15.71529,lubuskie
31794838,Niedoradz,village,1381,51.87078,15.66863,lubuskie
31794864,Nieciszów,village,606,51.18303,17.32044,dolnośląskie
31794874,Niechmirów,village,361,51.39185,18.76142,łódzkie
31794886,Niechlów,village,871,51.68944,16.36604,dolnośląskie
31794907,Nawojów Łużycki,village,337,51.17230,15.33435,dolnośląskie
31794910,Namysłów,town,16942,51.07663,17.71856,opolskie
31795011,Nadolice Wielkie,village,2545,51.08462,17.23757,dolnośląskie
31795017,Nadolice Małe,village,551,51.08696,17.22089,dolnośląskie
31795043,Myślniew,village,360,51.39954,17.81093,wielkopolskie
31795128,Mszczyczyn,village,350,51.94096,17.09216,wielkopolskie
31795155,Mrozów,village,1265,51.18780,16.78944,dolnośląskie
31795168,Kępno,town,13951,51.27903,17.98666,wielkopolskie
31795176,Mroczeń,village,1578,51.22577,17.98725,wielkopolskie
31795242,Mórkowo,village,388,51.91200,16.53122,wielkopolskie
31795289,Mokrsko,village,1551,51.17409,18.45412,łódzkie
31795297,Mokronos,village,800,51.80552,17.34289,wielkopolskie
31795320,Mojęcice,village,1141,51.29847,16.59626,dolnośląskie
31795335,Modrzyca,village,1941,51.83334,15.71424,lubuskie
31795403,Młynisko,village,445,51.23657,18.39058,łódzkie
31795446,Mirostowice Górne,village,445,51.57626,15.09530,lubuskie
31795452,Mirostowice Dolne,village,2800,51.56978,15.14285,lubuskie
31795464,Mirocin Górny,village,597,51.75237,15.51440,lubuskie
31795472,Mirocin Dolny,village,410,51.78157,15.54571,lubuskie
31795490,Mirków,village,800,51.31711,18.14915,łódzkie
31795497,Minkowice Oławskie,village,905,51.01819,17.46509,dolnośląskie
31795509,Miłowice,village,569,51.18825,17.64588,dolnośląskie
31795510,Miłoszyce,village,1418,51.05220,17.31153,dolnośląskie
31795512,Mirków,village,1965,51.16628,17.15886,dolnośląskie
31795513,Miłoradzice,village,360,51.32357,16.26909,dolnośląskie
31795524,Miłkowice,village,1949,51.25607,16.06291,dolnośląskie
31795528,Milików,village,1000,51.18638,15.41404,dolnośląskie
31795532,Milicz,town,11025,51.53200,17.27525,dolnośląskie
31795540,Miłaków,village,350,51.67923,15.78796,lubuskie
31795546,Mikulice,village,390,51.93434,18.59091,wielkopolskie
31795547,Mikstat,town,1743,51.53153,17.97107,wielkopolskie
31795556,Mierzyce,village,1021,51.15561,18.69272,łódzkie
31795583,Mierczyce,village,672,51.09272,16.31146,dolnośląskie
31795616,Miękinia,town,2500,51.19096,16.73869,dolnośląskie
31795622,Miejska Górka,town,3152,51.65521,16.95615,wielkopolskie
31795661,Miechowa,village,300,51.13681,18.10839,opolskie
31795718,Męcinka,village,795,51.07350,16.09500,dolnośląskie
31795918,Małkowice,village,500,51.07651,16.82279,dolnośląskie
31795922,Małków,village,380,51.68464,18.63694,łódzkie
31795936,Małgów,village,330,51.80319,17.28561,wielkopolskie
31795944,Malczyce,village,3200,51.22035,16.49372,dolnośląskie
31795950,Malanów,village,1607,51.95358,18.39244,wielkopolskie
31795980,Magnuszewice,village,770,51.92349,17.60559,wielkopolskie
31796031,Łyskornia,village,653,51.26136,18.39375,łódzkie
31796035,Łysiny,village,316,51.81513,16.21754,lubuskie
31796059,Lutynia,village,4500,51.13500,16.78297,dolnośląskie
31796064,Lututów,town,2214,51.37125,18.43460,łódzkie
31796084,Łupice,village,779,51.96310,16.10819,lubuskie
31796122,Łuczyna,village,463,51.29866,17.28267,dolnośląskie
31796132,Lubsko,town,13240,51.78819,14.97213,lubuskie
31796147,Lubomierz,town,1792,51.01246,15.51022,dolnośląskie
31796154,Lubnów,village,591,51.26127,16.88549,dolnośląskie
31796163,Lubków,village,470,51.23627,15.70677,dolnośląskie
31796176,Lubieszów,village,666,51.79681,15.65907,lubuskie
31796192,Lubięcin,village,810,51.89129,15.87799,lubuskie
31796200,Lubiąż,village,2300,51.26753,16.46758,dolnośląskie
31796308,Lisków,village,1628,51.83265,18.39930,wielkopolskie
31796337,Lipinki Łużyckie,village,1800,51.63874,15.00444,lubuskie
31796357,Ligota Mała,village,550,51.13601,17.36380,dolnośląskie
31796385,Leziona,village,700,51.65991,18.05568,wielkopolskie
31796390,Lewków,village,1400,51.69327,17.86174,wielkopolskie
31796401,Letnica,village,630,51.89810,15.33298,lubuskie
31796404,Leszno Górne,village,1600,51.47693,15.61506,lubuskie
31796409,Leszno Dolne,village,320,51.51481,15.60556,lubuskie
31796417,Leśniów Wielki,village,656,51.98711,15.31057,lubuskie
31796434,Leonów,village,470,51.89501,17.28061,wielkopolskie
31796450,Łęka Wielka,village,660,51.82828,16.88082,wielkopolskie
31796460,Łęka Mroczeńska,village,640,51.22512,17.96330,wielkopolskie
31796467,Legnickie Pole,village,780,51.14457,16.24108,dolnośląskie
31796488,Łazy Wielkie,village,540,51.41458,17.29856,dolnośląskie
31796507,Ławszowa,village,760,51.39274,15.41959,dolnośląskie
31796537,Lasocice,village,735,51.82411,16.48417,wielkopolskie
31796569,Lamki,village,1500,51.65724,17.73140,wielkopolskie
31796580,Łąkociny,village,800,51.66196,17.66249,wielkopolskie
31796606,Łagoszów Wielki,village,410,51.56832,15.96260,dolnośląskie
31796625,Kwietno,village,387,51.17212,16.47136,dolnośląskie
31796730,Kuźnica Grabowska,village,544,51.50465,18.26977,wielkopolskie
31796928,Kuraszków,village,388,51.31478,16.94124,dolnośląskie
31797022,Kuczyna,village,314,51.74759,16.95757,wielkopolskie
31797045,Kucharki,village,300,51.80000,17.91667,wielkopolskie
31797073,Księginki,village,300,51.96394,17.07928,wielkopolskie
31797089,Książ Śląski,village,381,51.82938,15.55483,lubuskie
31797132,Krzyżowa,village,567,51.32479,15.67544,dolnośląskie
31797173,Krzyworzeka,village,960,51.18357,18.51603,łódzkie
31797356,Krzaki,village,300,51.51939,18.59463,łódzkie
31797403,Krotoszyn,town,28704,51.69593,17.43742,wielkopolskie
31797411,Krotoszyce,village,651,51.15026,16.05027,dolnośląskie
31797426,Krośnice,village,1800,51.47607,17.35951,dolnośląskie
31797498,Stara Krobia,village,502,51.81382,17.01310,wielkopolskie
31797598,Kraszewice,village,1600,51.51724,18.22211,wielkopolskie
31797660,Krajewice,village,400,51.83708,17.03091,wielkopolskie
31797766,Koźlice,village,300,51.60499,15.89432,dolnośląskie
31797789,Koźla,village,539,51.87609,15.31250,lubuskie
31797866,Kowale Księże,village,398,51.97268,18.50513,wielkopolskie
31797877,Kotwasice,village,859,51.97493,18.35905,wielkopolskie
31797891,Kotowiecko,village,700,51.76945,17.94516,wielkopolskie
31797903,Kotowice,village,380,51.22418,16.91923,dolnośląskie
31797910,Kotowice,village,660,51.02392,17.22988,dolnośląskie
31797941,Kotlin,village,3416,51.91911,17.64775,wielkopolskie
31797948,Kotla,village,1400,51.74373,16.04095,dolnośląskie
31797976,Kostów,village,415,51.16590,18.14783,opolskie
31797987,Kostomłoty,village,830,51.04555,16.61277,dolnośląskie
31798009,Koskowice,village,360,51.18387,16.24945,dolnośląskie
31798097,Kościelna Wieś,village,2500,51.78494,18.01015,wielkopolskie
31798153,Korczew,village,441,51.63839,18.91616,łódzkie
31798288,Konopnica,village,840,51.35414,18.82251,łódzkie
31798299,Konin Żagański,village,730,51.54554,15.20168,lubuskie
31798325,Konarzew,village,700,51.67854,17.37993,wielkopolskie
31798336,Konary,village,1100,51.65579,17.04287,wielkopolskie
31798359,Konary,village,505,51.04033,16.38941,dolnośląskie
31798403,Kolsko,village,1000,51.96072,15.96198,lubuskie
31799642,Kołątajew,village,807,51.68610,17.85367,wielkopolskie
31799776,Kobyla Góra,village,2000,51.37840,17.83803,wielkopolskie
31799794,Kobierno,village,823,51.71826,17.48325,wielkopolskie
31799880,Klonówiec,village,363,51.90626,16.58356,wielkopolskie
31799926,Kłocko,village,850,51.56667,18.68333,łódzkie
31799975,Kliczków Mały,village,410,51.53706,18.52604,łódzkie
31800016,Kleśniska,village,468,51.04157,18.70742,śląskie
31800036,Klenica,village,1400,51.99148,15.78428,lubuskie
31800097,Kierzno,village,550,51.32771,18.06481,wielkopolskie
31800148,Kiełczów,village,3750,51.13985,17.17909,dolnośląskie
31800215,Kawice,village,500,51.23130,16.42525,dolnośląskie
31800238,Kawęczyn,village,533,51.91028,18.53439,wielkopolskie
31800425,Kaszyce Wielkie,village,413,51.41314,17.02142,dolnośląskie
31800449,Kaszczor,village,1070,51.95808,16.16134,wielkopolskie
31800593,Karminek,village,460,51.81925,17.68453,wielkopolskie
31800863,Kamieniec Wrocławski,village,1897,51.07525,17.17327,dolnośląskie
31800955,Kaliszkowice Ołobockie,village,880,51.55000,18.05000,wielkopolskie
31800968,Kaliszkowice Kaliskie,village,940,51.53333,18.05000,wielkopolskie
31801044,Kadłub,village,509,51.17007,18.55230,łódzkie
31801071,Kaczki Średnie,village,400,51.97030,18.55014,wielkopolskie
31801144,Jutrosin,town,1910,51.65362,17.16899,wielkopolskie
31801236,Julianpol,village,508,51.00750,18.65912,opolskie
31801345,Jeziorsko,village,300,51.79446,18.64826,łódzkie
31801388,Jezierzyce Kościelne,village,502,51.89411,16.40325,wielkopolskie
31801446,Jerzmanice-Zdrój,village,663,51.11535,15.87535,dolnośląskie
31801528,Jelcz-Laskowice,town,15380,51.03983,17.34996,dolnośląskie
31801541,Jędrzychowice,village,632,51.73960,16.29015,lubuskie
31801572,Jędrzychów,village,537,51.45000,16.05000,dolnośląskie
31801578,Jedlec,village,720,51.84947,17.96395,wielkopolskie
31801603,Jaworzno,village,525,51.02592,18.64839,opolskie
31801635,Jawor,town,21494,51.05047,16.19320,dolnośląskie
31801664,Jaśkowice Legnickie,village,388,51.22152,16.31434,dolnośląskie
31801786,Jaraczewo,town,1369,51.96891,17.29811,wielkopolskie
31801825,Janków Zaleśny,village,540,51.69220,17.64664,wielkopolskie
31801846,Jankowa Żagańska,village,471,51.57130,15.17756,lubuskie
31801988,Jakubowo Lubińskie,village,300,51.46683,15.87632,dolnośląskie
31802069,Jaczów,village,1342,51.62692,16.07394,dolnośląskie
31802077,Jabłonów,village,661,51.50438,15.91761,dolnośląskie
31802084,Jabłonów,village,661,51.68175,15.40908,lubuskie
31802339,Izabelów,village,900,51.62269,18.89722,łódzkie
31802369,Iwiny,village,500,51.21794,15.71831,dolnośląskie
31802384,Iwiny,village,421,51.04232,17.07521,dolnośląskie
31802395,Iwanowice,village,690,51.65460,18.32721,wielkopolskie
31802423,Iłowa,town,3725,51.50068,15.19846,lubuskie
31802583,Henryków Lubański,village,850,51.16753,15.25319,dolnośląskie
31802681,Gutów,village,300,51.76048,17.87089,wielkopolskie
31802728,Gubin,town,16114,51.95092,14.72932,lubuskie
31802813,Gruszczyce,village,462,51.60884,18.46687,łódzkie
31802862,Gromadzice,village,380,51.28719,18.61646,łódzkie
31802868,Gromadka,village,2150,51.36144,15.75694,dolnośląskie
31802889,Grodziec Mały,village,500,51.68782,16.07593,dolnośląskie
31802927,Grochowice,village,370,51.78333,16.01667,dolnośląskie
31803009,Grębocice,village,1500,51.59815,16.16758,dolnośląskie
31803025,Grębień,village,527,51.13929,18.58038,łódzkie
31803056,Grębanin,village,819,51.24431,17.97282,wielkopolskie
31803093,Laski,village,1400,51.19433,18.02634,wielkopolskie
31803153,Grabowno Wielkie,village,1200,51.34920,17.41683,dolnośląskie
31803186,Grabów nad Prosną,town,1917,51.50605,18.11888,wielkopolskie
31803235,Grabonóg,village,535,51.87155,17.04938,wielkopolskie
31803251,Grąbków,village,586,51.96088,18.40910,wielkopolskie
31803278,Grabik,village,922,51.65539,15.10294,lubuskie
31803356,Gozdnica,town,2847,51.43732,15.09603,lubuskie
31803376,Goszczanów,village,824,51.78917,18.50548,łódzkie
31803384,Goszcz,village,940,51.39617,17.48042,dolnośląskie
31803450,Gościszów,village,1490,51.16179,15.45175,dolnośląskie
31803469,Gościejewice,village,460,51.73247,16.79808,wielkopolskie
31803487,Górzyn,village,894,51.82911,14.97806,lubuskie
31803495,Górzyn,village,400,51.50210,16.39585,dolnośląskie
31803503,Gorzyce Wielkie,village,2076,51.63741,17.72949,wielkopolskie
31803512,Gorzyce Małe,village,400,51.60684,17.70931,wielkopolskie
31803542,Gorzupia,village,695,51.69284,17.51659,wielkopolskie
31803574,Gorzów Śląski,town,2430,51.02816,18.42227,opolskie
31803701,Górka Duchowna,village,1000,51.95296,16.59136,wielkopolskie
31803811,Gołuchów,village,2000,51.84946,17.93080,wielkopolskie
31803834,Goliszów,village,730,51.28095,15.98382,dolnośląskie
31803912,Golędzinów,village,466,51.26878,16.92375,dolnośląskie
31803928,Gołębice,village,416,51.18189,17.68255,dolnośląskie
31804095,Godzieszów,village,640,51.21015,15.24889,dolnośląskie
31804118,Godziesze Wielkie,village,720,51.64556,18.17901,wielkopolskie
31804137,Godziesze Małe,village,700,51.64718,18.15999,wielkopolskie
31804145,Godzięcin,village,671,51.33300,16.77277,dolnośląskie
31804210,Głuchów Górny,village,390,51.27053,17.13152,dolnośląskie
31804302,Głębowice,village,520,51.44657,16.73565,dolnośląskie
31804357,Gierałtów,village,1200,51.20611,15.31764,dolnośląskie
31805144,Gaworzyce,village,1500,51.62819,15.88253,dolnośląskie
31805151,Gaszyn,village,1063,51.19864,18.55306,łódzkie
31805183,Garzyn,village,1100,51.86671,16.78757,wielkopolskie
31805234,Gana,village,300,51.06985,18.53100,opolskie
31805244,Gałów,village,557,51.11112,16.81459,dolnośląskie
31805307,Galewice,village,1500,51.34182,18.25319,łódzkie
31805354,Gajków,village,1145,51.05819,17.18653,dolnośląskie
31805371,Gądkowice,village,450,51.56924,17.46362,dolnośląskie
31805492,Feliksów,village,399,51.94598,18.35857,wielkopolskie
31805874,Dziuplina,village,336,51.06760,17.33611,dolnośląskie
31805883,Dzikowice,village,526,51.59831,15.60033,lubuskie
31805928,Dzietrzychowice,village,800,51.66394,15.35267,lubuskie
31805944,Dzietrzkowice,village,960,51.15685,18.32610,łódzkie
31806052,Działoszyn,town,5212,51.11679,18.86516,łódzkie
31806125,Dziadowice,village,494,51.99173,18.35970,wielkopolskie
31806134,Dziadowa Kłoda,village,1174,51.23328,17.70760,dolnośląskie
31806220,Dychów,village,653,51.98528,15.06105,lubuskie
31806276,Dusina,village,310,51.90958,16.99736,wielkopolskie
31806347,Dubin,village,710,51.62124,17.14484,wielkopolskie
31806464,Drożków,village,468,51.68320,15.07251,lubuskie
31806470,Drożki,village,540,51.19896,17.85894,wielkopolskie
31806477,Droszków,village,1463,51.93083,15.65916,lubuskie
31806637,Doruchów,village,2400,51.41689,18.07667,wielkopolskie
31806648,Donaborów,village,500,51.26842,18.07363,wielkopolskie
31806715,Domasław,village,729,51.01089,16.95620,dolnośląskie
31806781,Dobrzeń,village,798,51.24388,17.28459,dolnośląskie
31806805,Dobroszyce,village,2363,51.26554,17.34535,dolnośląskie
31806974,Długołęka,village,3002,51.17332,17.19279,dolnośląskie
31806989,Długie Stare,village,810,51.82315,16.44370,wielkopolskie
31807121,Dębno Polskie,village,613,51.58506,16.88105,wielkopolskie
31807317,Daniszyn,village,1200,51.65519,17.63666,wielkopolskie
31807347,Daleszyn,village,480,51.91006,16.96986,wielkopolskie
31807366,Dalachów,village,1295,51.07651,18.58719,opolskie
31807667,Dąbcze,village,1000,51.82287,16.65443,wielkopolskie
31807682,Czyżówek,village,590,51.50636,15.16766,lubuskie
31807728,Czeszów,village,970,51.38034,17.24405,dolnośląskie
31807770,Czernina,village,807,51.71941,16.61606,dolnośląskie
31807786,Czernica,village,1186,51.04858,17.23637,dolnośląskie
31807811,Czerna,village,366,51.53220,15.23779,lubuskie
31807823,Czerna,village,1100,51.22502,15.35657,dolnośląskie
31807893,Czekanów,village,780,51.67715,17.87542,wielkopolskie
31807925,Czciradz,village,445,51.73527,15.63908,lubuskie
31808041,Czarnożyły,village,1300,51.28153,18.56338,łódzkie
31808097,Czajków,village,1100,51.48811,18.32661,wielkopolskie
31808350,Cieszków,village,1800,51.63040,17.35956,dolnośląskie
31808423,Cielmów,village,346,51.66994,14.85446,lubuskie
31808452,Cieciułów,village,520,51.00364,18.61951,opolskie
31808470,Ciechów,village,1500,51.13236,16.56849,dolnośląskie
31808493,Chynowa,village,1100,51.56927,17.92150,wielkopolskie
31808566,Chwaliszew,village,948,51.64397,17.53077,wielkopolskie
31808629,Chrząstawa Wielka,village,1782,51.09546,17.30219,dolnośląskie
31808699,Chróstnik,village,1099,51.35555,16.15732,dolnośląskie
31808726,Chróścina,village,529,51.74264,16.52962,dolnośląskie
31808738,Chróścin,village,630,51.17509,18.19096,łódzkie
31808784,Chotów,village,490,51.20158,18.48332,łódzkie
31808792,Chotków,village,815,51.70548,15.47954,lubuskie
31808857,Chojnów,town,12769,51.27229,15.93352,dolnośląskie
31808967,Chojne,village,961,51.53796,18.81220,łódzkie
31808982,Chojęcin,village,510,51.27209,17.95150,wielkopolskie
31809028,Chocz,town,1691,51.97521,17.87069,wielkopolskie
31809131,Chocianowiec,village,813,51.39062,15.94657,dolnośląskie
31809141,Chocianów,town,7576,51.41683,15.89869,dolnośląskie
31809153,Chobienia,village,650,51.54391,16.44860,dolnośląskie
31809193,Chlewo,village,425,51.49224,18.04410,wielkopolskie
31809203,Chichy,village,510,51.61535,15.48236,lubuskie
31809254,Chełmce,village,900,51.69879,18.17309,wielkopolskie
31809286,Charłupia Wielka,village,400,51.57063,18.62290,łódzkie
31809292,Charłupia Mała,village,680,51.61983,18.67947,łódzkie
31809716,Bytom Odrzański,town,4051,51.73083,15.82692,lubuskie
31809727,Byczyna,town,3476,51.11424,18.21433,opolskie
31809741,Burzenin,village,960,51.46111,18.83265,łódzkie
31809843,Bukownica,village,950,51.46936,18.05137,wielkopolskie
31809882,Bukówiec Górny,village,1645,51.94662,16.40585,wielkopolskie
31809890,Bukowie,village,617,51.14664,17.58258,opolskie
31809915,Bukowice,village,1651,51.39622,17.36701,dolnośląskie
31810047,Buczyna,village,420,51.54550,15.90596,dolnośląskie
31810128,Brzeźnio,village,1150,51.49474,18.62286,łódzkie
31810197,Brzezinki,village,450,51.03467,18.08247,opolskie
31810237,Brzezia Łąka,village,1136,51.12301,17.24387,dolnośląskie
31810259,Brzeg Dolny,town,12765,51.26912,16.70814,dolnośląskie
31810271,Brzeg,village,360,51.75395,18.67627,łódzkie
31810294,Brunów,village,496,51.38911,16.06497,dolnośląskie
31810376,Bronowice,village,370,51.56345,14.75553,lubuskie
31810418,Bronków,village,320,51.96207,15.00445,lubuskie
31810430,Broniszów,village,375,51.78426,15.48788,lubuskie
31810526,Brenno,village,1200,51.92448,16.21190,wielkopolskie
31810600,Brąszewice,village,1100,51.49861,18.44931,łódzkie
31810613,Bralin,village,2804,51.28554,17.90207,wielkopolskie
31810635,Bożeń,village,500,51.39116,16.63382,dolnośląskie
31810785,Borowa,village,673,51.19090,17.27990,dolnośląskie
31810856,Borek Wielkopolski,town,2440,51.91615,17.24260,wielkopolskie
31810907,Boników,village,500,51.54429,17.66230,wielkopolskie
31810980,Bolesławiec,town,900,51.19839,18.19180,łódzkie
31810993,Bojanowo,town,2856,51.70700,16.74877,wielkopolskie
31811020,Bojadła,village,1200,51.95294,15.80951,lubuskie
31811062,Bogumiłów,village,450,51.54822,18.75332,łódzkie
31811116,Bogdaszowice,village,671,51.08590,16.78349,dolnośląskie
31811148,Bogaczów,village,437,51.84960,15.26041,lubuskie
31811169,Boczków,village,400,51.73398,17.99191,wielkopolskie
31811182,Bobrzany,village,477,51.57489,15.45124,lubuskie
31811263,Blizanów,village,414,51.90136,18.01374,wielkopolskie
31811271,Bledzianów,village,402,51.47387,17.85092,wielkopolskie
31811278,Błaszki,town,2094,51.65252,18.43331,łódzkie
31811295,Biskupice Ołoboczne,village,1500,51.67683,17.94480,wielkopolskie
31811432,Bierutów,town,4631,51.12527,17.54004,dolnośląskie
31811512,Bieniec,village,488,51.11946,18.64735,łódzkie
31811582,Bielany Wrocławskie,village,1635,51.03929,16.96868,dolnośląskie
31811632,Biedrzychowice,village,966,51.04102,15.38042,dolnośląskie
31811714,Biała Rządowa,village,644,51.26294,18.46430,łódzkie
31811742,Biadki,village,1400,51.67549,17.54644,wielkopolskie
31811749,Biadaszki,village,300,51.25326,18.11343,wielkopolskie
31811789,Nowy Belęcin,village,320,51.89597,16.86725,wielkopolskie
31811908,Bartochów,village,380,51.67081,18.62374,łódzkie
31811992,Baranów,village,1500,51.26426,18.00913,wielkopolskie
31812005,Bałdrzychów,village,440,51.85966,18.91766,łódzkie
31812033,Babkowice,village,300,51.77934,17.15030,wielkopolskie
31812183,Aleksandria,village,530,51.61259,18.22529,wielkopolskie
31861782,Żmudź,village,663,51.02437,23.67268,lubelskie
31861945,Żelechlinek,village,555,51.71102,20.03441,łódzkie
31862066,Zbijów Mały,village,312,51.16541,21.01709,mazowieckie
31862306,Żarnów,town,1074,51.24799,20.17205,łódzkie
31862328,Zapady,village,514,51.90024,20.07226,łódzkie
31862618,Zaława,village,319,51.26326,20.76732,mazowieckie
31862640,Zakrzewska Wola,village,665,51.45096,20.96680,mazowieckie
31862750,Zagoździe,village,300,51.91667,22.11667,lubelskie
31862869,Zaborowice,village,779,51.03479,20.47091,świętokrzyskie
31863031,Wysokin,village,764,51.53136,20.55315,mazowieckie
31863035,Wysokienice,village,737,51.79371,20.12645,łódzkie
31863063,Wysoczyn,village,650,51.91605,21.26336,mazowieckie
31863206,Wygnanów,village,390,51.40581,20.37777,łódzkie
31863387,Wołów,village,310,51.09439,20.79809,świętokrzyskie
31863418,Wólka Zychowa,village,420,51.21723,20.59477,świętokrzyskie
31863540,Wólka Plebańska,village,500,51.15093,20.63949,świętokrzyskie
31863718,Wólka Domaszewska,village,723,51.83881,22.35018,lubelskie
31863849,Wola Szkucka,village,340,51.11708,20.12320,świętokrzyskie
31863869,Wola Rębkowska,village,1400,51.90499,21.55596,mazowieckie
31863876,Wola Prażmowska,village,320,51.94279,20.98492,mazowieckie
31863910,Wola Mysłowska,village,330,51.84422,21.93775,lubelskie
31863928,Wola Makowska,village,700,51.97811,20.06135,łódzkie
31863984,Wola Korzeniowa,village,473,51.20070,20.85015,mazowieckie
31864048,Wola Gałecka,village,310,51.45013,20.57099,mazowieckie
31864077,Wola-Chojnata,village,450,51.79950,20.52245,łódzkie
31864119,Wojtyniów,village,460,51.09961,20.76524,świętokrzyskie
31864173,Wojciechów,village,920,51.23556,22.24472,lubelskie
31864305,Wir,village,510,51.45995,20.75387,mazowieckie
31864387,Wilkołaz Pierwszy,village,861,51.01587,22.34898,lubelskie
31864571,Wieniawa,village,898,51.36053,20.79895,mazowieckie
31864666,Werówka,village,395,51.45368,20.43463,łódzkie
31864680,Węgrzynów,village,587,51.00978,20.46158,świętokrzyskie
31864701,Wąwolnica,town,971,51.29353,22.14650,lubelskie
31864703,Wąwał,village,700,51.50153,20.06201,łódzkie
31864710,Warszawice,village,330,51.97139,21.30975,mazowieckie
31864785,Wąchock,town,2413,51.07381,21.01169,świętokrzyskie
31864786,Uwieliny,village,631,51.97047,21.04628,mazowieckie
31864818,Ulów,village,380,51.56832,20.68213,mazowieckie
31864859,Ubyszów,village,380,51.13034,20.76705,świętokrzyskie
31864875,Tychów Stary,village,880,51.12382,21.09389,świętokrzyskie
31864878,Tychów Nowy,village,820,51.14116,21.09877,świętokrzyskie
31864892,Turze Rogi,village,493,51.91894,22.46729,lubelskie
31864903,Turowice,village,360,51.18098,20.05859,świętokrzyskie
31864923,Tuczna,village,887,51.88026,23.42465,lubelskie
31864925,Tuchowicz,village,450,51.88951,22.22313,lubelskie
31864950,Trzebień,village,330,51.73153,21.36741,mazowieckie
31864995,Trębaczew,village,650,51.70542,20.58855,łódzkie
31865002,Trablice,village,1100,51.35157,21.13137,mazowieckie
31865012,Topolice,village,310,51.27350,20.17178,łódzkie
31865024,Tomaszów Mazowiecki,town,59388,51.53169,20.00842,łódzkie
31865115,Tarczyn,town,4248,51.98029,20.83396,mazowieckie
31865214,Szałas,village,550,51.05294,20.62926,świętokrzyskie
31865268,Święte Nowaki,village,450,51.93670,19.98550,łódzkie
31865273,Świerże Górne,village,1800,51.65623,21.48333,mazowieckie
31865282,Świerczów,village,530,51.11522,20.62991,świętokrzyskie
31865285,Świerczek,village,328,51.25337,20.89660,mazowieckie
31865287,Świerczek,village,360,51.16025,20.91443,świętokrzyskie
31865310,Świderki,village,568,51.84568,22.33866,lubelskie
31865321,Suskowola,village,860,51.44813,21.48054,mazowieckie
31865327,Sułkowice,village,1100,51.92791,21.09095,mazowieckie
31865372,Suchedniów,town,7346,51.04723,20.83867,świętokrzyskie
31865376,Sucha,village,1279,51.62081,20.94723,mazowieckie
31865418,Strzemeszna,village,350,51.66667,20.20000,łódzkie
31865461,Stromiec,village,909,51.64646,21.09101,mazowieckie
31865813,Starosiedlice,village,350,51.18333,21.21667,mazowieckie
31865838,Stara Warka,village,320,51.80220,21.22798,mazowieckie
31865852,Stąporków,town,5014,51.13801,20.55731,świętokrzyskie
31865879,Stanisławice,village,1100,51.57260,21.47638,mazowieckie
31865882,Stanin,village,820,51.87139,22.19769,lubelskie
31865910,Spała,village,400,51.54018,20.13620,łódzkie
31865936,Sośninka,village,400,51.78232,21.57462,mazowieckie
31865943,Sorbin,village,560,51.10381,20.68869,świętokrzyskie
31865954,Sołtyków,village,754,51.34904,21.17645,mazowieckie
31865996,Stary Sokołów,village,350,51.14053,20.30627,świętokrzyskie
31866121,Sobienie-Jeziory,village,700,51.93114,21.30266,mazowieckie
31866128,Sobienie Biskupie,village,420,51.95577,21.32265,mazowieckie
31866216,Snarki,village,330,51.38707,20.44516,mazowieckie
31866224,Smyków,village,330,51.10120,20.00891,świętokrzyskie
31866268,Smogorzów,village,970,51.38882,20.60958,mazowieckie
31866289,Smarków,village,410,51.19098,20.54202,świętokrzyskie
31866295,Smardzewice,village,1700,51.47680,20.02588,łódzkie
31866325,Słomków,village,660,51.95969,19.99415,łódzkie
31866352,Sławatycze,village,2738,51.76357,23.55552,lubelskie
31866371,Skrzyńsko,village,1200,51.37485,20.64890,mazowieckie
31866374,Skrzynno,village,300,51.36309,20.71938,mazowieckie
31866409,Skórnice,village,440,51.13511,20.06897,świętokrzyskie
31866431,Skłoby,village,555,51.25106,20.69099,mazowieckie
31866436,Skierniewice,city,46437,51.95686,20.14300,łódzkie
31866442,Skarżysko Kościelne,village,2700,51.13794,20.91364,świętokrzyskie
31866479,Sierosławice,village,650,51.19194,20.35485,świętokrzyskie
31866528,Siedliszcze,village,360,51.02022,23.81554,lubelskie
31866588,Seredzice,village,770,51.15624,21.17036,mazowieckie
31866593,Serbinów,village,377,51.03612,20.54573,świętokrzyskie
31866641,Samice,village,356,51.96037,20.23884,łódzkie
31866683,Sadurki,village,878,51.27749,22.27489,lubelskie
31866692,Sadkowice,village,570,51.72384,20.51377,łódzkie
31866738,Rzeczniów,village,573,51.12680,21.44258,mazowieckie
31866744,Ryżki,village,1038,51.90054,22.32181,lubelskie
31866768,Ryczywół,village,1300,51.68976,21.42152,mazowieckie
31866784,Rybczewice Pierwsze,village,840,51.03152,22.86367,lubelskie
31866865,Ruda Wielka,village,1300,51.28809,21.04836,mazowieckie
31866894,Ruda Maleniecka,village,610,51.14578,20.22373,świętokrzyskie
31866926,Ruda Białaczowska,village,500,51.26382,20.39292,świętokrzyskie
31867020,Rożki,village,550,51.33513,21.03881,mazowieckie
31867275,Rogowice,village,334,51.03556,20.57025,świętokrzyskie
31867405,Regnów,village,340,51.75000,20.38333,łódzkie
31867509,Rawica Stara,village,457,51.31926,21.39027,mazowieckie
31867531,Rawa Mazowiecka,town,16429,51.76249,20.25193,łódzkie
31867712,Radoszyce,town,2769,51.07367,20.25977,świętokrzyskie
31867745,Radom,city,201601,51.40226,21.15415,mazowieckie
31867753,Radawiec Duży,village,1300,51.20105,22.38701,lubelskie
31867768,Rąblów,village,340,51.30868,22.08554,lubelskie
31867800,Puszcza Mariańska,village,500,51.97888,20.34945,mazowieckie
31867854,Przytyk,town,1384,51.46690,20.90557,mazowieckie
31867870,Przystałowice Małe,village,310,51.46915,20.64171,mazowieckie
31867925,Przyłogi,village,470,51.07222,20.46007,świętokrzyskie
31868047,Proćwin,village,415,51.21664,20.38362,świętokrzyskie
31868059,Nowy Prażmów,village,753,51.96725,20.97274,mazowieckie
31868063,Prażmów,village,640,51.94218,20.95373,mazowieckie
31868130,Potworów,village,990,51.50812,20.72238,mazowieckie
31868251,Poniatowa,town,8517,51.19298,22.06505,lubelskie
31868266,Pomyków,village,400,51.37432,20.61163,mazowieckie
31868275,Pomyków,village,350,51.18163,20.44236,świętokrzyskie
31868609,Pobiedna,village,420,51.61809,20.59813,mazowieckie
31868632,Płyćwia,village,511,51.92105,20.01721,łódzkie
31868693,Płaczków,village,480,51.12830,20.70195,świętokrzyskie
31868767,Pilawa,town,4424,51.95955,21.52715,mazowieckie
31868911,Pęcław,village,358,51.92934,21.19543,mazowieckie
31868949,Pawłów,village,780,51.25348,20.81563,mazowieckie
31868972,Paszkowice,village,300,51.22933,20.19268,łódzkie
31869084,Pardołów,village,360,51.11821,20.61293,świętokrzyskie
31869129,Paradyż,village,530,51.30598,20.11393,łódzkie
31869266,Ożarów,village,700,51.30369,22.30817,lubelskie
31869405,Osuchów,village,370,51.89806,20.58854,mazowieckie
31869435,Ostrożanka,village,400,51.11653,21.11190,świętokrzyskie
31869560,Ostojów,village,940,51.02148,20.82110,świętokrzyskie
31869561,Ostałów,village,340,51.29486,20.80156,mazowieckie
31869652,Osieck,town,920,51.96620,21.41875,mazowieckie
31869690,Orońsko,village,1200,51.31345,20.99017,mazowieckie
31869717,Opole Lubelskie,town,8135,51.14754,21.96642,lubelskie
31869732,Opoczno,town,19738,51.37824,20.29318,łódzkie
31869755,Olszowiec,village,377,51.61191,20.06317,łódzkie
31869968,Odrzywół,town,1300,51.51931,20.55582,mazowieckie
31869971,Odrowążek,village,540,51.08896,20.65082,świętokrzyskie
31869985,Odechów,village,490,51.29894,21.32380,mazowieckie
31870021,Oblin,village,450,51.69536,21.52959,mazowieckie
31870057,Nurzyna,village,400,51.96667,22.46667,lubelskie
31870239,Nowe Miasto nad Pilicą,town,3649,51.61669,20.57962,mazowieckie
31870372,Niwna,village,300,51.80607,20.25911,łódzkie
31870417,Nieznamierowice,village,640,51.47174,20.56082,mazowieckie
31870590,Niekłań Wielki,village,880,51.17922,20.62555,świętokrzyskie
31870825,Nałęczów,town,3697,51.28761,22.21479,lubelskie
31870851,Nadziejów,village,380,51.16722,20.63552,świętokrzyskie
31870915,Mysłów,village,470,51.84038,21.97418,lubelskie
31870955,Mszczonów,town,6246,51.97400,20.51278,mazowieckie
31871007,Mroczków Duży,village,400,51.37197,20.40839,łódzkie
31871032,Mroczków,village,630,51.14043,20.70725,świętokrzyskie
31871194,Mokra Prawa,village,950,51.98570,20.11926,łódzkie
31871251,Mokra Lewa,village,810,51.96971,20.09950,łódzkie
31871345,Modliszewice,village,1500,51.20363,20.36557,świętokrzyskie
31871372,Mniszków,village,525,51.37017,20.03559,łódzkie
31871377,Mniszew,village,507,51.84655,21.27973,mazowieckie
31871385,Mniów,village,1876,51.01217,20.48578,świętokrzyskie
31871419,Młynek Nieświński,village,370,51.21493,20.44982,świętokrzyskie
31871439,Młotkowice,village,440,51.12608,20.20624,świętokrzyskie
31871506,Mleczków,village,450,51.42593,21.03761,mazowieckie
31871517,Mizary,village,360,51.93682,21.94569,lubelskie
31871536,Mirzec,village,2100,51.13624,21.05704,świętokrzyskie
31871625,Miłkowska Karczma,village,403,51.00639,21.35908,świętokrzyskie
31871807,Miętne,village,2000,51.92298,21.58034,mazowieckie
31872042,Miedzna Murowana,village,557,51.29552,20.22201,łódzkie
31872062,Miedzierza,village,320,51.07877,20.39333,świętokrzyskie
31872082,Miedniewice,village,790,51.96447,20.20234,łódzkie
31872156,Michrów,village,390,51.94108,20.79227,mazowieckie
31872197,Michniów,village,440,51.00714,20.84498,świętokrzyskie
31872319,Michalczew,village,330,51.84142,21.11080,mazowieckie
31872593,Mętów,village,890,51.14877,22.59205,lubelskie
31872603,Mełgiew,village,1114,51.23052,22.78039,lubelskie
31872703,Mazowszany,village,670,51.34158,21.12781,mazowieckie
31872752,Marysin,village,1170,51.28916,22.50631,lubelskie
31873026,Marcinków,village,674,51.09078,20.97766,świętokrzyskie
31873051,Małyszyn Górny,village,804,51.11606,21.13897,świętokrzyskie
31873163,Małęczyn,village,940,51.38670,21.25822,mazowieckie
31873171,Małecz,village,490,51.61824,20.00640,łódzkie
31873222,Maków,village,1600,51.94676,20.05071,łódzkie
31873251,Majków,village,948,51.09462,20.91159,świętokrzyskie
31873255,Majdów,village,892,51.15768,20.77976,mazowieckie
31873435,Magnuszew,town,800,51.76242,21.38280,mazowieckie
31873528,Luta,village,400,51.06653,20.57941,świętokrzyskie
31873694,Luboszewy,village,694,51.56242,20.05987,łódzkie
31873712,Lubochnia-Górki,village,516,51.60330,20.04084,łódzkie
31873715,Lubochnia,village,684,51.60885,20.05237,łódzkie
31873754,Lubienia,village,1094,51.05334,21.19125,świętokrzyskie
31873825,Łopiennik Górny,village,563,51.04415,23.02207,lubelskie
31873918,Lnisno,village,407,51.86639,20.07920,łódzkie
31873964,Lipsko,town,5199,51.15851,21.64901,mazowieckie
31874061,Linin,village,404,51.93484,21.17702,mazowieckie
31874087,Libiszów,village,350,51.43298,20.31420,łódzkie
31874139,Lesznowola,village,750,51.91222,20.90207,mazowieckie
31874305,Łęgonice,village,440,51.61535,20.52404,mazowieckie
31874330,Łaziska,village,580,51.32679,20.92759,mazowieckie
31874379,Las Gliniański,village,400,51.09513,21.66097,mazowieckie
31874387,Las Dębowy,village,300,51.21209,21.81944,lubelskie
31874474,Kurzeszyn,village,650,51.83273,20.28067,łódzkie
31874545,Kucębów,village,380,51.07701,20.61891,świętokrzyskie
31874606,Krzczonów,village,578,51.41605,20.42037,łódzkie
31874629,Królewiec,village,490,51.05177,20.41479,świętokrzyskie
31874662,Kozubszczyzna,village,750,51.22554,22.42293,lubelskie
31874664,Kozów,village,400,51.05765,20.35467,świętokrzyskie
31874685,Kozia Wola,village,730,51.17197,20.51398,świętokrzyskie
31874714,Kostomłoty,village,760,51.97744,23.65386,lubelskie
31874727,Koryciska,village,300,51.33554,20.82594,mazowieckie
31874729,Kornica,village,460,51.21667,20.41667,świętokrzyskie
31874770,Końskie,town,17145,51.19102,20.40718,świętokrzyskie
31874773,Konopnica,village,600,51.78905,20.28406,łódzkie
31874774,Konopnica,village,740,51.22624,22.46150,lubelskie
31874777,Konary,village,390,51.87819,21.21837,mazowieckie
31874804,Dorohusk-Osada,village,929,51.17014,23.79186,lubelskie
31874919,Piszczac-Kolonia,village,400,51.95812,23.37921,lubelskie
31875039,Jedlnia-Kolonia,village,352,51.47854,21.37806,mazowieckie
31875268,Brzeźnica Książęca-Kolonia,village,382,51.56042,22.71840,lubelskie
31875345,Kołomań,village,412,51.00397,20.60380,świętokrzyskie
31875347,Koliszowy,village,360,51.17801,20.23147,świętokrzyskie
31875425,Kobyla Wola,village,315,51.83765,21.65502,mazowieckie
31875430,Stare Kobiałki,village,480,51.95134,22.01861,lubelskie
31875440,Kłucko,village,500,51.02523,20.35616,świętokrzyskie
31875446,Kłonna,village,430,51.49554,20.53735,mazowieckie
31875497,Kieszek,village,493,51.46306,21.33366,mazowieckie
31875498,Kierz Niedźwiedzi,village,740,51.17566,20.94601,świętokrzyskie
31875511,Kępa Gostecka,village,336,51.16147,21.79225,lubelskie
31875542,Kazimierz Dolny,town,3255,51.32201,21.94737,lubelskie
31875558,Nowy Kazanów,village,460,51.18073,20.34699,świętokrzyskie
31875567,Kazanów,town,460,51.27495,21.46835,mazowieckie
31875693,Karwów,village,360,51.97832,22.49445,lubelskie
31875788,Kapałów,village,430,51.04957,20.28224,świętokrzyskie
31875792,Kamion,village,440,51.94381,20.26080,mazowieckie
31875796,Kamienna Wola,village,330,51.32954,20.44337,świętokrzyskie
31875809,Kąkolewnica,village,2307,51.89909,22.70039,lubelskie
31876019,Jeziorzany,village,950,51.97031,20.82240,mazowieckie
31876048,Jedlanka,village,1204,51.52976,21.09939,mazowieckie
31876136,Jastrząb,town,1102,51.24676,20.94686,mazowieckie
31876159,Jasieniec Solecki,village,530,51.29161,21.61286,mazowieckie
31876167,Jasieniec Iłżecki Górny,village,870,51.11945,21.17797,mazowieckie
31876184,Jaroszowa Wola,village,404,51.97798,21.01679,mazowieckie
31876348,Janików,village,600,51.57235,21.59190,mazowieckie
31876353,Janików,village,656,51.39457,20.65525,mazowieckie
31876402,Jakimowice,village,530,51.06035,20.20121,świętokrzyskie
31876420,Izabelów,village,330,51.17048,20.42119,świętokrzyskie
31876426,Inowłódz,town,795,51.52370,20.22289,łódzkie
31876427,Iłża,town,4478,51.16242,21.23732,mazowieckie
31876468,Hucisko,village,710,51.12200,20.58130,świętokrzyskie
31876558,Hańsk Pierwszy,village,959,51.39942,23.40508,lubelskie
31876634,Gustawów,village,440,51.07621,20.58180,świętokrzyskie
31876663,Grzymałków,village,488,51.00966,20.40018,świętokrzyskie
31876668,Grzybowa Góra,village,1052,51.13213,20.96247,świętokrzyskie
31876675,Grzybów,village,330,51.15323,20.53835,świętokrzyskie
31876737,Groszowice,village,1014,51.41648,21.27387,mazowieckie
31876743,Gręzówka,village,558,51.99323,22.30038,lubelskie
31876758,Grabów nad Pilicą,village,460,51.72571,21.22650,mazowieckie
31876774,Gowarczów,town,1304,51.27850,20.43814,świętokrzyskie
31876791,Gostków,village,360,51.12138,20.75725,świętokrzyskie
31876798,Gosań,village,650,51.09267,20.57192,świętokrzyskie
31876827,Góra Kalwaria,town,11887,51.98438,21.21402,mazowieckie
31876829,Nowy Goniwilk,village,314,51.81927,21.82172,mazowieckie
31876849,Gołaszyn,village,983,51.96629,22.36503,lubelskie
31876853,Godzianów,village,921,51.89650,20.03845,łódzkie
31876977,Gilów,village,400,51.12376,20.73429,świętokrzyskie
31876983,Giełzów,village,400,51.30815,20.38923,świętokrzyskie
31876987,Gielniów,town,1100,51.39972,20.47622,mazowieckie
31877039,Piastów,village,444,51.81359,21.79681,mazowieckie
31877064,Gadka,village,1300,51.13372,21.00124,świętokrzyskie
31877087,Fiukówka,village,500,51.83679,22.11102,lubelskie
31877110,Fałków,village,1100,51.13487,20.10072,świętokrzyskie
31877136,Dziurów,village,909,51.01490,21.12941,świętokrzyskie
31877167,Dziecinów,village,693,51.98603,21.28344,mazowieckie
31877169,Stary Dziebałtów,village,470,51.14900,20.34027,świętokrzyskie
31877222,Domaszno,village,539,51.48980,20.48767,łódzkie
31877223,Domaszewnica,village,630,51.84514,22.38885,lubelskie
31877252,Dobrut,village,370,51.29546,20.96585,mazowieckie
31877293,Dębnowola,village,300,51.84121,21.20834,mazowieckie
31877347,Dąbrówka Podłężna,village,710,51.47741,21.04729,mazowieckie
31877376,Czerniewice,village,730,51.65474,20.15697,łódzkie
31877383,Czermno,village,850,51.10950,20.02681,świętokrzyskie
31877397,Czarniecka Góra,village,530,51.13587,20.52090,świętokrzyskie
31877495,Ćmiłów,village,1316,51.16070,22.58096,lubelskie
31877510,Ciepielów,town,770,51.24823,21.57412,mazowieckie
31877516,Cielądz,village,640,51.71417,20.34494,łódzkie
31877518,Ciecierzyn,village,1479,51.31890,22.60695,lubelskie
31877533,Chynów,village,1045,51.90605,21.08333,mazowieckie
31877536,Chustki,village,406,51.26614,20.91427,mazowieckie
31877541,Chrząszczew,village,340,51.83369,20.43414,łódzkie
31877579,Chociw,village,650,51.67377,20.26454,łódzkie
31877585,Chlewiska,village,1089,51.24562,20.76175,mazowieckie
31877603,Celiny,village,624,51.99526,22.46560,lubelskie
31877654,Byczki,village,437,51.87248,20.04838,łódzkie
31877684,Bukówno,village,360,51.54356,20.84158,mazowieckie
31877833,Brzustowiec,village,802,51.42177,20.45686,łódzkie
31877836,Brzustów,village,950,51.49651,20.15626,łódzkie
31877849,Brzozowica Duża,village,1203,51.95000,22.61667,lubelskie
31877927,Brenica,village,447,51.63333,20.06667,łódzkie
31877952,Braciejowice,village,479,51.18504,21.81589,lubelskie
31877962,Borysław,village,300,51.84753,20.10163,łódzkie
31878027,Boglewice,village,440,51.80887,20.99625,mazowieckie
31878036,Bobrowce,village,300,51.86899,20.60962,mazowieckie
31878040,Bliżyn,village,2000,51.10775,20.75929,świętokrzyskie
31878049,Błaszków,village,400,51.14151,20.60946,świętokrzyskie
31878112,Białynin,village,950,51.80866,20.01180,łódzkie
31878122,Białka,village,794,51.80828,22.65929,lubelskie
31878124,Biała Rawska,town,3124,51.80760,20.47209,łódzkie
31878125,Białaczów,town,1500,51.29847,20.29495,łódzkie
31878133,Bełżyce,town,6142,51.17506,22.27500,lubelskie
31878139,Bedlno,village,340,51.20426,20.26967,świętokrzyskie
31878140,Bedlenko,village,360,51.19757,20.30832,świętokrzyskie
31878141,Bębnów,village,380,51.24270,20.41510,świętokrzyskie
31878142,Stary Bazanów,village,570,51.62417,22.01346,lubelskie
31878170,Nowy Bazanów,village,400,51.62834,22.02626,lubelskie
31878223,Barycz Nowa,village,317,51.31209,21.64354,mazowieckie
31878242,Barycz,village,430,51.22480,20.40632,świętokrzyskie
31878247,Bardzice,village,450,51.30067,21.16074,mazowieckie
31878256,Bałtów,village,740,51.01771,21.54169,świętokrzyskie
31878271,Babsk,village,690,51.83940,20.35091,łódzkie
31878284,Antoniówka,village,400,51.41123,20.16344,łódzkie
31878376,Abramowice Prywatne,village,350,51.20290,22.62120,lubelskie
31878440,Zelów,town,7297,51.46503,19.21958,łódzkie
31878446,Zdzieszulice Górne,village,568,51.34819,19.41134,łódzkie
31878868,Wronowice,village,430,51.61667,19.16667,łódzkie
31878872,Wólka Prusicka,village,324,51.01434,19.12346,łódzkie
31878876,Wolbórz,town,2263,51.50363,19.83032,łódzkie
31878877,Wola Zaradzyńska,village,450,51.66303,19.42547,łódzkie
31878926,Wola Moszczenicka,village,1961,51.49580,19.71292,łódzkie
31878939,Wola Krzysztoporska,village,2100,51.34342,19.58370,łódzkie
31879039,Wola Blakowa,village,685,51.12649,19.30560,łódzkie
31879055,Wodzierady,village,404,51.71858,19.15074,łódzkie
31879056,Włodzimierzów,village,1300,51.37373,19.82583,łódzkie
31879074,Wiśniowa Góra,village,2065,51.71306,19.62742,łódzkie
31879094,Wiewiórczyn,village,735,51.60694,19.12333,łódzkie
31879111,Wielgomłyny,village,870,51.01294,19.76380,łódzkie
31879147,Wartkowice,village,691,51.97557,19.00225,łódzkie
31879166,Tuszyn,town,7221,51.60308,19.54454,łódzkie
31879330,Szczerców,village,3300,51.33030,19.11428,łódzkie
31879356,Swędów,village,627,51.90384,19.54952,łódzkie
31879357,Sulmierzyce,village,1343,51.18672,19.20130,łódzkie
31879358,Sulejów,town,6036,51.35492,19.88908,łódzkie
31879362,Strzyżewice,village,300,51.41039,19.24723,łódzkie
31879364,Strzelce Wielkie,village,1061,51.13968,19.14338,łódzkie
31879367,Strzałków,village,2200,51.05023,19.49617,łódzkie
31879372,Stroniewice,village,300,51.99548,19.78396,łódzkie
31879373,Straszów,village,398,51.29315,19.69734,łódzkie
31879385,Stobiecko Szlacheckie,village,600,51.10382,19.39443,łódzkie
31879416,Starowa Góra,village,1300,51.69118,19.48561,łódzkie
31879442,Srock,village,720,51.53173,19.62945,łódzkie
31879478,Siomki,village,451,51.35100,19.61201,łódzkie
31879499,Sędziejowice,village,840,51.51158,19.02738,łódzkie
31879510,Rzgów,town,3445,51.66278,19.49089,łódzkie
31879514,Rząśnia,village,1108,51.22177,19.04232,łódzkie
31879539,Różyca,village,770,51.73139,19.78164,łódzkie
31879541,Rozprza,town,1648,51.30172,19.64475,łódzkie
31879569,Rękoraj,village,660,51.51131,19.63974,łódzkie
31879570,Regny,village,530,51.69923,19.88743,łódzkie
31879575,Ręczno,village,690,51.19064,19.85368,łódzkie
31879607,Radomsko,town,44441,51.06748,19.44461,łódzkie
31879653,Prusicko,village,644,51.02877,19.18867,łódzkie
31879663,Proszenie,village,500,51.47169,19.76941,łódzkie
31879695,Postękalice,village,800,51.36563,19.47593,łódzkie
31879699,Porszewice,village,300,51.71537,19.29065,łódzkie
31879713,Poniatów,village,839,51.39304,19.76804,łódzkie
31879845,Piątkowisko,village,700,51.67448,19.30280,łódzkie
31879882,Pawlikowice,village,500,51.61373,19.33827,łódzkie
31879901,Parzno,village,350,51.38964,19.25146,łódzkie
31879907,Parzęczew,town,672,51.94893,19.20716,łódzkie
31879926,Pabianice,town,62954,51.66399,19.35350,łódzkie
31879999,Orpelów,village,611,51.62939,19.21079,łódzkie
31880014,Oleśnik,village,498,51.31950,19.34834,łódzkie
31880097,Niedośpielin,village,650,51.01667,19.73333,łódzkie
31880104,Niechcice,village,1318,51.26938,19.58361,łódzkie
31880207,Milejowiec,village,305,51.34782,19.73195,łódzkie
31880208,Milejów,village,467,51.34865,19.70886,łódzkie
31880270,Łyszkowice,village,1100,51.98387,19.90935,łódzkie
31880272,Lutomiersk,town,1500,51.75501,19.21210,łódzkie
31880273,Łuszczanowice,village,890,51.20148,19.30534,łódzkie
31880285,Lubiec,village,300,51.37632,19.14122,łódzkie
31880323,Longinówka,village,627,51.35870,19.69869,łódzkie
31880325,Łochyńsko,village,596,51.29573,19.67525,łódzkie
31880327,Łobudzice,village,420,51.44754,19.25497,łódzkie
31880331,Lgota Wielka,village,636,51.14857,19.32866,łódzkie
31880343,Łęki Szlacheckie,village,450,51.18532,19.80792,łódzkie
31880344,Łękińsko,village,560,51.21800,19.34708,łódzkie
31880346,Łękawa,village,510,51.27242,19.39915,łódzkie
31880367,Łask,town,16576,51.59299,19.13348,łódzkie
31880372,Ładzice,village,470,51.08174,19.35686,łódzkie
31880377,Kwiatkowice,village,440,51.74420,19.12025,łódzkie
31880386,Kurowice,village,949,51.66488,19.68843,łódzkie
31880391,Kudrowice,village,429,51.68705,19.28576,łódzkie
31880400,Krzepczów,village,380,51.45501,19.50134,łódzkie
31880443,Kruplin Radomszczański,village,650,51.08013,19.21371,łódzkie
31880457,Kraszewice,village,427,51.06794,19.78776,łódzkie
31880540,Korytno,village,400,51.11053,19.84252,łódzkie
31880559,Kopyść,village,300,51.60475,19.06062,łódzkie
31880561,Konstantynów Łódzki,town,18960,51.74755,19.32551,łódzkie
31880566,Koluszki,town,12396,51.74450,19.81797,łódzkie
31880658,Kodrąb,village,782,51.09810,19.63021,łódzkie
31880666,Kobiele Wielkie,village,630,51.03041,19.62437,łódzkie
31880673,Kleszczów,village,2000,51.22165,19.30628,łódzkie
31880693,Kaszewice,village,500,51.31956,19.26820,łódzkie
31880716,Kamieńsk,town,2679,51.20417,19.49707,łódzkie
31880721,Kalonka,village,710,51.82751,19.56410,łódzkie
31880724,Kalino,village,306,51.66120,19.55511,łódzkie
31880725,Kalinko,village,526,51.64972,19.55941,łódzkie
31880732,Justynów,village,1783,51.72650,19.68022,łódzkie
31880742,Jeżów,town,1400,51.81345,19.96880,łódzkie
31880764,Jarosty,village,460,51.46174,19.68230,łódzkie
31880849,Ignaców,village,564,51.31642,19.66595,łódzkie
31880878,Grabica,village,390,51.47916,19.53233,łódzkie
31880881,Gospodarz,village,433,51.66449,19.45578,łódzkie
31880886,Gorzkowice,village,3310,51.21516,19.59595,łódzkie
31880888,Gorzędów,village,832,51.20798,19.54769,łódzkie
31880914,Gomunice,village,1900,51.16964,19.48550,łódzkie
31880918,Gomulin,village,380,51.42223,19.55646,łódzkie
31880924,Głowno,town,13506,51.96609,19.71357,łódzkie
31880945,Gałków Mały,village,1900,51.72489,19.72262,łódzkie
31880961,Florentynów,village,443,51.73333,19.28333,łódzkie
31881035,Dworszowice Pakoszowe,village,800,51.16530,19.09398,łódzkie
31881036,Dworszowice Kościelne,village,424,51.07900,19.12252,łódzkie
31881038,Dubidze,village,712,51.10368,19.15227,łódzkie
31881043,Drużbice,village,530,51.46332,19.39421,łódzkie
31881054,Dobroń,village,1210,51.63382,19.24516,łódzkie
31881060,Dmosin,village,1500,51.92670,19.75334,łódzkie
31881061,Dmenin,village,600,51.06784,19.55734,łódzkie
31881062,Dłutów,village,1000,51.55644,19.39283,łódzkie
31881084,Dalków,village,620,51.63500,19.66574,łódzkie
31881085,Dalików,village,410,51.88235,19.10167,łódzkie
31881124,Dąbrówka Duża,village,340,51.85193,19.72711,łódzkie
31881136,Czatolin,village,588,51.98656,19.87014,łódzkie
31881368,Chełmo,village,1000,51.07415,19.74782,łódzkie
31881399,Chabielice,village,500,51.26620,19.11217,łódzkie
31881422,Bychlew,village,820,51.62988,19.36072,łódzkie
31881429,Bujny,village,750,51.37134,19.64119,łódzkie
31881434,Budziszewice,village,880,51.66739,19.93618,łódzkie
31881448,Brudzice,village,874,51.17225,19.33602,łódzkie
31881459,Bratoszewice,village,1100,51.92949,19.65229,łódzkie
31881469,Borowa,village,471,51.00720,19.01287,śląskie
31881494,Białocin,village,350,51.28165,19.61756,łódzkie
31881502,Bełdów,village,310,51.82690,19.18610,łódzkie
31881509,Będków,village,550,51.58820,19.74473,łódzkie
31881535,Barkowice,village,395,51.39271,19.83846,łódzkie
31881580,Bachorzyn,village,310,51.48597,19.19449,łódzkie
31881582,Baby,village,782,51.53115,19.71319,łódzkie
31881613,Janówka,village,665,51.73876,19.68250,łódzkie
31881622,Aleksandrów Łódzki,town,22148,51.81965,19.30354,łódzkie
31884342,Żyraków,village,1400,50.08594,21.39476,podkarpackie
31884349,Życiny,village,317,50.64779,21.02609,świętokrzyskie
31884358,Żurawnica,village,752,50.65139,22.96213,lubelskie
31884366,Żupawa,village,850,50.58140,21.78532,podkarpackie
31884390,Zubowice,village,560,50.62186,23.55988,lubelskie
31884401,Żołynia,village,5231,50.16177,22.30747,podkarpackie
31884418,Ziempniów,village,543,50.32445,21.23323,podkarpackie
31884421,Zielonki,village,339,50.54769,20.12759,świętokrzyskie
31884451,Zdziary,village,510,50.57031,22.25718,podkarpackie
31884459,Zdanów,village,300,50.70845,21.55465,świętokrzyskie
31884461,Zbrza,village,340,50.73053,20.57370,świętokrzyskie
31884464,Zborów,village,677,50.38435,20.89838,świętokrzyskie
31884465,Zbludowice,village,1108,50.44737,20.72656,świętokrzyskie
31884467,Stara Zbelutka,village,472,50.72427,21.10728,świętokrzyskie
31884475,Zawierzbie,village,781,50.06658,21.39899,podkarpackie
31884485,Zastów,village,610,50.12174,20.05302,małopolskie
31884490,Zaryszyn,village,650,50.45602,20.24834,małopolskie
31884520,Zarogów,village,380,50.33908,20.11032,małopolskie
31884576,Zapole,village,313,50.21219,21.69947,podkarpackie
31884660,Zamch,village,1270,50.31781,23.02616,lubelskie
31884678,Zalezianka,village,410,50.99523,20.75212,świętokrzyskie
31884775,Zakrzówek,village,1400,50.95120,22.37980,lubelskie
31884814,Zakrucze,village,340,50.83186,20.28639,świętokrzyskie
31884867,Zajeziorze,village,551,50.63282,21.66764,świętokrzyskie
31884879,Zajączków,village,900,50.85716,20.34723,świętokrzyskie
31884898,Zagrody,village,380,50.82886,20.53283,świętokrzyskie
31884992,Zagnańsk,village,1726,50.98004,20.66322,świętokrzyskie
31885072,Zaczernie,village,2965,50.09296,21.99605,podkarpackie
31885185,Żabiec,village,439,50.35047,21.07192,świętokrzyskie
31885213,Wzory,village,360,50.72363,21.24594,świętokrzyskie
31885218,Wzdół Rządowy,village,550,50.98312,20.85805,świętokrzyskie
31885252,Wyszmontów,village,470,50.86522,21.65163,świętokrzyskie
31885257,Występy,village,510,50.86758,20.19647,świętokrzyskie
31885261,Występa,village,380,50.98548,20.74072,świętokrzyskie
31885323,Wymysłów,village,430,50.96977,21.33965,świętokrzyskie
31885400,Wylewa,village,846,50.19138,22.61704,podkarpackie
31885454,Wydrze,village,565,50.21526,22.25925,podkarpackie
31885495,Wszachów,village,780,50.76231,21.16912,świętokrzyskie
31885519,Wronowice,village,310,50.68186,23.71518,lubelskie
31885520,Wronin,village,560,50.14718,20.20581,małopolskie
31885646,Wólka Podleśna,village,1683,50.12715,22.10914,podkarpackie
31885651,Wólka Pełkińska,village,1500,50.09234,22.60622,podkarpackie
31885693,Wólka Niedźwiedzka,village,1800,50.24214,22.18516,podkarpackie
31885944,Wólka Kłucka,village,573,50.99438,20.36997,świętokrzyskie
31886217,Wólka Bodzechowska,village,420,50.92713,21.44952,świętokrzyskie
31886291,Woliczka,village,576,50.05618,21.86919,podkarpackie
31886407,Wola Zdakowska,village,600,50.41725,21.40087,podkarpackie
31886412,Wola Zarczycka,village,3793,50.28646,22.25103,podkarpackie
31886421,Zamkowa Wola,village,337,50.81793,21.07700,świętokrzyskie
31886495,Wola Tesserowa,village,370,50.77048,20.27965,świętokrzyskie
31886501,Wola Szczygiełkowa,village,610,50.89673,20.96105,świętokrzyskie
31886518,Wola Rzędzińska,village,5661,50.03722,21.06439,małopolskie
31886529,Wola Rusinowska,village,1013,50.35707,21.83179,podkarpackie
31886533,Wola Różaniecka,village,784,50.32584,22.75978,lubelskie
31886543,Wola Raniżowska,village,1883,50.29519,21.95231,podkarpackie
31886592,Wola Obszańska,village,617,50.31797,22.91029,lubelskie
31886602,Wola Murowana,village,375,50.79496,20.53246,świętokrzyskie
31886607,Wola Morawicka,village,810,50.73548,20.63465,świętokrzyskie
31886624,Wola Mielecka,village,1823,50.28155,21.38796,podkarpackie
31886662,Wola Łagowska,village,510,50.76009,21.08142,świętokrzyskie
31886672,Wola Kopcowa,village,1372,50.88365,20.71535,świętokrzyskie
31886704,Wola Jachowa,village,1435,50.84875,20.86937,świętokrzyskie
31886736,Wola Dereźniańska,village,378,50.48629,22.66033,lubelskie
31886755,Wola Buchowska,village,771,50.11193,22.60181,podkarpackie
31886787,Wola Batorska,village,2379,50.05242,20.26567,małopolskie
31886845,Wokowice,village,538,50.00708,20.69977,małopolskie
31886910,Wójcza,village,378,50.39185,20.98206,świętokrzyskie
31886959,Wojciechów,village,580,50.25556,20.52123,świętokrzyskie
31886965,Wodzisław,town,923,50.52114,20.19092,świętokrzyskie
31886976,Wnorów,village,300,50.56674,21.48753,świętokrzyskie
31887000,Włostów,village,1800,50.74650,21.44135,świętokrzyskie
31887125,Wiśniówka,village,594,50.93339,20.67633,świętokrzyskie
31887139,Wiśniowa Poduchowna,village,360,50.60354,21.22998,świętokrzyskie
31887145,Wiśniowa,village,600,50.59352,21.25053,świętokrzyskie
31887151,Wiśniowa,village,870,49.99822,21.75404,podkarpackie
31887175,Wiślica,town,442,50.34848,20.67454,świętokrzyskie
31887224,Wincentów,village,660,50.88312,20.44086,świętokrzyskie
31887259,Wilczyce,village,830,50.74805,21.65916,świętokrzyskie
31887306,Wietlin,village,905,50.00564,22.80941,podkarpackie
31887332,Wierzchosławice,village,3000,50.02750,20.85935,małopolskie
31887357,Wierzbna,village,1310,50.03353,22.60248,podkarpackie
31887418,Wierzawice,village,3388,50.23595,22.45255,podkarpackie
31887426,Wieloborowice,village,310,50.91591,21.15305,świętokrzyskie
31887428,Wielkie Oczy,village,880,50.02605,23.16274,podkarpackie
31887440,Wielebnów,village,333,50.95421,20.26408,świętokrzyskie
31887444,Widoma,village,365,50.20239,20.01200,małopolskie
31887447,Widełki,village,340,50.76392,20.93779,świętokrzyskie
31887448,Widełka,village,2200,50.20357,21.88053,podkarpackie
31887450,Wiązownica,village,1700,50.07488,22.71183,podkarpackie
31887453,Wężerów,village,414,50.28275,20.05617,małopolskie
31887460,Werynia,village,1500,50.24987,21.82169,podkarpackie
31887481,Wełecz,village,560,50.47123,20.66653,świętokrzyskie
31887482,Węgrzce Wielkie,village,2800,50.01486,20.10993,małopolskie
31887484,Węgliska,village,450,50.16367,22.20360,podkarpackie
31887488,Węgleszyn,village,600,50.75374,20.16893,świętokrzyskie
31887491,Wawrzeńczyce,village,1876,50.10762,20.31101,małopolskie
31887492,Wąworków,village,420,50.79359,21.44912,świętokrzyskie
31887498,Waśniów,village,460,50.89946,21.22320,świętokrzyskie
31887513,Warszówek,village,440,50.95876,21.10573,świętokrzyskie
31887582,Uście Solne,village,950,50.11926,20.51467,małopolskie
31887595,Usarzów,village,410,50.70410,21.52482,świętokrzyskie
31887605,Urzejowice,village,1800,50.01205,22.46287,podkarpackie
31887632,Umer,village,467,50.98768,20.58302,świętokrzyskie
31887646,Ulhówek,village,1262,50.44955,23.78565,lubelskie
31887689,Ujezna,village,743,50.06736,22.58579,podkarpackie
31887739,Ubrodowice,village,324,50.90726,23.88672,lubelskie
31887747,Ubieszyn,village,746,50.16263,22.57855,podkarpackie
31887777,Tymce,village,307,50.20235,23.23502,podkarpackie
31887781,Tuszyma,village,2405,50.19684,21.51316,podkarpackie
31887782,Tuszów Narodowy,village,920,50.37062,21.46413,podkarpackie
31887846,Tuczępy,village,635,50.51885,20.99223,świętokrzyskie
31887854,Trzeszków,village,370,50.92938,21.12420,świętokrzyskie
31887856,Trzęsówka,village,3000,50.28838,21.69384,podkarpackie
31887859,Trześń,village,1291,50.33402,21.49637,podkarpackie
31887860,Trześń,village,682,50.22175,21.67096,podkarpackie
31887864,Trzebuska,village,1191,50.20866,22.08833,podkarpackie
31887865,Trzebownisko,village,3082,50.07800,22.03646,podkarpackie
31887866,Trzeboś,village,2015,50.20627,22.14652,podkarpackie
31887872,Trzciana,village,1300,50.30175,21.34194,podkarpackie
31887873,Trzciana,village,2300,50.07214,21.83945,podkarpackie
31887874,Tryńcza,village,2000,50.15907,22.55247,podkarpackie
31887876,Tropiszów,village,770,50.10110,20.20956,małopolskie
31887889,Tokarnia,village,1400,50.76482,20.44457,świętokrzyskie
31887894,Terliczka,village,606,50.09831,22.06861,podkarpackie
31887895,Tereszpol-Zaorenda,village,1171,50.57366,22.88339,lubelskie
31887897,Tereszpol-Kukiełki,village,919,50.55382,22.93076,lubelskie
31887910,Tęcza,village,380,50.73035,21.31637,świętokrzyskie
31887921,Tarnobrzeg,city,44901,50.57293,21.67917,podkarpackie
31887930,Tajęcina,village,671,50.12223,22.01447,podkarpackie
31887932,Szyszków,village,560,50.36496,22.53352,lubelskie
31887958,Szydłów,town,951,50.59077,21.00457,świętokrzyskie
31887960,Szyby,village,380,50.89909,21.34588,świętokrzyskie
31887961,Szwarszowice,village,330,50.90149,21.30607,świętokrzyskie
31887969,Szpikołosy,village,469,50.86749,23.92664,lubelskie
31887972,Szówsko,village,4009,50.05155,22.71307,podkarpackie
31887975,Szopinek,village,471,50.72675,23.32163,lubelskie
31887982,Szewna,village,1900,50.91641,21.36067,świętokrzyskie
31887988,Szczutków,village,387,50.10898,23.11197,podkarpackie
31887991,Szczurowa,village,1800,50.11904,20.63737,małopolskie
31887994,Szczukowice,village,650,50.88658,20.51548,świętokrzyskie
31888001,Szczepanowice,village,460,50.30130,20.04537,małopolskie
31888011,Szczepanów,village,949,50.00493,20.65445,małopolskie
31888023,Szczeka,village,445,50.49380,21.26244,świętokrzyskie
31888046,Szczecyn,village,514,50.81623,21.98497,lubelskie
31888051,Szczecno,village,740,50.73273,20.76439,świętokrzyskie
31888069,Szaniec,village,770,50.51828,20.68661,świętokrzyskie
31888095,Świrna,village,410,50.92202,21.33702,świętokrzyskie
31888098,Świlcza,village,3000,50.07142,21.89989,podkarpackie
31888101,Świętoniowa,village,800,50.09670,22.43152,podkarpackie
31888103,Święta Katarzyna,village,768,50.90625,20.88095,świętokrzyskie
31888109,Święcica,village,410,50.70327,21.58194,świętokrzyskie
31888110,Święcica,village,317,50.50517,21.14345,świętokrzyskie
31888114,Świdno,village,380,50.92027,20.08580,świętokrzyskie
31888133,Sulów,village,1100,50.90476,22.36317,lubelskie
31888134,Sułów,village,460,50.76993,22.95782,lubelskie
31888137,Sułków,village,373,50.88269,20.08229,świętokrzyskie
31888140,Sulisławice,village,430,50.58657,21.46863,świętokrzyskie
31888145,Suków,village,2138,50.81412,20.68759,świętokrzyskie
31888146,Sufczyce,village,330,50.46892,21.06738,świętokrzyskie
31888164,Strzyżowice,village,420,50.75326,21.37866,świętokrzyskie
31888169,Strzegomek,village,373,50.52287,21.31121,świętokrzyskie
31888170,Strzegom,village,519,50.51414,21.32340,świętokrzyskie
31888177,Strożyska,village,365,50.33859,20.77248,świętokrzyskie
31888182,Stręgoborzyce,village,420,50.12629,20.29631,małopolskie
31888183,Strażów,village,1400,50.06800,22.13285,podkarpackie
31888184,Strawczynek,village,940,50.93972,20.44863,świętokrzyskie
31888185,Strawczyn,village,1000,50.94150,20.42011,świętokrzyskie
31888186,Straszęcin,village,1500,50.06264,21.35749,podkarpackie
31888190,Stopnica,town,1101,50.43826,20.93857,świętokrzyskie
31888207,Stobierna,village,1500,50.02992,21.48839,podkarpackie
31888252,Staszów,town,13362,50.56123,21.16778,świętokrzyskie
31888253,Stasiówka,village,1100,50.01498,21.47659,podkarpackie
31888254,Stary Zamość,village,537,50.81741,23.16089,lubelskie
31888257,Świniary Stare,village,600,50.54337,21.53271,świętokrzyskie
31888258,Stare Sioło,village,450,50.16114,22.95244,podkarpackie
31888284,Stara Słupia,village,1000,50.87035,21.11976,świętokrzyskie
31888314,Staniszewskie,village,546,50.25729,22.01008,podkarpackie
31888337,Staniątki,village,3000,50.01064,20.19414,małopolskie
31888343,Stale,village,2108,50.56057,21.74488,podkarpackie
31888349,Sroczków,village,466,50.41760,21.06458,świętokrzyskie
31888368,Sośniczany,village,431,50.61532,21.59978,świętokrzyskie
31888371,Solec-Zdrój,village,900,50.36755,20.88718,świętokrzyskie
31888374,Sokołów Małopolski,town,4264,50.23116,22.11893,podkarpackie
31888380,Sokołów Dolny,village,529,50.72642,20.43781,świętokrzyskie
31888386,Sobów,village,390,50.88415,21.69080,świętokrzyskie
31888390,Sobków,town,997,50.69872,20.45439,świętokrzyskie
31888395,Snochowice,village,504,50.94798,20.30335,świętokrzyskie
31888401,Smyków,village,452,50.81616,20.87094,świętokrzyskie
31888413,Smolarzyny,village,654,50.12555,22.29291,podkarpackie
31888419,Smerdyna,village,548,50.59289,21.32821,świętokrzyskie
31888422,Słupów,village,370,50.36043,20.30993,małopolskie
31888425,Słupiec,village,600,50.35775,21.18914,świętokrzyskie
31888436,Słopiec,village,800,50.77985,20.77319,świętokrzyskie
31888437,Słomniki,town,4226,50.24037,20.08114,małopolskie
31888440,Słodków Trzeci,village,700,50.88680,22.30011,lubelskie
31888445,Ślęcin,village,420,50.66660,20.08099,świętokrzyskie
31888453,Śladków Mały,village,460,50.58052,20.74777,świętokrzyskie
31888454,Śladków Duży,village,450,50.57810,20.70630,świętokrzyskie
31888456,Słaboszów,village,340,50.38759,20.27496,małopolskie
31888460,Skrzyszów,village,1050,50.09302,21.55878,podkarpackie
31888465,Skrzelczyce,village,870,50.71754,20.72090,świętokrzyskie
31888467,Skroniów,village,870,50.62961,20.25479,świętokrzyskie
31888499,Skorzeszyce,village,1453,50.83069,20.87988,świętokrzyskie
31888502,Skorków,village,641,50.85587,20.22032,świętokrzyskie
31888509,Skiby,village,360,50.81870,20.43371,świętokrzyskie
31888513,Skalbmierz,town,1177,50.31709,20.39968,świętokrzyskie
31888530,Siemnice,village,390,50.55206,23.62397,lubelskie
31888543,Sielec,village,413,50.54254,21.12990,świętokrzyskie
31888547,Siekierno-Przedgrab,village,390,50.98357,20.94978,świętokrzyskie
31888551,Siedlce,village,610,50.74216,20.49449,świętokrzyskie
31888553,Siedlanka,village,687,50.25890,21.67493,podkarpackie
31888556,Sichów Mały,village,330,50.48689,21.16356,świętokrzyskie
31888557,Sichów Duży,village,558,50.49125,21.14669,świętokrzyskie
31888562,Sępichów,village,402,50.31126,20.76144,świętokrzyskie
31888565,Sędziszów Małopolski,town,12313,50.07160,21.70075,podkarpackie
31888566,Sędziszów,town,6065,50.56478,20.05380,świętokrzyskie
31888568,Sędek,village,511,50.76475,21.02073,świętokrzyskie
31888577,Sandomierz,town,20984,50.67931,21.74951,świętokrzyskie
31888583,Samsonów,village,1125,50.99127,20.61552,świętokrzyskie
31888609,Samborzec,village,475,50.64651,21.64905,świętokrzyskie
31888626,Sadowie,village,600,50.85276,21.36846,świętokrzyskie
31888631,Sadkowa Góra,village,890,50.39179,21.33060,podkarpackie
31888632,Sadków,village,445,50.73525,21.07648,świętokrzyskie
31888638,Rzeplin,village,520,50.46725,23.84949,lubelskie
31888643,Rzędzianowice,village,1289,50.31804,21.39739,podkarpackie
31888644,Rzędowice,village,410,50.44080,20.08901,małopolskie
31888649,Rzeczyca Księża,village,830,50.86497,22.22483,lubelskie
31888667,Rząbiec,village,500,50.82585,20.06737,świętokrzyskie
31888674,Rytwiany,village,1821,50.52887,21.20582,świętokrzyskie
31888702,Rykoszyn,village,970,50.86039,20.40751,świętokrzyskie
31888708,Rydzów,village,348,50.24224,21.36608,podkarpackie
31888735,Rudnik Szlachecki,village,635,50.96365,22.32387,lubelskie
31888736,Rudna Wielka,village,1130,50.08830,21.94731,podkarpackie
31888737,Rudna Mała,village,1100,50.09893,21.96027,podkarpackie
31888746,Ruda Strawczyńska,village,710,50.94482,20.37118,świętokrzyskie
31888748,Ruda Różaniecka,village,1200,50.32360,23.18396,podkarpackie
31888757,Rożki,village,340,50.70725,21.62848,świętokrzyskie
31888759,Rozbórz,village,2005,50.05486,22.54516,podkarpackie
31888768,Ropczyce,town,15815,50.05286,21.61163,podkarpackie
31888774,Rokitów,village,304,50.81161,22.76099,lubelskie
31888778,Rembów,village,330,50.70312,21.05528,świętokrzyskie
31888779,Rembieszyce,village,320,50.75815,20.29690,świętokrzyskie
31888780,Rembiechowa,village,420,50.74711,20.19962,świętokrzyskie
31888793,Rataje Słupskie,village,670,50.33202,21.05606,świętokrzyskie
31888797,Raniżów,village,2200,50.25866,21.97143,podkarpackie
31888798,Rakszawa,village,6100,50.16996,22.23245,podkarpackie
31888802,Rakoszyn,village,380,50.65182,20.08801,świętokrzyskie
31888806,Radzięcin,village,746,50.68689,22.70149,lubelskie
31888819,Radkowice,village,610,50.98172,21.03916,świętokrzyskie
31888820,Radkowice,village,600,50.78941,20.49725,świętokrzyskie
31888835,Racławice,village,510,50.32472,20.23569,małopolskie
31888837,Raciborowice,village,800,50.11852,20.03245,małopolskie
31888864,Pustynia,village,1100,50.07387,21.45047,podkarpackie
31888865,Pustków,village,3039,50.14278,21.49061,podkarpackie
31888873,Psary-Stara Wieś,village,500,50.94274,20.91406,świętokrzyskie
31888881,Przyjmo,village,504,50.98051,20.51214,świętokrzyskie
31888883,Przychojec,village,1000,50.29874,22.40110,podkarpackie
31888889,Przybysławice,village,490,50.44602,20.05892,małopolskie
31888893,Przyborów,village,1700,50.03266,20.66236,małopolskie
31888895,Przezwody,village,350,50.75969,21.63240,świętokrzyskie
31888899,Przewrotne,village,1726,50.21386,21.95079,podkarpackie
31888900,Przeworsk,town,14881,50.06017,22.49238,podkarpackie
31888901,Przewodów,village,710,50.47314,23.93384,lubelskie
31888905,Przesławice,village,340,50.31108,20.01186,małopolskie
31888918,Przededworze,village,825,50.61145,20.72649,świętokrzyskie
31888922,Prząsław,village,410,50.65538,20.22520,świętokrzyskie
31888928,Proszowice,town,5936,50.19265,20.29176,małopolskie
31888930,Promnik,village,1100,50.92107,20.43234,świętokrzyskie
31888941,Prandocin-Iły,village,403,50.27850,20.09341,małopolskie
31888942,Prandocin,village,767,50.26633,20.09310,małopolskie
31888946,Potok Wielki,village,502,50.78444,22.22658,lubelskie
31888970,Poskwitów,village,480,50.22308,20.00959,małopolskie
31888980,Poręby Dymarskie,village,845,50.32033,21.80375,podkarpackie
31888985,Porąbki,village,701,50.86682,20.88886,świętokrzyskie
31889017,Polanowice,village,687,50.19852,20.07622,małopolskie
31889018,Połaniec,town,7343,50.43291,21.28105,świętokrzyskie
31889019,Pokrzywianka,village,300,50.89788,21.13312,świętokrzyskie
31889022,Pojałowice,village,330,50.32026,20.10409,małopolskie
31889028,Pogórska Wola,village,2707,50.01777,21.15775,małopolskie
31889034,Podszkodzie,village,420,50.90306,21.33746,świętokrzyskie
31889054,Podłęże,village,1924,50.01407,20.16142,małopolskie
31889055,Podleszany,village,1562,50.27181,21.41159,podkarpackie
31889071,Podgrodzie,village,1600,50.01257,21.35092,podkarpackie
31889099,Płazów,village,480,50.31373,23.24469,podkarpackie
31889120,Pławo,village,600,50.37240,21.37757,podkarpackie
31889122,Piwoda,village,1150,50.07455,22.75012,podkarpackie
31889124,Piskorowice,village,1230,50.23509,22.53013,podkarpackie
31889133,Piórków,village,480,50.80168,21.16897,świętokrzyskie
31889135,Pińczów,town,9542,50.52019,20.52562,świętokrzyskie
31889138,Pilchów,village,1024,50.61751,22.02339,podkarpackie
31889139,Piłatka,village,390,50.80564,22.47130,lubelskie
31889143,Pigany,village,339,50.20408,22.58420,podkarpackie
31889148,Pierzchnica,town,1213,50.69743,20.75443,świętokrzyskie
31889160,Piekoszów,town,2978,50.88142,20.46425,świętokrzyskie
31889161,Pieczonogi,village,450,50.46034,21.00086,świętokrzyskie
31889178,Piasek Wielki,village,508,50.36801,20.79183,świętokrzyskie
31889187,Pępice,village,469,50.97395,20.49693,świętokrzyskie
31889188,Pełkinie,village,1773,50.06427,22.61705,podkarpackie
31889189,Pełczyska,village,460,50.35682,20.56827,świętokrzyskie
31889193,Pęchów,village,450,50.67042,21.45003,świętokrzyskie
31889194,Pawłowice,village,370,50.58252,20.09112,świętokrzyskie
31889197,Pawłów,village,1100,50.96212,21.12052,świętokrzyskie
31889202,Paszczyna,village,1471,50.08739,21.52072,podkarpackie
31889203,Pasturka,village,360,50.49634,20.56679,świętokrzyskie
31889215,Parchocin,village,410,50.32369,20.95909,świętokrzyskie
31889223,Palikówka,village,2000,50.08154,22.14277,podkarpackie
31889228,Padew Narodowa,village,2300,50.43630,21.49675,podkarpackie
31889231,Pacanów,town,1024,50.39997,21.04099,świętokrzyskie
31889234,Ożarów,town,4137,50.88641,21.66562,świętokrzyskie
31889247,Otałęż,village,725,50.34920,21.22891,podkarpackie
31889256,Ostrowy Tuszowskie,village,930,50.31873,21.65563,podkarpackie
31889259,Ostrów Królewski,village,325,50.02038,20.49804,małopolskie
31889267,Ostrowiec Świętokrzyski,town,61188,50.93988,21.38743,świętokrzyskie
31889323,Ossala,village,400,50.48483,21.37321,świętokrzyskie
31889378,Orzelec Duży,village,320,50.39790,21.14186,świętokrzyskie
31889422,Opatów,town,5835,50.80177,21.42383,świętokrzyskie
31889436,Olszownica,village,440,50.80379,21.24550,świętokrzyskie
31889443,Olimpów,village,530,50.00551,21.75580,podkarpackie
31889446,Oleszyce,town,2875,50.16820,23.03148,podkarpackie
31889452,Oksa,village,890,50.72838,20.10219,świętokrzyskie
31889472,Oględów,village,514,50.56510,21.12311,świętokrzyskie
31889475,Odwiśle,village,640,50.08258,20.26422,małopolskie
31889524,Ociesęki,village,394,50.73793,20.97163,świętokrzyskie
31889531,Ocieka,village,1200,50.14030,21.58853,podkarpackie
31889536,Obsza,village,861,50.31523,22.96182,lubelskie
31889538,Obrowiec,village,480,50.81856,23.83341,lubelskie
31889559,Obojna,village,656,50.60623,21.98617,podkarpackie
31889567,Oblekoń,village,680,50.33180,21.01125,świętokrzyskie
31889574,Oblęgorek,village,950,50.95490,20.47759,świętokrzyskie
31889580,Oblęgór,village,870,50.95726,20.45481,świętokrzyskie
31889586,Obice,village,630,50.68302,20.60494,świętokrzyskie
31889594,Nowy Korczyn,town,882,50.29943,20.80906,świętokrzyskie
31889626,Nowosielce,village,1600,50.05857,22.40245,podkarpackie
31889648,Nowe Sioło,village,1300,50.22979,23.16659,podkarpackie
31889649,Nowe Brzesko,town,1628,50.13228,20.37672,małopolskie
31889683,Nowa Słupia,town,1287,50.86404,21.09073,świętokrzyskie
31889688,Nowa Sarzyna,town,5599,50.31979,22.34348,podkarpackie
31889710,Nowa Dęba,town,10647,50.41349,21.75413,podkarpackie
31889730,Nosówka,village,1223,50.02483,21.87718,podkarpackie
31889747,Nockowa,village,1200,50.01991,21.79188,podkarpackie
31889750,Niwiska,village,1542,50.22446,21.61991,podkarpackie
31889755,Niezwojowice,village,430,50.30966,20.31896,małopolskie
31889761,Niestachów,village,800,50.82656,20.74239,świętokrzyskie
31889766,Nieskurzów Stary,village,570,50.80709,21.20371,świętokrzyskie
31889778,Nieskurzów Nowy,village,410,50.78996,21.19550,świętokrzyskie
31889794,Niepołomice,town,17572,50.03312,20.21716,małopolskie
31889802,Nienadówka,village,2825,50.19405,22.10437,podkarpackie
31889808,Niemstów,village,530,50.26037,23.05333,podkarpackie
31889827,Nielepkowice,village,417,50.09843,22.67951,podkarpackie
31889828,Nieledew,village,1700,50.83088,23.79165,lubelskie
31889831,Niegosławice,village,400,50.52306,20.31516,świętokrzyskie
31889850,Nieczulice,village,470,50.91290,21.10694,świętokrzyskie
31889860,Nida,village,440,50.75432,20.55495,świętokrzyskie
31889865,Nawodzice,village,650,50.62184,21.42718,świętokrzyskie
31889871,Nasiechowice,village,390,50.30793,20.14190,małopolskie
31889877,Napęków,village,655,50.82381,20.90430,świętokrzyskie
31889882,Nagoszyn,village,1600,50.13470,21.42294,podkarpackie
31889885,Nagłowice,village,950,50.67833,20.10610,świętokrzyskie
31889894,Mydłów,village,460,50.72608,21.37969,świętokrzyskie
31889895,Mychów,village,300,50.91305,21.29683,świętokrzyskie
31889916,Mściów,village,920,50.71145,21.80695,świętokrzyskie
31889918,Mrowla,village,1300,50.09623,21.91138,podkarpackie
31889923,Moszyny,village,320,50.64481,21.28531,świętokrzyskie
31889924,Moszczanica,village,560,50.28380,22.89964,podkarpackie
31889931,Moroczyn,village,346,50.84075,23.93593,lubelskie
31889932,Morawica,town,1737,50.74781,20.61813,świętokrzyskie
31889944,Moniatycze,village,473,50.86444,23.86338,lubelskie
31890016,Mokrzyska,village,3286,50.01189,20.62532,małopolskie
31890065,Mójcza,village,1100,50.83885,20.68388,świętokrzyskie
31890071,Modliborzyce,village,430,50.77658,21.29153,świętokrzyskie
31890089,Mnichów,village,1100,50.69816,20.36579,świętokrzyskie
31890093,Młodów,village,910,50.16079,23.15405,podkarpackie
31890100,Mirocice,village,570,50.88421,21.04680,świętokrzyskie
31890117,Mikulice,village,519,50.01043,22.42547,podkarpackie
31890123,Mikluszowice,village,800,50.06628,20.46069,małopolskie
31890127,Mierzawa,village,300,50.57342,20.22327,świętokrzyskie
31890131,Miernów,village,330,50.33948,20.58472,świętokrzyskie
31890133,Mielec,town,58213,50.28954,21.42295,podkarpackie
31890135,Miękisz Nowy,village,680,50.03942,22.97971,podkarpackie
31890136,Międzygórz,village,300,50.73823,21.54097,świętokrzyskie
31890137,Miedzianka,village,330,50.84003,20.36776,świętokrzyskie
31890138,Miedziana Góra,village,2317,50.93668,20.56173,świętokrzyskie
31890141,Mieczyn,village,393,50.90987,20.19223,świętokrzyskie
31890453,Miechów,town,11215,50.35660,20.02769,małopolskie
31890454,Micigózd,village,990,50.89938,20.45808,świętokrzyskie
31890459,Miąsowa,village,659,50.71727,20.37306,świętokrzyskie
31890460,Mianocice,village,330,50.43712,20.11316,małopolskie
31890481,Medynia Głogowska,village,1650,50.15913,22.13942,podkarpackie
31890596,Masłomiąca,village,510,50.16193,19.99955,małopolskie
31890597,Masłomęcz,village,404,50.72267,23.90131,lubelskie
31890621,Markowizna,village,437,50.29282,22.09601,podkarpackie
31890622,Markowa,village,4100,50.02451,22.31122,podkarpackie
31890637,Manasterz,village,712,50.11849,22.66737,podkarpackie
31890647,Małogoszcz,town,3297,50.81235,20.26483,świętokrzyskie
31890686,Malice,village,310,50.67479,21.65762,świętokrzyskie
31890698,Maleszowa,village,350,50.68182,20.72592,świętokrzyskie
31890699,Maleniska,village,900,50.26739,22.34609,podkarpackie
31890703,Malawa,village,2850,50.02855,22.10508,podkarpackie
31890737,Makowisko,village,1227,50.04535,22.78999,podkarpackie
31890785,Majdan Sieniawski,village,1600,50.29028,22.71797,podkarpackie
31890854,Majdan-Grabina,village,820,50.92199,22.40593,lubelskie
31890856,Majdan Golczański,village,685,50.56204,22.35486,podkarpackie
31890875,Mąchocice-Scholasteria,village,454,50.91476,20.77605,świętokrzyskie
31891044,Łukowa,village,810,50.72786,20.53452,świętokrzyskie
31891061,Łukowa,village,610,50.32620,22.37548,podkarpackie
31891080,Łukawiec,village,2500,50.10519,22.10149,podkarpackie
31891084,Łukawiec,village,1363,50.07659,23.11819,podkarpackie
31891096,Łukawa,village,450,50.76605,21.70186,świętokrzyskie
31891099,Ludynia,village,401,50.84335,20.11700,świętokrzyskie
31891100,Ludmiłówka,village,530,50.93302,22.03003,lubelskie
31891101,Łuczyce,village,1993,50.15949,20.07874,małopolskie
31891103,Luchów Górny,village,598,50.33194,22.69583,lubelskie
31891104,Luchów Dolny,village,589,50.32031,22.64218,lubelskie
31891105,Lubzina,village,1800,50.06425,21.52370,podkarpackie
31891108,Luborzyca,village,590,50.13706,20.10825,małopolskie
31891157,Łubcze,village,356,50.45174,23.66076,lubelskie
31891166,Lubaczów,town,11619,50.15745,23.12259,podkarpackie
31891192,Łowinia,village,310,50.60523,20.11148,świętokrzyskie
31891196,Łosienek,village,540,50.88547,20.36648,świętokrzyskie
31891198,Łopuszno,town,1419,50.94862,20.25060,świętokrzyskie
31891204,Łoniów,village,450,50.56438,21.52624,świętokrzyskie
31891205,Łomno,village,700,50.91124,21.04348,świętokrzyskie
31891209,Liśnik Duży,village,557,50.88746,22.06353,lubelskie
31891211,Lisie Jamy,village,1187,50.14601,23.16678,podkarpackie
31891232,Lisia Góra,village,3019,50.08033,21.03495,małopolskie
31891329,Leżajsk,town,13164,50.26217,22.41889,podkarpackie
31891370,Leżachów,village,500,50.14764,22.61692,podkarpackie
31891371,Łętownia,village,1450,50.32472,22.23421,podkarpackie
31891373,Łętkowice,village,1569,50.25367,20.17465,małopolskie
31891374,Leszczyny,village,960,50.87503,20.75917,świętokrzyskie
31891390,Leszczków,village,450,50.74486,21.48743,świętokrzyskie
31891397,Lenarczyce,village,480,50.70413,21.66586,świętokrzyskie
31891415,Łęka Szczucińska,village,410,50.32827,21.08409,małopolskie
31891422,Lechówek,village,377,50.79560,21.02141,świętokrzyskie
31891423,Lechów,village,1200,50.80585,20.99946,świętokrzyskie
31891545,Łaziska,village,390,50.86417,20.45875,świętokrzyskie
31891567,Latoszyn,village,1700,50.02691,21.37531,podkarpackie
31891569,Łatanice,village,370,50.41580,20.70097,świętokrzyskie
31891580,Laszki,village,1827,50.02163,22.90093,podkarpackie
31891620,Łaszczów,town,2010,50.53261,23.72639,lubelskie
31891624,Lasocin,village,374,50.97321,20.14529,świętokrzyskie
31891667,Łańcut,town,17768,50.06907,22.23209,podkarpackie
31891678,Ładna,village,1535,50.00768,21.08611,małopolskie
31891679,Łączyn,village,440,50.61581,20.28897,świętokrzyskie
31891680,Łączna,village,780,50.99479,20.79381,świętokrzyskie
31891702,Kuźniaki,village,470,50.97644,20.36056,świętokrzyskie
31891710,Kuryłówka,village,1674,50.29912,22.46818,podkarpackie
31891711,Kurozwęki,village,715,50.59024,21.10195,świętokrzyskie
31891739,Kunów,town,2686,50.95411,21.27882,świętokrzyskie
31891881,Książ Wielki,town,1917,50.44294,20.13995,małopolskie
31891884,Książnice Wielkie,village,520,50.16514,20.52813,małopolskie
31891891,Książnice,village,323,50.40000,21.06667,świętokrzyskie
31891895,Książnice,village,601,50.26291,21.42814,podkarpackie
31892090,Krzcin,village,578,50.56347,21.60155,świętokrzyskie
31892094,Krzątka,village,2200,50.39746,21.84065,podkarpackie
31892098,Kryszyn,village,460,50.56862,23.80847,lubelskie
31892195,Krowica Hołodowska,village,488,50.10655,23.23317,podkarpackie
31892290,Kropidło,village,330,50.36370,20.23327,małopolskie
31892390,Krasocin,village,1123,50.88936,20.11781,świętokrzyskie
31892394,Krasnobród,town,3013,50.54600,23.21156,lubelskie
31892418,Kranów,village,380,50.80871,20.77186,świętokrzyskie
31892419,Krajno-Parcele,village,746,50.87961,20.84014,świętokrzyskie
31892477,Kozodrza,village,804,50.10014,21.61011,podkarpackie
31892492,Kozłówek,village,360,50.97542,21.69334,świętokrzyskie
31892497,Kozłów,village,900,50.82658,20.16232,świętokrzyskie
31892509,Kozłów,village,1100,50.48326,20.02464,małopolskie
31892521,Kozłów,village,550,50.08572,21.45798,podkarpackie
31892579,Koziarnia,village,616,50.39020,22.32319,podkarpackie
31892589,Kowala,village,936,50.79846,20.57314,świętokrzyskie
31892613,Kotowa Wola,village,918,50.61628,21.92536,podkarpackie
31892634,Kostomłoty Drugie,village,1522,50.92848,20.57319,świętokrzyskie
31892638,Kossów,village,360,50.69749,20.02506,świętokrzyskie
31892639,Kosowy,village,844,50.27956,21.64439,podkarpackie
31892640,Kosowice,village,330,50.88871,21.28578,świętokrzyskie
31892724,Kościejów,village,420,50.32827,20.26643,małopolskie
31892729,Korzecko,village,570,50.80214,20.42017,świętokrzyskie
31892794,Korczyn,village,880,50.92796,20.34064,świętokrzyskie
31892813,Koprzywnica,town,2350,50.59322,21.58473,świętokrzyskie
31892823,Koniuchy,village,480,50.72072,23.60810,lubelskie
31892824,Koniemłoty,village,679,50.52117,21.11760,świętokrzyskie
31892825,Konieczno,village,1200,50.79040,20.03427,świętokrzyskie
31892829,Koniaczów,village,500,50.03410,22.73729,podkarpackie
31892833,Konary,village,420,50.67795,21.37895,świętokrzyskie
31892837,Komorna,village,330,50.72189,21.60151,świętokrzyskie
31892838,Komórki,village,300,50.73333,20.73333,świętokrzyskie
31892843,Kolosy,village,500,50.32060,20.61310,świętokrzyskie
31892861,Wiązownica-Kolonia,village,580,50.58620,21.40057,świętokrzyskie
31892938,Suchowola-Kolonia,village,490,50.59385,23.27769,lubelskie
31892941,Stróża-Kolonia,village,976,50.89953,22.30018,lubelskie
31892982,Rzepin-Kolonia,village,560,50.96928,21.09100,świętokrzyskie
31893003,Kolonia Polska,village,310,50.27905,22.60831,podkarpackie
31893082,Kolonia Inwalidzka,village,354,50.99000,21.30217,świętokrzyskie
31893267,Kolbuszowa Górna,village,1800,50.22719,21.79080,podkarpackie
31893272,Kolbuszowa Dolna,village,1800,50.25529,21.76431,podkarpackie
31893273,Kolbuszowa,town,8710,50.24333,21.77546,podkarpackie
31893290,Kokotów,village,1367,50.01391,20.09632,małopolskie
31893310,Kocmyrzów,village,700,50.13163,20.12934,małopolskie
31893315,Koćmierzów,village,428,50.65069,21.71236,świętokrzyskie
31893338,Kobylany,village,840,50.76365,21.34567,świętokrzyskie
31893339,Kobło,village,328,50.87191,23.96102,lubelskie
31893341,Kobierniki,village,534,50.68791,21.71850,świętokrzyskie
31893343,Knapy,village,599,50.44094,21.58134,podkarpackie
31893344,Kmiczyn,village,320,50.54765,23.78257,lubelskie
31893345,Kłyżów,village,1300,50.54744,22.16436,podkarpackie
31893349,Klonów,village,390,50.33580,20.17919,małopolskie
31893351,Kliszów,village,880,50.39703,21.38049,podkarpackie
31893353,Klimontów,town,1726,50.65639,21.45062,świętokrzyskie
31893354,Klimontów,village,374,50.51873,20.03494,świętokrzyskie
31893355,Klimontów,village,1500,50.21635,20.31454,małopolskie
31893450,Klępie Górne,village,340,50.42908,21.01423,świętokrzyskie
31893454,Klęczany,village,1500,50.07419,21.79338,podkarpackie
31893455,Kleczanów,village,570,50.71865,21.57002,świętokrzyskie
31893467,Kielanówka,village,1081,50.02363,21.92741,podkarpackie
31893519,Kazimierza Wielka,town,4951,50.26749,20.48533,świętokrzyskie
31893724,Karpiówka,village,435,50.89329,22.31401,lubelskie
31893747,Karniów,village,606,50.13273,20.17081,małopolskie
31893846,Kaniów,village,1257,50.98716,20.66313,świętokrzyskie
31893853,Nowy Kamień,village,530,50.70000,21.80000,świętokrzyskie
31893861,Kałków,village,490,50.96033,21.16973,świętokrzyskie
31893905,Kalina Wielka,village,520,50.38409,20.15996,małopolskie
31893930,Kalina Mała,village,340,50.36839,20.12066,małopolskie
31893936,Kajetanów,village,1221,50.94615,20.69297,świętokrzyskie
31893970,Jurków,village,590,50.36289,20.64093,świętokrzyskie
31893994,Jelna,village,1900,50.29817,22.35509,podkarpackie
31893995,Jeleniów,village,770,50.84409,21.10857,świętokrzyskie
31894000,Jędrzejowice,village,380,50.91535,21.32650,świętokrzyskie
31894001,Jędrzejów,village,310,50.90461,21.40174,świętokrzyskie
31894002,Jędrzejów,town,13849,50.63944,20.30461,świętokrzyskie
31894004,Jedle,village,334,50.92900,20.22764,świętokrzyskie
31894007,Jaworznia,village,1100,50.86195,20.48303,świętokrzyskie
31894014,Jastrzębska Wola,village,330,50.71921,21.18064,świętokrzyskie
31894019,Jaślany,village,1169,50.39519,21.48549,podkarpackie
31894023,Jasionka,village,1900,50.11610,22.05471,podkarpackie
31894029,Jasiennik Stary,village,341,50.41803,22.43260,lubelskie
31894056,Jarosławice,village,410,50.49654,21.04405,świętokrzyskie
31894084,Januszowice,village,661,50.25812,20.05371,małopolskie
31894142,Janiszów,village,610,50.82327,21.88196,lubelskie
31894146,Janina,village,450,50.49968,20.83803,świętokrzyskie
31894199,Janaszów,village,709,50.99160,20.62763,świętokrzyskie
31894213,Jałowęsy,village,450,50.80740,21.36505,świętokrzyskie
31894226,Jakubowice,village,320,50.81418,21.67095,świętokrzyskie
31894244,Jaksice,village,490,50.32386,20.00357,małopolskie
31894261,Jagiełła,village,1500,50.09411,22.56836,podkarpackie
31894272,Jadachy,village,1600,50.49376,21.67914,podkarpackie
31894301,Iwierzyce,village,940,50.03084,21.75541,podkarpackie
31894302,Iwaniska,town,1197,50.73143,21.28111,świętokrzyskie
31894312,Ilkowice,village,520,50.38916,20.23097,małopolskie
31894319,Igołomia,village,1100,50.09108,20.24399,małopolskie
31894330,Chyża,village,506,50.73916,23.22048,lubelskie
31894488,Hucisko,village,370,50.96779,20.39840,świętokrzyskie
31894508,Hucisko,village,454,50.20253,21.67785,podkarpackie
31894511,Hucina,village,426,50.25550,21.63620,podkarpackie
31894589,Horyszów,village,650,50.74754,23.60621,lubelskie
31894594,Horyszów Polski,village,485,50.74636,23.41936,lubelskie
31894599,Horyniec-Zdrój,village,2454,50.19103,23.36260,podkarpackie
31894680,Hedwiżyn,village,687,50.58406,22.81122,lubelskie
31894729,Hadykówka,village,833,50.32393,21.73441,podkarpackie
31894741,Gwizdów,village,617,50.19241,22.33993,podkarpackie
31894755,Gumienice,village,510,50.68177,20.76765,świętokrzyskie
31894766,Grzybów,village,320,50.67724,21.29024,świętokrzyskie
31894775,Grzęska,village,3000,50.08202,22.45591,podkarpackie
31894803,Grotniki Małe,village,347,50.31294,20.83798,świętokrzyskie
31894805,Gromadzice,village,500,50.88220,21.34731,świętokrzyskie
31894809,Grodzisko Dolne,village,1700,50.16376,22.45961,podkarpackie
31894812,Grodkowice,village,390,49.97505,20.26826,małopolskie
31894845,Grabowiec-Góra,village,650,50.81219,23.55883,lubelskie
31894850,Grabków,village,430,50.91839,21.01866,świętokrzyskie
31894851,Grabki Duże,village,391,50.58778,20.95404,świętokrzyskie
31894852,Grabie,village,1500,50.03809,20.13529,małopolskie
31894855,Goździelin,village,600,50.90801,21.42445,świętokrzyskie
31894857,Goszyce,village,654,50.17806,20.13117,małopolskie
31894858,Goszcza,village,730,50.18534,20.07145,małopolskie
31894864,Gościeradów Ukazowy,village,880,50.86647,21.99982,lubelskie
31894865,Gorzyczany,village,508,50.63729,21.61011,świętokrzyskie
31894936,Górno,village,2003,50.84859,20.82244,świętokrzyskie
31894944,Górno,village,2175,50.28191,22.14644,podkarpackie
31894953,Szczukowskie Górki,village,410,50.88236,20.52393,świętokrzyskie
31894960,Góra Ropczycka,village,1800,50.05318,21.68266,podkarpackie
31894961,Góra Motyczna,village,1000,50.09224,21.37110,podkarpackie
31894975,Godów,village,510,50.96667,21.18772,świętokrzyskie
31894976,Gnojnica,village,2100,50.03932,21.65382,podkarpackie
31894977,Gnieździska,village,870,50.86932,20.27168,świętokrzyskie
31894978,Gniewięcin,village,513,50.53510,20.06732,świętokrzyskie
31894981,Gnieszowice,village,570,50.60573,21.54552,świętokrzyskie
31894990,Głowaczowa,village,871,50.05713,21.31458,podkarpackie
31894993,Głogów Małopolski,town,10232,50.15118,21.96276,podkarpackie
31895013,Gliniany,village,320,50.92787,21.63206,świętokrzyskie
31895022,Gierczyce,village,449,50.80593,21.52966,świętokrzyskie
31895072,Dębica,town,44047,50.05146,21.41048,podkarpackie
31895073,Gawłuszowice,village,700,50.41383,21.38173,podkarpackie
31895088,Gałęzice,village,380,50.84398,20.41262,świętokrzyskie
31895121,Futory,village,629,50.19481,23.05905,podkarpackie
31895126,Furmany,village,763,50.61197,21.80143,podkarpackie
31895172,Fanisławice,village,365,50.88981,20.31685,świętokrzyskie
31895220,Eustachów,village,370,50.93196,20.26583,świętokrzyskie
31895225,Stary Dzików,village,1320,50.24663,22.92980,podkarpackie
31895235,Dzikowiec,village,1400,50.26835,21.85436,podkarpackie
31895252,Dzierzkowice-Zastawie,village,455,50.97131,22.05112,lubelskie
31895256,Dzierzkowice-Wola,village,533,50.97837,22.03516,lubelskie
31895265,Dzierdziówka,village,507,50.65036,21.93292,podkarpackie
31895266,Dzierążnia,village,430,50.56987,23.45065,lubelskie
31895296,Dziekanów,village,578,50.83938,23.90977,lubelskie
31895302,Działoszyce,town,820,50.36547,20.35215,świętokrzyskie
31895341,Dymitrów Duży,village,345,50.48053,21.51960,podkarpackie
31895464,Drygulec,village,375,50.87216,21.57488,świętokrzyskie
31895465,Drwinia,village,600,50.09809,20.44201,małopolskie
31895468,Drugnia,village,310,50.65593,20.84499,świętokrzyskie
31895797,Domatków,village,1001,50.20227,21.74233,podkarpackie
31895824,Domaszowice,village,1054,50.87810,20.68508,świętokrzyskie
31895843,Doły Biskupie,village,483,50.97057,21.21140,świętokrzyskie
31895917,Dobrzeszów,village,376,50.97946,20.33100,świętokrzyskie
31896029,Dereźnia-Zagrody,village,526,50.50928,22.68425,lubelskie
31896066,Denkówek,village,980,50.91682,21.41305,świętokrzyskie
31896085,Dębska Wola,village,650,50.71808,20.59535,świętokrzyskie
31896122,Dębów,village,1244,50.04480,22.43596,podkarpackie
31896276,Daromin,village,480,50.77080,21.61690,świętokrzyskie
31896315,Daleszyce,town,2738,50.80199,20.80663,świętokrzyskie
31896388,Dachnów,village,1335,50.20668,23.10898,podkarpackie
31896415,Dąbrówka Wisłocka,village,750,50.16227,21.33510,podkarpackie
31896633,Dąbrowa Tarnowska,town,11549,50.17435,20.98507,małopolskie
31896846,Czyżów,village,358,50.74309,21.00988,świętokrzyskie
31896850,Czyżów,village,430,50.48317,20.99855,świętokrzyskie
31896864,Czuszów,village,706,50.25537,20.34757,małopolskie
31896879,Czostków,village,698,50.85176,20.15704,świętokrzyskie
31896932,Czerwona Wola,village,483,50.14043,22.68530,podkarpackie
31896972,Czernichów,village,339,50.11896,20.22554,małopolskie
31897025,Czerce,village,443,50.16464,22.66942,podkarpackie
31897425,Czarzyzna,village,300,50.38081,21.19157,świętokrzyskie
31897553,Czaplów,village,420,50.83882,20.95118,świętokrzyskie
31897622,Cudzynowice,village,813,50.28916,20.48385,świętokrzyskie
31897623,Cmolas,village,4000,50.29494,21.74440,podkarpackie
31897703,Ćmińsk,village,1968,50.98444,20.54059,świętokrzyskie
31897710,Ćmielów,town,2762,50.89184,21.51009,świętokrzyskie
31897738,Ciszyca,village,343,50.58429,21.64354,świętokrzyskie
31897788,Ciosowa,village,390,50.94836,20.53237,świętokrzyskie
31897853,Cieszanów,town,1867,50.24543,23.13013,podkarpackie
31897892,Cierpisz,village,828,50.01584,22.16543,podkarpackie
31897898,Cierno-Żabieniec,village,480,50.67708,20.18821,świętokrzyskie
31897909,Cierchy,village,323,50.97781,20.47846,świętokrzyskie
31897923,Cieplice,village,740,50.25344,22.62010,podkarpackie
31897927,Ciekoty,village,510,50.91699,20.80334,świętokrzyskie
31897986,Chybice,village,430,50.92639,21.10412,świętokrzyskie
31898035,Chrząstów,village,666,50.35440,21.40418,podkarpackie
31898123,Chroberz,village,964,50.42245,20.55588,świętokrzyskie
31898137,Chotylub,village,530,50.24000,23.23224,podkarpackie
31898146,Chotowa,village,618,50.02771,21.30359,podkarpackie
31898176,Chorzelów,village,2728,50.32839,21.43595,podkarpackie
31898181,Chorupnik,village,470,50.93577,22.99387,lubelskie
31898286,Chocimów,village,336,50.93766,21.24813,świętokrzyskie
31898294,Chobrzany,village,567,50.64106,21.57899,świętokrzyskie
31898313,Chmielowice,village,310,50.70880,20.55545,świętokrzyskie
31898318,Chmielów,village,920,50.94109,21.32570,świętokrzyskie
31898325,Chmielów,village,1969,50.51552,21.66925,podkarpackie
31898378,Chlewice,village,759,50.65413,20.00203,świętokrzyskie
31898410,Chełmce,village,1000,50.93137,20.49382,świętokrzyskie
31898430,Chańcza,village,441,50.64581,21.07228,świętokrzyskie
31898438,Chałupki,village,300,50.70036,20.60058,świętokrzyskie
31898495,Cewków,village,1800,50.25238,22.87062,podkarpackie
31898512,Cetula,village,520,50.10503,22.79059,podkarpackie
31898513,Cerekiew,village,328,50.08920,20.50004,małopolskie
31898516,Celiny,village,340,50.65269,20.69719,świętokrzyskie
31898518,Cedzyna,village,830,50.86787,20.72090,świętokrzyskie
31898571,Busko-Zdrój,town,14079,50.46759,20.71919,świętokrzyskie
31898583,Bukowska Wola,village,490,50.35759,20.07842,małopolskie
31898591,Bukowie,village,384,50.93011,21.26779,świętokrzyskie
31898661,Budy Łańcuckie,village,1900,50.12042,22.41269,podkarpackie
31898669,Buczków,village,400,50.04671,20.56192,małopolskie
31898674,Brzuchania,village,330,50.38801,20.08988,małopolskie
31898678,Brzóza Stadnicka,village,1152,50.19685,22.27366,podkarpackie
31898692,Brzóza Królewska,village,3400,50.25636,22.30804,podkarpackie
31898701,Brzóstowa,village,720,50.89370,21.48424,świętokrzyskie
31898703,Brzezówka,village,357,50.21880,21.74049,podkarpackie
31898708,Brzezówka,village,1138,50.06990,21.54804,podkarpackie
31898721,Barcza,village,335,50.94221,20.76782,świętokrzyskie
31898722,Brzezinki,village,591,50.92569,20.76161,świętokrzyskie
31898737,Brzegi,village,550,50.73997,20.40329,świętokrzyskie
31898741,Brzegi,village,709,50.03557,20.10345,małopolskie
31898746,Brzechów,village,870,50.82701,20.78883,świętokrzyskie
31898747,Bryzdzyn,village,430,50.46911,20.06768,małopolskie
31898750,Brynica,village,830,50.90106,20.50269,świętokrzyskie
31898754,Brudzów,village,450,50.71667,20.66667,świętokrzyskie
31898759,Bronkowice,village,420,50.98609,20.99352,świętokrzyskie
31898810,Bratkowice,village,4268,50.11584,21.85841,podkarpackie
31898951,Bosutów,village,672,50.12402,19.99393,małopolskie
31898955,Borzymów,village,380,50.44471,21.10984,świętokrzyskie
31898956,Borzykowa,village,320,50.55336,20.77209,świętokrzyskie
31898992,Borowa,village,1451,50.38715,21.35679,podkarpackie
31899004,Borków,village,360,50.77117,20.75261,świętokrzyskie
31899078,Borki Nizińskie,village,600,50.39320,21.42290,podkarpackie
31899181,Bolmin,village,1100,50.80937,20.34875,świętokrzyskie
31899197,Boleścice,village,370,50.58490,20.12566,świętokrzyskie
31899198,Bolechowice,village,545,50.80461,20.51417,świętokrzyskie
31899203,Bojanów,village,1200,50.42266,21.95031,podkarpackie
31899209,Bogucice,village,740,50.06022,20.48880,małopolskie
31899212,Bogoria,town,1091,50.65191,21.26019,świętokrzyskie
31899213,Bodzentyn,town,2076,50.94081,20.95824,świętokrzyskie
31899245,Bobrza,village,402,50.96804,20.52184,świętokrzyskie
31899248,Bobrowniki Małe,village,850,50.05775,20.89300,małopolskie
31899254,Błotnowola,village,339,50.31528,20.92838,świętokrzyskie
31899261,Błogoszów,village,430,50.76027,20.09357,świętokrzyskie
31899266,Błędowa Zgłobieńska,village,590,50.03857,21.83420,podkarpackie
31899279,Biórków Wielki,village,505,50.16541,20.17405,małopolskie
31899283,Biszcza,village,1901,50.40087,22.65070,lubelskie
31899290,Bilcza,village,2292,50.78731,20.61983,świętokrzyskie
31899353,Bielcza,village,1600,50.02313,20.74256,małopolskie
31899393,Biedaczów,village,718,50.19418,22.33634,podkarpackie
31899414,Biechów,village,371,50.38179,20.99722,świętokrzyskie
31899415,Bidziny,village,910,50.83873,21.62945,świętokrzyskie
31899430,Białoborze,village,350,50.44785,20.96936,świętokrzyskie
31899433,Beszowa,village,320,50.41833,21.11430,świętokrzyskie
31899450,Będziemyśl,village,900,50.05554,21.78886,podkarpackie
31899455,Bęczków,village,1593,50.88143,20.80341,świętokrzyskie
31899457,Batowice,village,395,50.11142,20.01666,małopolskie
31899459,Baszowice,village,400,50.87456,21.07046,świętokrzyskie
31899460,Basznia Górna,village,447,50.16385,23.25616,podkarpackie
31899461,Basznia Dolna,village,1011,50.17614,23.22506,podkarpackie
31899472,Bartków,village,572,50.98019,20.64608,świętokrzyskie
31899479,Baranów Sandomierski,town,1425,50.49950,21.54179,podkarpackie
31899506,Balice,village,400,50.54697,20.83200,świętokrzyskie
31899511,Badrzychowice,village,331,50.34880,20.78463,świętokrzyskie
31899513,Baćkowice,village,540,50.79505,21.23285,świętokrzyskie
31899534,Antolka,village,310,50.40188,20.09865,małopolskie
31899551,Alfredówka,village,836,50.46442,21.73989,podkarpackie
31899580,Albigowa,village,2923,50.02043,22.22457,podkarpackie
31899586,Agatówka,village,359,50.61032,22.00782,podkarpackie
31899588,Adamówka,village,1205,50.25872,22.69430,podkarpackie
31899611,Żytno,village,678,50.92729,19.62733,łódzkie
31899614,Zrębice,village,976,50.72326,19.32873,śląskie
31899646,Złożeniec,village,349,50.43050,19.64885,śląskie
31899648,Zielonki,village,2936,50.11740,19.92066,małopolskie
31899659,Zendek,village,1095,50.49655,19.09004,śląskie
31899663,Zelków,village,590,50.15931,19.79618,małopolskie
31899668,Żelisławiczki,village,310,50.80708,19.87607,świętokrzyskie
31899682,Żelisławice,village,440,50.81294,19.85672,świętokrzyskie
31899688,Żelisławice,village,1169,50.51261,19.25601,śląskie
31899698,Zederman,village,1300,50.24635,19.66950,małopolskie
31899703,Zdrowa,village,631,50.93636,19.32034,śląskie
31899766,Zdów,village,536,50.60396,19.52721,śląskie
31899796,Zawisna,village,593,50.69369,19.12116,śląskie
31899799,Zawiercie,town,47689,50.48442,19.43339,śląskie
31899829,Żarki,town,4434,50.62596,19.36456,śląskie
31899830,Żarki,village,3500,50.08031,19.34961,małopolskie
31899831,Zarębice,village,396,50.79100,19.55471,śląskie
31899912,Zabierzów,village,5304,50.11464,19.79938,małopolskie
31899916,Wysocice,village,437,50.28335,19.92013,małopolskie
31899926,Wrzosowa,village,1889,50.74975,19.15144,śląskie
31899939,Wola Libertowska,village,543,50.47519,19.81306,śląskie
31899945,Wola Kiedrzyńska,village,324,50.87777,19.10880,śląskie
31899948,Wola Hankowska,village,349,50.87850,19.09088,śląskie
31899949,Wola Filipowska,village,2704,50.13290,19.58759,małopolskie
31899953,Wojsławice,village,388,50.58103,19.13696,śląskie
31899954,Wojkowice Kościelne,village,1251,50.41186,19.20421,śląskie
31899959,Włodowice,town,1118,50.55209,19.45043,śląskie
31899960,Własna,village,419,50.66951,19.08453,śląskie
31899962,Witowice,village,470,50.37487,19.93095,małopolskie
31899963,Witów,village,511,50.64999,19.69565,śląskie
31899975,Winowno,village,446,50.54136,19.16582,śląskie
31900003,Wierzchowisko,village,856,50.87290,19.11972,śląskie
31900007,Wierzchowisko,village,713,50.37330,19.81608,małopolskie
31900044,Wierbka,village,857,50.47535,19.72382,śląskie
31900046,Wielmoża,village,1500,50.25272,19.82455,małopolskie
31900082,Widzów,village,1034,50.97297,19.37493,śląskie
31900105,Węgrzce,village,2500,50.12006,19.97444,małopolskie
31900109,Wancerzów,village,584,50.83776,19.28095,śląskie
31900110,Wanaty,village,667,50.69583,19.14138,śląskie
31900120,Uniejów-Rędziny,village,450,50.43375,19.98129,małopolskie
31900139,Ulina Wielka,village,312,50.32152,19.89190,małopolskie
31900221,Trzyciąż,village,720,50.30941,19.76756,małopolskie
31900234,Trzebniów,village,344,50.66320,19.43589,śląskie
31900257,Trzebinia,town,19134,50.15977,19.47091,małopolskie
31900274,Troks,village,562,50.30252,19.64351,małopolskie
31900278,Trojanowice,village,747,50.14086,19.90936,małopolskie
31900286,Tomiszowice,village,355,50.64368,19.54075,śląskie
31900292,Tenczynek,village,3371,50.11840,19.61479,małopolskie
31900293,Teklinów,village,361,50.98960,19.36169,śląskie
31900295,Tczyca,village,940,50.42427,19.89683,małopolskie
31900297,Tarnawa,village,570,50.27538,19.84132,małopolskie
31900335,Tąpkowice,village,1006,50.44775,19.00778,śląskie
31900338,Szyce,village,401,50.52351,19.68194,śląskie
31900339,Szyce,village,457,50.14734,19.85646,małopolskie
31900340,Szklary,village,612,50.17812,19.71362,małopolskie
31900341,Szczyglice,village,590,50.09427,19.80915,małopolskie
31900342,Szczodrkowice,village,557,50.19325,19.89887,małopolskie
31900343,Szczekociny,town,3436,50.62602,19.81951,śląskie
31900345,Szarlejka,village,812,50.84255,19.01177,śląskie
31900357,Sygontka,village,318,50.75884,19.48578,śląskie
31900358,Swojczany,village,930,50.40420,19.89173,małopolskie
31900360,Świerczyniec,village,973,50.05932,19.04996,śląskie
31900362,Sułoszowa,village,4200,50.26723,19.73305,małopolskie
31900394,Strzyżowice,village,1918,50.38682,19.08269,śląskie
31900422,Stawy Monowskie,village,302,50.02451,19.33784,małopolskie
31900436,Starzyny,village,324,50.69452,19.80385,śląskie
31900446,Starcza,village,1232,50.66390,19.04264,śląskie
31900458,Soborzyce,village,795,50.85837,19.61579,śląskie
31900465,Smolice,village,651,50.02799,19.46090,małopolskie
31900474,Słowik,village,886,50.74689,19.17684,śląskie
31900478,Sławniów,village,943,50.46667,19.70000,śląskie
31900490,Skrzydlów,village,844,50.85699,19.35006,śląskie
31900526,Siewierz,town,5635,50.47101,19.23189,śląskie
31900529,Sieniczno,village,708,50.26688,19.61262,małopolskie
31900530,Siemonia,village,992,50.42222,19.05476,śląskie
31900531,Siemianowice Śląskie,city,62311,50.30520,19.02756,śląskie
31900532,Siedliszowice,village,323,50.55000,19.66667,śląskie
31900535,Siedlec Duży,village,854,50.62944,19.13364,śląskie
31900536,Sieciechowice,village,1057,50.24267,19.97167,małopolskie
31900540,Secemin,village,1600,50.76839,19.83701,świętokrzyskie
31900543,Sarnów,village,1791,50.37129,19.14867,śląskie
31900544,Sąspów,village,1315,50.22747,19.76785,małopolskie
31900545,Sanka,village,1145,50.07144,19.64145,małopolskie
31900549,Sączów,village,1373,50.43886,19.03609,śląskie
31900551,Rzeżuśnia,village,399,50.33577,19.95583,małopolskie
31900552,Rzerzęczyce,village,1796,50.90033,19.33303,śląskie
31900553,Rzeplin,village,605,50.21343,19.90460,małopolskie
31900554,Rzeki Wielkie,village,379,50.87730,19.38818,śląskie
31900558,Rzędkowice,village,498,50.56823,19.48167,śląskie
31900559,Rząska,village,2082,50.09622,19.84340,małopolskie
31900560,Rząsawy,village,1977,50.86667,19.16667,śląskie
31900562,Ryczówek,village,1279,50.39058,19.55996,małopolskie
31900563,Ryczów,village,904,50.42336,19.59022,śląskie
31900564,Rudnik Wielki,village,862,50.66554,19.08842,śląskie
31900565,Rudnik Mały,village,505,50.65164,19.05664,śląskie
31900569,Rozkochów,village,778,50.04391,19.48721,małopolskie
31900602,Rokitno,village,937,50.58360,19.78067,śląskie
31900603,Rogoźnik,village,3075,50.38876,19.04025,śląskie
31900614,Rodaki,village,937,50.39482,19.52903,małopolskie
31900615,Rększowice,village,931,50.70375,19.03268,śląskie
31900620,Regulice,village,1882,50.08231,19.52884,małopolskie
31900625,Rajsko,village,1440,50.00929,19.19097,małopolskie
31900626,Radwanowice,village,590,50.14837,19.70967,małopolskie
31900627,Radoszewnica,village,467,50.80881,19.68561,śląskie
31900628,Radostków,village,472,50.91537,19.15771,śląskie
31900630,Rączna,village,1656,50.00963,19.76511,małopolskie
31900642,Pyrzowice,village,567,50.46101,19.07168,śląskie
31900669,Przyrów,town,1222,50.80514,19.52542,śląskie
31900677,Przymiłowice,village,772,50.75295,19.30974,śląskie
31900682,Przybysławice,village,345,50.37852,19.88295,małopolskie
31900683,Przybysławice,village,487,50.22485,19.91485,małopolskie
31900686,Przybysławice,village,487,50.15803,19.89469,małopolskie
31900687,Przybynów,village,648,50.65646,19.31527,śląskie
31900764,Przeczyce,village,1408,50.43381,19.17286,śląskie
31900765,Przeciszów,village,3996,50.00474,19.37450,małopolskie
31900771,Pradła,village,716,50.57280,19.64550,śląskie
31900772,Złoty Potok,village,1101,50.70567,19.43805,śląskie
31900774,Postęp,village,342,50.59711,19.27211,śląskie
31900777,Poręba Żegoty,village,1115,50.05802,19.56197,małopolskie
31900779,Poręba Dzierżna,village,446,50.42898,19.78712,małopolskie
31900782,Ponik,village,356,50.72100,19.44368,śląskie
31900789,Pogorzyce,village,1400,50.10192,19.42169,małopolskie
31900791,Podwarpie,village,412,50.42786,19.21580,śląskie
31900792,Podolsze,village,1386,50.01238,19.43362,małopolskie
31900796,Podlipie,village,1200,50.29397,19.43475,małopolskie
31900814,Poczesna,village,786,50.71561,19.14053,śląskie
31900820,Płoki,village,962,50.20376,19.51125,małopolskie
31900826,Pławy,village,350,50.02713,19.17016,małopolskie
31900854,Piła Kościelecka,village,572,50.12318,19.45024,małopolskie
31900874,Paczółtowice,village,781,50.17767,19.65752,małopolskie
31900885,Pacierzów,village,516,50.90676,19.40044,śląskie
31900887,Ożarowice,village,1532,50.46389,19.04281,śląskie
31900890,Otola,village,423,50.51318,19.79703,śląskie
31900891,Oświęcim,town,36956,50.03824,19.22141,małopolskie
31900892,Ostrężnica,village,1059,50.19343,19.56808,małopolskie
31900895,Ołudza,village,314,50.56058,19.74329,śląskie
31900901,Olkusz,town,33462,50.27882,19.55963,małopolskie
31900929,Okołowice,village,363,50.82704,19.70651,śląskie
31900930,Okleśna,village,957,50.03070,19.52448,małopolskie
31901033,Nieznanice,village,611,50.92061,19.30755,śląskie
31901035,Nierada,village,1145,50.70911,19.07033,śląskie
31901046,Nieporaz,village,417,50.09847,19.53486,małopolskie
31901050,Nielepice,village,841,50.10868,19.70298,małopolskie
31901051,Niegowoniczki,village,548,50.38251,19.42934,śląskie
31901054,Niegowonice,village,1886,50.38819,19.42254,śląskie
31901055,Niegowa,village,775,50.64126,19.47983,śląskie
31901065,Mzurów,village,395,50.65628,19.49807,śląskie
31901066,Myszkowice,village,384,50.43669,19.06199,śląskie
31901067,Myszków,town,30072,50.57365,19.32194,śląskie
31901068,Mysłów,village,629,50.57503,19.20509,śląskie
31901075,Myślachowice,village,2081,50.18433,19.47988,małopolskie
31901085,Mykanów,village,1002,50.92332,19.19934,śląskie
31901096,Mstyczów,village,308,50.52482,19.97628,świętokrzyskie
31901102,Mstów,village,1704,50.82936,19.28567,śląskie
31901122,Moskorzew,village,573,50.64633,19.93014,świętokrzyskie
31901132,Morawica,village,990,50.07643,19.75002,małopolskie
31901143,Mokrzesz,village,532,50.81147,19.38647,śląskie
31901149,Mokrus,village,326,50.49677,19.60340,śląskie
31901159,Modlniczka,village,810,50.11926,19.85529,małopolskie
31901163,Modlnica,village,1164,50.13073,19.86284,małopolskie
31901177,Mników,village,1117,50.06274,19.72110,małopolskie
31901192,Młoszowa,village,2610,50.15012,19.49030,małopolskie
31901209,Mirów,village,304,50.03260,19.56647,małopolskie
31901242,Mierzęcice,village,2676,50.44410,19.12405,śląskie
31901246,Miękinia,village,1245,50.15739,19.60155,małopolskie
31901249,Miejsce,village,681,50.01926,19.50909,małopolskie
31901257,Miechów-Charsznica,village,1942,50.39372,19.95133,małopolskie
31901266,Michałowice,village,1600,50.16032,19.98017,małopolskie
31901281,Mętków,village,1409,50.05146,19.37082,małopolskie
31901306,Maszków,village,661,50.19607,19.98056,małopolskie
31901316,Masłońskie,village,624,50.64297,19.24384,śląskie
31901323,Marianka Rędzińska,village,497,50.87549,19.20007,śląskie
31901356,Małusy Wielkie,village,473,50.79739,19.32067,śląskie
31901389,Maków,village,406,50.36578,19.90053,małopolskie
31901404,Łysiny,village,303,50.82138,19.66038,śląskie
31901426,Luszowice,village,1800,50.17340,19.40291,małopolskie
31901436,Lusławice,village,303,50.76834,19.39631,śląskie
31901446,Lubsza,village,1000,50.60818,19.00081,śląskie
31901448,Lubojna,village,512,50.89114,19.11976,śląskie
31901449,Lubojenka,village,512,50.89660,19.16312,śląskie
31901459,Łobzów,village,1100,50.40521,19.76848,małopolskie
31901482,Lipicze,village,345,50.93455,19.38418,śląskie
31901490,Libiąż,town,16385,50.10305,19.31475,małopolskie
31901494,Lgota Wolbromska,village,410,50.38333,19.70000,małopolskie
31901496,Lgota Murowana,village,456,50.54213,19.56760,śląskie
31901498,Lgota Górna,village,845,50.60074,19.24355,śląskie
31901506,Lgota Mała,village,522,50.98438,19.33658,śląskie
31901508,Lgota,village,522,50.85886,19.02756,śląskie
31901510,Lgota,village,930,50.20681,19.55542,małopolskie
31901512,Leśniaki,village,371,50.52135,19.29745,śląskie
31901515,Lelów,village,1116,50.68613,19.62616,śląskie
31901519,Łaziec,village,466,50.72712,19.04732,śląskie
31901555,Łany Wielkie,village,312,50.50926,19.84998,śląskie
31901580,Kwaśniów Górny,village,704,50.39001,19.59326,małopolskie
31901614,Kuźnica Kiedrzyńska,village,487,50.91430,19.07804,śląskie
31901631,Kusięta,village,1147,50.77392,19.27397,śląskie
31901637,Kurzelów,village,1200,50.88165,19.89032,świętokrzyskie
31901645,Krzywopłoty,village,500,50.39119,19.62994,małopolskie
31901648,Krzykawka,village,830,50.31261,19.41158,małopolskie
31901649,Krzykawa,village,520,50.30940,19.42586,małopolskie
31901651,Krzeszowice,town,9868,50.13502,19.63202,małopolskie
31901657,Kryspinów,village,1360,50.04244,19.79721,małopolskie
31901676,Kroczyce,village,1929,50.56147,19.57005,śląskie
31901684,Krasice,village,648,50.83024,19.38288,śląskie
31901704,Kotowice,village,452,50.59650,19.45164,śląskie
31901717,Kostkowice,village,332,50.58610,19.57418,śląskie
31901721,Kosmolów,village,940,50.27155,19.65524,małopolskie
31901733,Koryczany,village,466,50.48937,19.92693,śląskie
31901738,Konopiska,village,2901,50.72693,19.01028,śląskie
31901739,Stary Koniecpol,village,684,50.78907,19.63850,śląskie
31901742,Koniecpol,town,5582,50.77253,19.67697,śląskie
31901743,Konary,village,612,50.91843,19.40629,śląskie
31901790,Kolbark,village,510,50.36535,19.64147,małopolskie
31901792,Nowy Kocin,village,377,50.94180,19.10387,śląskie
31901794,Kobyłczyce,village,494,50.80000,19.36667,śląskie
31901805,Kobylany,village,780,50.14815,19.75609,małopolskie
31901811,Kluczewsko,village,806,50.92812,19.91856,świętokrzyskie
31901812,Klucze,village,5926,50.33514,19.56083,małopolskie
31901813,Kłomnice,village,2802,50.92088,19.35418,śląskie
31901815,Kleszczowa,village,356,50.47020,19.74986,śląskie
31901816,Kleszczów,village,307,50.10519,19.74878,małopolskie
31901818,Kiełkowice,village,453,50.48580,19.57337,śląskie
31901825,Kępie,village,640,50.45863,19.93550,małopolskie
31901843,Kaszów,village,2030,50.03934,19.72572,małopolskie
31901844,Karniowice,village,1344,50.15975,19.52061,małopolskie
31901861,Kąpiele Wielkie,village,898,50.42615,19.73113,małopolskie
31901864,Kamyk,village,1245,50.90081,19.02829,śląskie
31901865,Kamieńskie Młyny,village,415,50.64175,19.01868,śląskie
31901870,Kamienica Polska,village,1456,50.68396,19.15423,śląskie
31901874,Katowice,city,277415,50.25990,19.02159,śląskie
31901910,Jelcza,village,680,50.43990,19.87968,małopolskie
31901911,Jedlina,village,463,50.04647,19.14290,śląskie
31901916,Jaworzno,city,88998,50.20344,19.27216,śląskie
31901920,Jaworznik,village,753,50.60873,19.40799,śląskie
31901990,Jastrząb,village,1295,50.67341,19.19276,śląskie
31902011,Jaskrów,village,1631,50.84039,19.23192,śląskie
31902015,Jaroszowiec,village,1700,50.33572,19.59838,małopolskie
31902041,Jangrot,village,1308,50.30933,19.72655,małopolskie
31902068,Jacków,village,572,50.96431,19.33832,śląskie
31902078,Irządze,village,567,50.62634,19.68774,śląskie
31902084,Imielin,town,9313,50.14676,19.18547,śląskie
31902089,Imbramowice,village,490,50.30168,19.84963,małopolskie
31902097,Hutki,village,1004,50.68178,19.00739,śląskie
31902100,Hucisko,village,315,50.59330,19.49716,śląskie
31902104,Harmęże,village,613,50.01824,19.15352,małopolskie
31902108,Gromiec,village,1700,50.05808,19.29162,małopolskie
31902109,Gródków,village,889,50.36572,19.10889,śląskie
31902112,Gowarzów,village,436,50.99145,19.44020,łódzkie
31902159,Gorenice,village,1350,50.20643,19.60101,małopolskie
31902170,Góra Włodowska,village,557,50.57701,19.44531,śląskie
31902177,Góra Siewierska,village,845,50.40186,19.08278,śląskie
31902193,Gołuchowice,village,326,50.57629,19.61703,śląskie
31902202,Goleniowy,village,624,50.63268,19.87418,śląskie
31902256,Gołcza,village,484,50.33695,19.92663,małopolskie
31902276,Gołaczewy,village,1400,50.35508,19.71237,małopolskie
31902277,Gniazdów,village,995,50.59684,19.11271,śląskie
31902287,Glanów,village,440,50.31691,19.82427,małopolskie
31902290,Giebło,village,482,50.48088,19.60408,śląskie
31902291,Gidle,village,1540,50.96406,19.46846,łódzkie
31902292,Gęzyn,village,336,50.63996,19.20233,śląskie
31902293,Garnek,village,824,50.88732,19.45523,śląskie
31902294,Garlica Murowana,village,330,50.13859,19.92423,małopolskie
31902295,Fugasówka,village,718,50.47201,19.47932,śląskie
31902297,Filipowice,village,2092,50.15514,19.56580,małopolskie
31902299,Falniów,village,340,50.36281,19.96759,małopolskie
31902302,Dzwonowice,village,404,50.49548,19.65695,śląskie
31902304,Dziewki,village,313,50.50650,19.21705,śląskie
31902309,Dzibice,village,525,50.60275,19.58628,śląskie
31902312,Dulowa,village,1416,50.14346,19.52199,małopolskie
31902314,Drochlin,village,600,50.72778,19.63823,śląskie
31902317,Dobraków,village,421,50.51276,19.76802,śląskie
31902370,Dąbrowa Zielona,village,881,50.84430,19.55506,śląskie
31902378,Czyżówka,village,702,50.20866,19.47714,małopolskie
31902382,Czułów,village,1119,50.05906,19.70061,małopolskie
31902385,Częstochowa,city,204730,50.81205,19.11321,śląskie
31902389,Czerna,village,1233,50.17486,19.61359,małopolskie
31902399,Czeladź,town,29660,50.31846,19.07366,śląskie
31902410,Czarnca,village,730,50.80961,19.92742,świętokrzyskie
31902412,Czaple Wielkie,village,478,50.29408,19.98580,małopolskie
31902415,Czaple Małe,village,627,50.29916,19.94937,małopolskie
31902420,Czajowice,village,562,50.19401,19.80182,małopolskie
31902424,Cynków,village,1198,50.55792,19.11883,śląskie
31902440,Ciężkowice,village,512,50.92966,19.53180,łódzkie
31902458,Cielętniki,village,457,50.89004,19.57579,śląskie
31902461,Cianowice,village,1107,50.19981,19.87512,małopolskie
31902465,Ciągowice,village,616,50.44692,19.36400,śląskie
31902474,Chrzanów,town,35091,50.14119,19.40285,małopolskie
31902481,Chrosna,village,485,50.08049,19.71958,małopolskie
31902486,Chorzenice,village,343,50.90182,19.29647,śląskie
31902491,Choroń,village,1221,50.68186,19.26034,śląskie
31902496,Cholerzyn,village,940,50.05969,19.77056,małopolskie
31902506,Chodów,village,320,50.38468,19.97074,małopolskie
31902518,Chlina,village,773,50.44609,19.82481,śląskie
31902525,Chełm Śląski,village,6291,50.11103,19.19848,śląskie
31902536,Chechło,village,1750,50.36773,19.51265,małopolskie
31902564,Celiny,village,690,50.26805,19.97779,małopolskie
31902573,Bydlin,village,967,50.38083,19.64647,małopolskie
31902583,Burów,village,370,50.09499,19.76914,małopolskie
31902615,Bukowno,town,9791,50.26697,19.46138,małopolskie
31902635,Brzyszów,village,443,50.79730,19.28069,śląskie
31902646,Brzoskwinia,village,900,50.09529,19.71819,małopolskie
31902659,Brzezinka,village,605,50.13882,19.73846,małopolskie
31902664,Brzezinka,village,2100,50.04261,19.18797,małopolskie
31902682,Brudzowice,village,1221,50.50511,19.18038,śląskie
31902690,Stary Broniszew,village,717,50.98384,19.15560,śląskie
31902698,Brodła,village,1005,50.04310,19.58695,małopolskie
31902703,Braciejówka,village,816,50.30793,19.66140,małopolskie
31902714,Borzykowa,village,350,50.87700,19.69076,łódzkie
31902736,Borowianka,village,468,50.90637,19.04509,śląskie
31902745,Borowa,village,350,50.92116,19.48049,łódzkie
31902768,Bolesław,village,2500,50.29701,19.48112,małopolskie
31902773,Boleń,village,672,50.12996,19.98414,małopolskie
31902776,Bolęcin,village,1848,50.11383,19.47874,małopolskie
31902780,Bolechowice,village,1515,50.14793,19.79151,małopolskie
31902786,Nowe Bojszowy,village,1192,50.04763,19.06114,śląskie
31902798,Bojszowy,village,3219,50.05735,19.09989,śląskie
31902813,Boguchwałowice,village,685,50.45388,19.17427,śląskie
31902832,Bobrek,village,1800,50.06558,19.24998,małopolskie
31902843,Bliżyce,village,594,50.63867,19.55954,śląskie
31902885,Bieruń,town,19100,50.09319,19.09183,śląskie
31902913,Bibice,village,1600,50.12407,19.95528,małopolskie
31902917,Biały Kościół,village,950,50.16822,19.82986,małopolskie
31902924,Biała Wielka,village,445,50.68842,19.65649,śląskie
31902942,Będzin,town,55695,50.32308,19.13222,śląskie
31902955,Bębło,village,1015,50.17978,19.78533,małopolskie
31902966,Bartkowice,village,305,50.91918,19.37412,śląskie
31902971,Bargły,village,651,50.70827,19.12000,śląskie
31902984,Bałków,village,420,50.72501,19.92292,świętokrzyskie
31902990,Balice,village,1200,50.08683,19.79213,małopolskie
31902994,Baby,village,305,50.96229,19.31991,śląskie
31903013,Alwernia,town,3306,50.06904,19.53967,małopolskie
31903017,Aleksandrowice,village,726,50.08132,19.76331,małopolskie
31916178,Pasiecznik,village,584,50.95641,15.56769,dolnośląskie
31916181,Żytna,village,563,50.10900,18.31965,śląskie
31916184,Żyrowa,village,760,50.44918,18.12719,opolskie
31916199,Zwonowice,village,1286,50.14486,18.44138,śląskie
31916255,Żórawina,village,2100,50.98009,17.04095,dolnośląskie
31916268,Złoty Stok,town,2420,50.44293,16.87466,dolnośląskie
31916274,Złotogłowice,village,780,50.50972,17.37381,opolskie
31916281,Złochowice,village,1283,50.91841,18.83322,śląskie
31916290,Żywocice,village,1041,50.46080,17.97283,opolskie
31916315,Ziemięcice,village,925,50.36883,18.70792,śląskie
31916323,Zielina,village,650,50.43999,17.79329,opolskie
31916350,Żernica,village,2549,50.24792,18.61638,śląskie
31916359,Żelowice,village,310,50.72582,16.90798,dolnośląskie
31916373,Żędowice,village,2200,50.58327,18.51194,opolskie
31916379,Zebrzydów,village,558,50.87373,16.61130,dolnośląskie
31916382,Zębowice,village,1500,50.76211,18.34030,opolskie
31916385,Zdzieszowice,town,10380,50.42029,18.11932,opolskie
31916397,Zbrosławice,village,2345,50.41557,18.75220,śląskie
31916402,Zborowskie,village,1081,50.78313,18.67704,śląskie
31916434,Zawada Książęca,village,816,50.15393,18.25592,śląskie
31916469,Zamłynie,village,301,50.86191,18.80431,śląskie
31916474,Zalesie Śląskie,village,1120,50.41201,18.26138,opolskie
31916491,Zakrzów,village,1035,50.24960,18.15472,opolskie
31916500,Zagwiździe,village,828,50.87212,17.97840,opolskie
31916531,Zabrze,city,150780,50.30862,18.78637,śląskie
31916549,Wyry,village,3304,50.13487,18.89870,śląskie
31916550,Dąbrowa,village,1100,50.68328,17.74920,opolskie
31916553,Wymysłów,village,572,50.40727,18.98796,śląskie
31916564,Wronin,village,347,50.18984,18.10143,opolskie
31916567,Wróblin,village,440,50.31387,17.93176,opolskie
31916568,Wręczyca Wielka,village,2718,50.84427,18.91677,śląskie
31916569,Wręczyca Mała,village,614,50.85404,18.91856,śląskie
31916585,Wojcieszyce,village,1181,50.88263,15.63771,dolnośląskie
31916589,Wójcice,village,990,50.98057,17.47303,dolnośląskie
31916591,Wojbórz,village,1106,50.51140,16.64371,dolnośląskie
31916595,Włostowa,village,450,50.50105,17.62580,opolskie
31916598,Włodowice,village,790,50.57106,16.47241,dolnośląskie
31916599,Włodary,village,735,50.46726,17.50051,opolskie
31916604,Witoszów Dolny,village,1512,50.82363,16.44341,dolnośląskie
31916607,Wiśnicze,village,311,50.49421,18.55941,śląskie
31916613,Wilków Wielki,village,500,50.75286,16.84853,dolnośląskie
31916614,Wilkowiecko,village,1049,50.95163,18.86825,śląskie
31916616,Wilkanów,village,1129,50.25085,16.68664,dolnośląskie
31916620,Wilczków,village,420,50.96757,16.98487,dolnośląskie
31916625,Międzygórze,village,700,50.22794,16.76687,dolnośląskie
31916627,Wieszowa,village,2630,50.38202,18.76862,śląskie
31916636,Wieściszowice,village,400,50.83674,15.96975,dolnośląskie
31916637,Wierzbice,village,680,50.95492,16.89269,dolnośląskie
31916644,Wierzbna,village,600,50.90018,16.50418,dolnośląskie
31916683,Większyce,village,1083,50.33630,18.10200,opolskie
31916685,Widów,village,317,50.41218,18.42893,śląskie
31916687,Wiązów,town,2311,50.81388,17.20172,dolnośląskie
31916690,Węża,village,436,50.43239,17.49598,opolskie
31916692,Węgry,village,800,50.74280,18.01596,opolskie
31916693,Węglowice,village,367,50.81238,18.84005,śląskie
31916695,Wędrynia,village,476,50.86667,18.30000,opolskie
31916706,Wambierzyce,village,952,50.49003,16.45584,dolnośląskie
31916707,Walim,village,2340,50.69749,16.44111,dolnośląskie
31916709,Waleńczów,village,1112,50.92719,18.86105,śląskie
31916710,Walce,village,2100,50.37159,18.00479,opolskie
31916711,Wałbrzych,city,104401,50.76591,16.28254,dolnośląskie
31916717,Unisław Śląski,village,637,50.71315,16.24778,dolnośląskie
31916724,Uciechów,village,1000,50.75478,16.68155,dolnośląskie
31916734,Tuszyn,village,330,50.79614,16.64671,dolnośląskie
31916748,Trzeboszowice,village,695,50.43253,17.09054,opolskie
31916757,Trzebina,village,806,50.29116,17.60021,opolskie
31916758,Trzebieszowice,village,1155,50.34647,16.78638,dolnośląskie
31916764,Toszek,town,3557,50.45511,18.51806,śląskie
31916835,Tarnów Opolski,village,3269,50.58034,18.08272,opolskie
31916843,Taciszów,village,528,50.37246,18.52843,śląskie
31916844,Szymiszów,village,2100,50.51770,18.24847,opolskie
31916847,Szydłów,village,500,50.60507,17.72396,opolskie
31916859,Szonów,village,527,50.30350,17.84004,opolskie
31916864,Szklarska Poręba,town,5933,50.82680,15.52213,dolnośląskie
31916867,Polanica-Zdrój,town,6230,50.40793,16.51074,dolnośląskie
31916871,Szczepanów,village,577,50.89638,16.62830,dolnośląskie
31916873,Szczejkowice,village,1559,50.09938,18.68068,śląskie
31916874,Szczedrzyk,village,1427,50.70309,18.15240,opolskie
31916882,Syrynia,village,3138,50.02356,18.33522,śląskie
31916886,Świniowice,village,469,50.51699,18.66163,śląskie
31916887,Polski Świętów,village,420,50.38707,17.34930,opolskie
31916888,Świętochłowice,city,46494,50.29058,18.91951,śląskie
31916940,Świeradów-Zdrój,town,4094,50.90934,15.33322,dolnośląskie
31916943,Świebodzice,town,22219,50.85957,16.31961,dolnośląskie
31916945,Świdnica,town,54792,50.84248,16.48705,dolnośląskie
31916957,Świbie,village,1198,50.51093,18.53773,śląskie
31916960,Suszec,village,4505,50.03803,18.78834,śląskie
31916963,Sumina,village,908,50.12126,18.41221,śląskie
31916974,Suchy Bór,village,903,50.65391,18.04051,opolskie
31916983,Strzelin,town,12131,50.78092,17.06839,dolnośląskie
31916984,Strzeleczki,town,1700,50.45949,17.85478,opolskie
31916985,Strzelce Opolskie,town,17512,50.51090,18.30045,opolskie
31916989,Strzegom,town,15371,50.96011,16.34621,dolnośląskie
31916991,Strzebiń,village,3951,50.61614,18.90435,śląskie
31916992,Stronie Śląskie,town,5178,50.29163,16.87369,dolnośląskie
31916994,Borkowice,village,588,50.74276,17.71260,opolskie
31916996,Stradunia,village,866,50.41084,18.04667,opolskie
31917000,Stoszowice,village,1100,50.59966,16.73796,dolnośląskie
31917017,Stary Paczków,village,516,50.45752,17.04966,opolskie
31917020,Stary Las,village,720,50.37926,17.40828,opolskie
31917024,Stary Gierałtów,village,320,50.30949,16.92644,dolnośląskie
31917028,Starokrzepice,village,1319,50.95017,18.65599,śląskie
31917030,Stare Siołkowice,village,1931,50.80368,17.76772,opolskie
31917033,Stare Koźle,village,832,50.31223,18.22005,opolskie
31917036,Nowe Chechło,village,2049,50.45350,18.92808,śląskie
31917037,Stare Budkowice,village,1130,50.86418,18.05951,opolskie
31917038,Stare Bogaczowice,village,1450,50.84824,16.19373,dolnośląskie
31917039,Starczówek,village,541,50.55875,17.05281,dolnośląskie
31917040,Starczów,village,732,50.55521,16.92951,dolnośląskie
31917042,Stara Łomnica,village,800,50.35124,16.58214,dolnośląskie
31917044,Stara Kuźnia,village,691,50.30065,18.34314,opolskie
31917045,Stara Kamienica,village,1700,50.91686,15.57214,dolnośląskie
31917048,Stanowice,village,1200,50.93234,16.37397,dolnośląskie
31917049,Stanowice,village,2254,50.13035,18.67367,śląskie
31917052,Staniszów,village,817,50.85114,15.73348,dolnośląskie
31917054,Staniszcze Małe,village,700,50.66460,18.31580,opolskie
31917055,Stanica,village,1307,50.20647,18.51426,śląskie
31917060,Spórok,village,667,50.63931,18.28514,opolskie
31917063,Sowin,village,400,50.55105,17.63013,opolskie
31917182,Sośnicowice,town,1940,50.27228,18.52986,śląskie
31917193,Sobocisko,village,480,50.96343,17.19205,dolnośląskie
31917195,Solarnia,village,327,50.65000,18.61667,śląskie
31917196,Solarnia,village,532,50.23820,18.30608,opolskie
31917197,Sokołowsko,village,880,50.68524,16.23332,dolnośląskie
31917214,Słupsko,village,411,50.41817,18.49021,śląskie
31917221,Sławniowice,village,550,50.33424,17.26245,opolskie
31917222,Sławików,village,465,50.18392,18.21598,śląskie
31917226,Skrzydłowice,village,404,50.70000,18.55000,śląskie
31917229,Skoroszyce,village,1400,50.59692,17.38106,opolskie
31917231,Skorogoszcz,village,1200,50.76030,17.68005,opolskie
31917233,Skarbiszów,village,859,50.72175,17.76045,opolskie
31917241,Sieroty,village,451,50.47492,18.60707,śląskie
31917246,Sienice,village,360,50.77495,16.87228,dolnośląskie
31917248,Sieniawka,village,450,50.77843,16.77524,dolnośląskie
31917258,Siedlęcin,village,1395,50.93871,15.69053,dolnośląskie
31917261,Sidzina,village,1084,50.57298,17.44889,opolskie
31917267,Ścinawka Średnia,village,2400,50.52161,16.49586,dolnośląskie
31917268,Ścinawka Dolna,village,1261,50.49642,16.53608,dolnośląskie
31917271,Ścinawa Nyska,village,483,50.42149,17.53602,opolskie
31917272,Ścinawa Mała,village,757,50.42186,17.54561,opolskie
31917275,Ścięgny,village,1045,50.79293,15.77803,dolnośląskie
31917276,Ściborzyce Wielkie,village,506,50.01959,18.03082,opolskie
31917277,Ściborzyce Małe,village,415,50.26887,17.77598,opolskie
31917278,Ścibórz,village,406,50.44465,17.11604,opolskie
31917279,Ściborowice,village,470,50.42347,17.92545,opolskie
31917287,Sarnów,village,408,50.47817,18.50651,śląskie
31917295,Rzymkowice,village,581,50.49865,17.67687,opolskie
31917305,Rzędów,village,300,50.74504,18.14870,opolskie
31917312,Rzeczyce,village,551,50.35522,18.56082,śląskie
31917321,Rusinowice,village,1336,50.64594,18.76739,śląskie
31917323,Rudziniec,village,1633,50.35969,18.40830,śląskie
31917324,Rudziczka,village,950,50.38219,17.52572,opolskie
31917325,Rudziczka,village,1152,50.03931,18.75448,śląskie
31917353,Ruda Śląska,city,127601,50.28580,18.87479,śląskie
31917365,Rozwadza,village,1100,50.43496,18.09878,opolskie
31917369,Rozumice,village,332,50.02172,17.97294,opolskie
31917373,Roztoki,village,360,50.19183,16.67041,dolnośląskie
31917378,Roztocznik,village,513,50.74649,16.72449,dolnośląskie
31917384,Rozkochów,village,640,50.36870,17.94329,opolskie
31917395,Rościszów,village,800,50.70727,16.54487,dolnośląskie
31917400,Rogów Sobócki,village,977,50.92702,16.75873,dolnośląskie
31917401,Rogów Opolski,village,691,50.51711,17.93954,opolskie
31917404,Rogalice,village,350,50.96192,17.60891,opolskie
31917414,Reńska Wieś,village,1800,50.31425,18.12503,opolskie
31917415,Ręków,village,409,50.92616,16.83286,dolnośląskie
31917417,Regulice,village,330,50.51202,17.33494,opolskie
31917418,Rębiszów,village,700,50.95077,15.45333,dolnośląskie
31934066,Zwardoń,village,957,49.50384,18.97326,śląskie
31934088,Zebrzydowice,village,5046,49.86992,18.62471,śląskie
31934103,Zbytków,village,1236,49.92209,18.72714,śląskie
31934136,Zamarski,village,1279,49.78205,18.67108,śląskie
31934150,Zabrzeg,village,3015,49.91373,18.94391,śląskie
31934166,Zabełków,village,871,49.94013,18.32518,śląskie
31934199,Wiślica,village,684,49.82287,18.78009,śląskie
31934212,Wisła Wielka,village,2136,49.94991,18.85300,śląskie
31934228,Wisła Mała,village,1307,49.93429,18.79652,śląskie
31934332,Warszowice,village,1843,49.99281,18.71899,śląskie
31934395,Ustroń,town,16118,49.71815,18.80283,śląskie
31934450,Turza Śląska,village,3204,49.97372,18.44600,śląskie
31934505,Świętoszówka,village,603,49.80457,18.89150,śląskie
31934539,Studzionka,village,2229,49.96218,18.77308,śląskie
31934725,Strumień,town,3608,49.91720,18.76349,śląskie
31934826,Simoradz,village,985,49.81075,18.75865,śląskie
31934857,Roztropice,village,709,49.84148,18.85309,śląskie
31934969,Roszków,village,476,49.96319,18.30130,śląskie
31935122,Puńców,village,1500,49.71745,18.66894,śląskie
31935150,Pszczyna,town,25565,49.97781,18.94237,śląskie
31935169,Pruchna,village,2446,49.86628,18.68353,śląskie
31935249,Połomia,village,2497,49.98879,18.55848,śląskie
31935276,Pogwizdów,village,3449,49.80350,18.59980,śląskie
31935356,Pniówek,village,535,49.96407,18.67305,śląskie
31935377,Pierściec,village,1918,49.83588,18.81989,śląskie
31935392,Pielgrzymowice,village,2407,49.90459,18.66038,śląskie
31935420,Pawłowice,village,9929,49.96089,18.71619,śląskie
31935440,Owsiszcze,village,793,49.97593,18.22086,śląskie
31935472,Olza,village,1548,49.95137,18.34553,śląskie
31935494,Ogrodzona,village,861,49.77086,18.72500,śląskie
31935567,Mszana,village,3559,49.96895,18.52900,śląskie
31935667,Mizerów,village,1326,49.99000,18.79251,śląskie
31935683,Międzyświeć,village,997,49.78811,18.76676,śląskie
31935697,Międzyrzecze Górne,village,2146,49.84226,18.94062,śląskie
31935720,Międzyrzecze Dolne,village,1029,49.85424,18.94223,śląskie
31935742,Mazańcowice,village,3150,49.85975,18.99077,śląskie
31935836,Ligota,village,4454,49.87826,18.95001,śląskie
31935885,Leszna Górna,village,576,49.69588,18.71831,śląskie
31935904,Łaziska,village,1689,49.93527,18.44684,śląskie
31935937,Landek,village,537,49.88050,18.87215,śląskie
31935985,Krzyżowice,village,1035,49.98499,18.67380,śląskie
31936015,Krzyżanowice,village,2005,49.98273,18.26841,śląskie
31936046,Krostoszowice,village,1026,49.95761,18.47850,śląskie
31936100,Kozakowice Górne,village,464,49.74513,18.76287,śląskie
31936142,Kostkowice,village,517,49.79143,18.70703,śląskie
31936165,Koniaków,village,3595,49.55227,18.94434,śląskie
31936174,Kończyce Wielkie,village,1848,49.83343,18.65156,śląskie
31936180,Kończyce Małe,village,3294,49.85308,18.63333,śląskie
31936229,Kisielów,village,747,49.77043,18.75650,śląskie
31936240,Kiczyce,village,983,49.82857,18.79388,śląskie
31936293,Kaczyce,village,3056,49.83408,18.59243,śląskie
31936318,Jaworzynka,village,3109,49.52790,18.85908,śląskie
31936344,Jaszowiec,village,611,49.69924,18.83953,śląskie
31936417,Jarząbkowice,village,618,49.90269,18.70952,śląskie
31936427,Istebna,village,4895,49.57483,18.89354,śląskie
31936440,Iskrzyczyn,village,646,49.79670,18.74023,śląskie
31936490,Hażlach,village,2175,49.80429,18.66452,śląskie
31936516,Harbutowice,village,883,49.77728,18.80724,śląskie
31936541,Gumna,village,431,49.77382,18.69200,śląskie
31936606,Górki Małe,village,819,49.76463,18.85466,śląskie
31936642,Gołkowice,village,3487,49.91453,18.51467,śląskie
31936655,Golasowice,village,1208,49.92377,18.69293,śląskie
31936684,Gogołowa,village,989,49.98696,18.58995,śląskie
31936701,Godziszów,village,638,49.76046,18.75750,śląskie
31936756,Frelichów,village,592,49.90435,18.80915,śląskie
31936807,Dzięgielów,village,1418,49.71899,18.70835,śląskie
31936824,Drogomyśl,village,2091,49.86923,18.75694,śląskie
31936856,Czyżowice,village,3192,49.98000,18.41077,śląskie
31936902,Cisownica,village,1809,49.71501,18.76108,śląskie
31936939,Chybie,village,3678,49.89690,18.81520,śląskie
31937111,Brzezówka,village,629,49.80991,18.62217,śląskie
31937133,Brzeźce,village,1084,49.98550,18.83353,śląskie
31937165,Bronów,village,996,49.87754,18.92131,śląskie
31937258,Bluszczów,village,943,49.98709,18.33192,śląskie
31937287,Bładnice Dolne,village,706,49.77304,18.78851,śląskie
31937313,Biery,village,1205,49.79486,18.90645,śląskie
31937400,Bielowicko,village,569,49.81823,18.85574,śląskie
31937425,Bełsznica,village,1095,49.97671,18.36679,śląskie
31937479,Bażanowice,village,1256,49.73833,18.70208,śląskie
31939109,Żurawica,village,4702,49.82372,22.79985,podkarpackie
31939133,Żuklin,village,450,49.98326,22.43223,podkarpackie
31939288,Zręcin,village,2000,49.66863,21.68828,podkarpackie
31939328,Żółków,village,750,49.71146,21.47118,podkarpackie
31939400,Zmiennica,village,1100,49.67801,21.96253,podkarpackie
31939423,Żmiąca,village,704,49.75403,20.52465,małopolskie
31939457,Złockie,village,876,49.37451,20.88790,małopolskie
31939505,Zgłobice,village,2598,49.97690,20.91114,małopolskie
31939636,Żegocina,village,5549,49.80413,20.41790,małopolskie
31939803,Żegiestów,village,959,49.37699,20.79682,małopolskie
31939883,Zbyszyce,village,310,49.71179,20.66572,małopolskie
31939931,Zbydniów,village,544,49.83674,20.32847,małopolskie
31939976,Zborowice,village,1300,49.76175,20.97030,małopolskie
31940045,Zboiska,village,380,49.57408,21.69674,podkarpackie
31940124,Zbludza,village,600,49.59394,20.34940,małopolskie
31940353,Zawadka Brzostecka,village,350,49.89588,21.38256,podkarpackie
31940410,Zawada Uszewska,village,572,49.90166,20.61645,małopolskie
31940621,Zasań,village,720,49.82494,20.05776,małopolskie
31940705,Żarnowa,village,1000,49.87551,21.81908,podkarpackie
31940843,Zamiechów,village,544,49.92373,22.74212,podkarpackie
31940889,Załuż,village,310,49.53021,22.30060,podkarpackie
31941015,Zakrzów,village,400,49.97079,20.85598,małopolskie
31941048,Zakliczyn,village,2090,49.88758,20.01309,małopolskie
31941066,Zakliczyn,town,1594,49.85644,20.80867,małopolskie
31941178,Zagorzyn,village,888,49.57836,20.40874,małopolskie
31941250,Zagórzany,village,2300,49.69909,21.15835,małopolskie
31941266,Zagórz,town,5046,49.50988,22.26329,podkarpackie
31941322,Zadąbrowie,village,971,49.89514,22.81781,podkarpackie
31941350,Zabrzeż,village,1123,49.54646,20.40236,małopolskie
31941380,Zabłotce,village,420,49.90207,22.77241,podkarpackie
31941410,Zabłędza,village,834,49.91893,21.04617,małopolskie
31941475,Zabawa,village,812,49.99397,20.08972,małopolskie
31941523,Wzdów,village,1000,49.63966,21.99790,podkarpackie
31941594,Wytrzyszczka,village,458,49.80986,20.63933,małopolskie
31941686,Wysowa-Zdrój,village,701,49.43546,21.17812,małopolskie
31941768,Wysocko,village,569,49.98772,22.83324,podkarpackie
31941797,Wyskitna,village,616,49.65743,21.00636,małopolskie
31942253,Wrocanka,village,760,49.70770,21.58097,podkarpackie
31942271,Wrocanka,village,1200,49.63080,21.73807,podkarpackie
31942307,Wróblik Szlachecki,village,970,49.61424,21.88066,podkarpackie
31942412,Wołkowyja,village,496,49.33501,22.40945,podkarpackie
31942660,Wola Piskulina,village,422,49.58096,20.38643,małopolskie
31942819,Wola Łużańska,village,996,49.69128,21.06674,małopolskie
31942851,Wola Lubecka,village,820,49.91503,21.20453,małopolskie
31942922,Wola Krogulecka,village,420,49.51376,20.66877,małopolskie
31943031,Wola Dębowiecka,village,672,49.65514,21.45194,podkarpackie
31943046,Wola Dębińska,village,1602,49.97344,20.70975,małopolskie
31943085,Wola Brzostecka,village,500,49.88465,21.45330,podkarpackie
31943186,Wójtowa,village,1500,49.69578,21.29398,małopolskie
31943251,Wojnicz,town,3113,49.95735,20.83640,małopolskie
31943276,Wojnarowa,village,1400,49.68088,20.89455,małopolskie
31943303,Wojkówka,village,325,49.77471,21.68836,podkarpackie
31943342,Wojakowa,village,1063,49.80397,20.56167,małopolskie
31943446,Wiśniowa,village,1826,49.86881,21.65355,podkarpackie
31943458,Wiśniowa,village,1900,49.78764,20.11647,małopolskie
31943512,Wisłok Wielki,village,340,49.41019,21.97950,podkarpackie
31943677,Wilczyska,village,860,49.67477,20.94457,małopolskie
31943752,Wierzbanowa,village,600,49.76526,20.11881,małopolskie
31943878,Wieliczka,town,26599,49.98238,20.06021,małopolskie
31943909,Widaczów,village,330,49.90433,22.30682,podkarpackie
31943944,Widacz,village,870,49.62807,21.84434,podkarpackie
31943979,Wetlina,village,307,49.15518,22.46900,podkarpackie
31944185,Węglówka,village,900,49.77717,21.77663,podkarpackie
31944235,Węgierka,village,940,49.88859,22.55905,podkarpackie
31944328,Warzyce,village,1631,49.76438,21.53291,podkarpackie
31944367,Wapowce,village,350,49.81101,22.66576,podkarpackie
31944407,Waksmund,village,2340,49.48147,20.07854,małopolskie
31944416,Wacławice,village,430,49.88247,22.73121,podkarpackie
31944586,Uszew,village,1649,49.91762,20.60127,małopolskie
31944715,Ustrobna,village,1143,49.74702,21.70418,podkarpackie
31944770,Uście Gorlickie,village,1100,49.52204,21.13890,małopolskie
31944883,Umieszcz,village,651,49.71419,21.55383,podkarpackie
31944964,Ulanica,village,409,49.84109,22.17149,podkarpackie
31944992,Ujanowice,village,460,49.74632,20.55717,małopolskie
31945080,Ubiad,village,565,49.68537,20.70285,małopolskie
31945270,Tyrawa Wołoska,village,900,49.57615,22.36187,podkarpackie
31945286,Tyrawa Solna,village,350,49.61114,22.28222,podkarpackie
31945305,Tyniowice,village,460,49.91947,22.56650,podkarpackie
31945339,Tymowa,village,1500,49.85424,20.63343,małopolskie
31945358,Tymbark,village,2700,49.72936,20.32490,małopolskie
31945369,Tylmanowa,village,2600,49.51325,20.39674,małopolskie
31945387,Tylicz,village,1898,49.39648,21.02365,małopolskie
31945412,Tyczyn,town,4325,49.96379,22.03367,podkarpackie
31945467,Tworkowa,village,1000,49.85326,20.65928,małopolskie
31945509,Turzańsk,village,350,49.36541,22.14195,podkarpackie
31945603,Tuligłowy,village,714,49.88945,22.59851,podkarpackie
31945620,Tuczempy,village,1599,49.98098,22.74566,podkarpackie
31945638,Tuchów,town,6339,49.89522,21.05384,małopolskie
31945743,Trzemeśnia,village,2200,49.82053,20.01855,małopolskie
31945982,Trzciana,village,1462,49.84527,20.37319,małopolskie
31946035,Trybsz,village,812,49.40873,20.14095,małopolskie
31946072,Tropie,village,340,49.79991,20.70148,małopolskie
31946175,Trepcza,village,800,49.58661,22.18645,podkarpackie
31946198,Torki,village,851,49.83139,22.91934,podkarpackie
31946378,Teodorówka,village,1100,49.55437,21.65790,podkarpackie
31946407,Temeszów,village,380,49.69104,22.21649,podkarpackie
31946532,Tęgoborze,village,1100,49.70430,20.63090,małopolskie
31946573,Tarnowiec,village,3500,49.98227,20.98579,małopolskie
31946589,Tarnowiec,village,1200,49.72953,21.57808,podkarpackie
31946610,Tarnawka,village,550,49.94773,22.27678,podkarpackie
31946684,Tarnawce,village,440,49.79229,22.67896,podkarpackie
31946743,Tarnawa Dolna,village,940,49.47358,22.25471,podkarpackie
31946793,Targowiska,village,2250,49.63547,21.82343,podkarpackie
31946949,Szlembark,village,572,49.47645,20.20501,małopolskie
31947211,Szczyrzyc,village,1438,49.78204,20.19210,małopolskie
31947313,Szczereż,village,495,49.56473,20.49938,małopolskie
31947347,Szczepanowice,village,1550,49.94043,20.91144,małopolskie
31947354,Szczepańcowa,village,1169,49.66653,21.71000,podkarpackie
31947363,Szczawnik,village,841,49.38394,20.86549,małopolskie
31947405,Szczawnica,town,5465,49.42663,20.47614,małopolskie
31947423,Szczawne,village,428,49.40440,22.14626,podkarpackie
31947452,Szczawa,village,2100,49.60443,20.29769,małopolskie
31947499,Szalowa,village,2468,49.68208,21.02262,małopolskie
31947647,Szaflary,village,3400,49.42291,20.02606,małopolskie
31947933,Świniarsko,village,2416,49.60588,20.65324,małopolskie
31947977,Święcany,village,3000,49.77878,21.27633,podkarpackie
31948258,Świdnik,village,900,49.59405,20.53399,małopolskie
31948339,Sułków,village,1000,49.99271,20.10530,małopolskie
31948383,Sufczyn,village,2000,49.95927,20.75290,małopolskie
31948488,Sucha Struga,village,900,49.48259,20.68295,małopolskie
31948515,Stubno,village,1400,49.89970,22.95134,podkarpackie
31948552,Strzyżów,town,8588,49.87021,21.78563,podkarpackie
31948584,Strzegocice,village,600,49.94785,21.30867,podkarpackie
31948775,Stróżówka,village,1500,49.67448,21.13851,małopolskie
31948787,Stróżna,village,930,49.69654,20.98159,małopolskie
31949104,Stróże,village,4000,49.65415,20.97582,małopolskie
31949105,Stronie,village,940,49.61224,20.52847,małopolskie
31949114,Straszydle,village,1868,49.90334,21.97196,podkarpackie
31949139,Strachocina,village,1154,49.61125,22.07305,podkarpackie
31949201,Stępina,village,920,49.87339,21.58662,podkarpackie
31949310,Stary Sącz,town,8746,49.56404,20.63660,małopolskie
31949347,Stanisławice,village,1300,49.98780,20.35074,małopolskie
31949392,Sromowce Wyżne,village,1241,49.40522,20.34027,małopolskie
31949425,Sromowce Niżne,village,1017,49.39583,20.40880,małopolskie
32118507,Podanin,village,492,52.95324,16.94180,wielkopolskie
32118900,Oborniki,town,17629,52.64553,16.80998,wielkopolskie
32566103,Olsztyn,city,170225,53.77668,20.47651,warmińsko-mazurskie
32672696,Wągrowiec,town,25773,52.80718,17.19732,wielkopolskie
33470038,Kobylec,village,626,52.85251,17.20187,wielkopolskie
33780769,Nowy Żmigród,village,1800,49.60392,21.52352,podkarpackie
33804677,Tylawa,village,380,49.46041,21.69406,podkarpackie
33804678,Mszana,village,310,49.49465,21.64847,podkarpackie
33837830,Polany,village,320,49.49458,21.56586,podkarpackie
33842388,Kąty,village,1000,49.56827,21.51879,podkarpackie
34647900,Krościenko Wyżne,village,3700,49.67442,21.82993,podkarpackie
34662230,Rzeszów,city,195871,50.03745,22.00472,podkarpackie
34668881,Miejsce Piastowe,village,2000,49.63359,21.78836,podkarpackie
34678085,Łężany,village,1700,49.64760,21.80989,podkarpackie
34811728,Tarnów,city,106259,50.01238,20.98807,małopolskie
35132647,Maków Mazowiecki,town,9173,52.86568,21.10122,mazowieckie
35180618,Folusz,village,610,49.61542,21.37908,podkarpackie
36489697,Sucha Beskidzka,town,8951,49.74079,19.59060,małopolskie
37555963,Iskrzynia,village,1200,49.68163,21.86110,podkarpackie
37556062,Jasionów,village,1300,49.65734,21.97822,podkarpackie
37556259,Turze Pole,village,1094,49.66665,22.00309,podkarpackie
37556360,Haczów,village,3370,49.67147,21.88959,podkarpackie
37752905,Świerzowa Polska,village,2076,49.67801,21.70586,podkarpackie
37752914,Głowienka,village,2300,49.66095,21.75179,podkarpackie
38224299,Piastów,town,21343,52.18126,20.84159,mazowieckie
38403574,Brzostek,town,2722,49.87847,21.41186,podkarpackie
38404570,Frysztak,village,950,49.83938,21.60733,podkarpackie
39392569,Sanok,town,35546,49.56091,22.20703,podkarpackie
39393534,Lesko,town,5042,49.46890,22.33038,podkarpackie
39394587,Solina,village,434,49.39967,22.44987,podkarpackie
40641197,Besko,village,3700,49.59183,21.95718,podkarpackie
40641710,Dukla,town,2037,49.55636,21.68475,podkarpackie
46709608,Krościenko nad Dunajcem,village,3500,49.44568,20.42894,małopolskie
46715854,Nowy Sącz,city,81281,49.62492,20.69135,małopolskie
52830261,Nowe Miasto,town,2000,52.65632,20.63074,mazowieckie
52831102,Ciechanów,town,41083,52.88198,20.61915,mazowieckie
56022628,Kluczbork,town,22703,50.97307,18.21401,opolskie
56023105,Kuniów,village,1047,50.94741,18.22403,opolskie
57508652,Żnin,town,13523,52.84695,17.72395,kujawsko-pomorskie
60038888,Białystok,city,294242,53.13240,23.15917,podlaskie
60121372,Brzeziny,town,12117,51.80049,19.75177,łódzkie
60584059,Tuchomie,village,1365,54.11254,17.33505,pomorskie
60584113,Przęsin,village,323,54.01187,17.04228,pomorskie
60741298,Dylaki,village,1166,50.73064,18.18899,opolskie
82782266,Brodnica,town,28865,53.25809,19.39936,kujawsko-pomorskie
84636641,Kikół,town,1500,52.91234,19.12034,kujawsko-pomorskie
96021504,Jarosław,town,36303,50.01590,22.67966,podkarpackie
105491400,Drzewica,town,3616,51.45084,20.47736,łódzkie
126123967,Barlinek,town,13339,52.99208,15.21664,zachodniopomorskie
127571050,Malbork,town,37635,54.03584,19.03685,pomorskie
128054630,Opole,city,127387,50.66682,17.92364,opolskie
128055233,Lubliniec,town,23660,50.66902,18.68256,śląskie
128652735,Lutcza,village,2200,49.80562,21.90139,podkarpackie
144750350,Chwostek,village,415,50.71854,18.80693,śląskie
145821195,Koszęcin,village,4471,50.63592,18.84133,śląskie
145821199,Boronów,village,2793,50.67386,18.90383,śląskie
145821204,Olszyna,village,773,50.71752,18.89075,śląskie
145821209,Kalina,village,381,50.72897,18.88368,śląskie
145884076,Lisów,village,1727,50.72940,18.79443,śląskie
146951480,Swarzędz,town,29295,52.41037,17.07710,wielkopolskie
147791186,Klikuszowa,village,1470,49.51893,19.98551,małopolskie
147844965,Nowy Targ,town,33273,49.48182,20.03054,małopolskie
152253759,Obidowa,village,772,49.54809,20.01835,małopolskie
154427439,Hadra,village,409,50.69802,18.84081,śląskie
154427441,Droniowice,village,384,50.69420,18.81129,śląskie
154427446,Kochanowice,village,1944,50.70914,18.75199,śląskie
154427447,Sadów,village,1365,50.67193,18.74849,śląskie
154432218,Jawornica,village,561,50.69147,18.71502,śląskie
155462541,Leszno,city,61791,51.84365,16.57441,wielkopolskie
158801054,Gniezno,town,65452,52.53597,17.59589,wielkopolskie
171379806,Bytom,city,144598,50.34704,18.92319,śląskie
181307239,Korczyna,village,6100,49.71450,21.81119,podkarpackie
185356817,Mrowiny,village,1000,50.94707,16.51979,dolnośląskie
190630506,Bogatynia,town,18030,50.90771,14.95392,dolnośląskie
190817334,Sosnowiec,city,193660,50.27808,19.13429,śląskie
197471072,Krasnystaw,town,17855,50.98300,23.16979,lubelskie
205347852,Lubnia,village,927,53.92785,17.75212,pomorskie
205347855,Zalesie,village,584,53.92111,17.72954,pomorskie
207413043,Niegolewo,village,344,52.36527,16.42822,wielkopolskie
207510623,Sobótka,village,1000,51.77873,17.85624,wielkopolskie
216386273,Gądki,village,500,52.31260,17.04662,wielkopolskie
227609975,Limanowa,town,14635,49.70617,20.42173,małopolskie
229987043,Inowrocław,town,69576,52.79524,18.25956,kujawsko-pomorskie
230100325,Mogilno,town,11453,52.65734,17.95007,kujawsko-pomorskie
232440567,Wola Baranowska,village,2266,50.46131,21.56798,podkarpackie
243643364,Skała,town,3834,50.23038,19.85354,małopolskie
243643366,Wolbrom,town,8361,50.38484,19.75988,małopolskie
243991288,Września,town,31986,52.32507,17.56523,wielkopolskie
244002107,Skoki,town,4634,52.67259,17.15313,wielkopolskie
244025165,Lędziny,town,16530,50.13793,19.13153,śląskie
244598142,Ozorków,town,18721,51.96361,19.29181,łódzkie
246690942,Hajnówka,town,19667,52.73658,23.58787,podlaskie
246693057,Jelenia Góra,city,77305,50.90310,15.73443,dolnośląskie
246866999,Gniechowice,village,2000,50.98721,16.83423,dolnośląskie
247066003,Dębice,village,329,51.15225,16.48547,dolnośląskie
248045354,Bochnia,town,28946,49.96936,20.43054,małopolskie
248078775,Łęczyca,town,13478,52.05939,19.20164,łódzkie
249556046,Ozimek,town,8211,50.67892,18.21252,opolskie
252871016,Czarnków,town,8900,52.90503,16.56396,wielkopolskie
252871357,Lubasz,village,2500,52.84815,16.52432,wielkopolskie
252954862,Brzezina,village,1170,51.20183,16.83218,dolnośląskie
252954863,Pisarzowice,village,588,51.20772,16.85165,dolnośląskie
252954866,Wilkszyn,village,813,51.19129,16.86523,dolnośląskie
253349866,Świnoujście,city,38728,53.90975,14.25107,zachodniopomorskie
253523175,Bielsko-Biała,city,169089,49.82212,19.04489,śląskie
253525668,Rybnik,city,133772,50.09558,18.54199,śląskie
253530808,Konin,city,69858,52.23019,18.25211,wielkopolskie
253531511,Lubin,town,70016,51.39745,16.20513,dolnośląskie
253534746,Piła,town,74840,53.15113,16.73803,wielkopolskie
253543591,Chełm,city,59546,51.13392,23.47115,lubelskie
253546793,Przemyśl,city,58408,49.78227,22.77497,podkarpackie
253548556,Zamość,city,60148,50.71709,23.25257,lubelskie
253549223,Kędzierzyn-Koźle,town,56931,50.34488,18.21096,opolskie
253552911,Piekary Śląskie,city,53017,50.38403,18.94564,śląskie
253553350,Ełk,town,60390,53.82483,22.36158,warmińsko-mazurskie
253554130,Starachowice,town,43773,51.05189,21.07614,świętokrzyskie
253555505,Wodzisław Śląski,town,45949,50.00241,18.46304,śląskie
253556355,Kutno,town,42255,52.23176,19.35702,łódzkie
253557175,Nysa,town,42151,50.47380,17.33247,opolskie
253663110,Wola Rakowa,village,590,51.67345,19.60947,łódzkie
253960004,Wielka Lipa,village,430,51.32192,16.85474,dolnośląskie
254765465,Wronki,town,10918,52.71003,16.37426,wielkopolskie
254854488,Pniewy,town,8161,52.50896,16.25664,wielkopolskie
255049490,Krosno,village,380,54.13250,20.17033,warmińsko-mazurskie
255360199,Gierałtowice,village,3752,50.22413,18.72705,śląskie
255408531,Międzyzdroje,town,4842,53.92827,14.44890,zachodniopomorskie
255755745,Dziwnów,town,2282,54.02777,14.76039,zachodniopomorskie
255756178,Dziwnówek,village,400,54.03521,14.80684,zachodniopomorskie
255757497,Międzywodzie,village,1000,54.00685,14.69536,zachodniopomorskie
256126473,Szamotuły,town,18709,52.61203,16.58312,wielkopolskie
256330580,Chojna,town,7340,52.96298,14.43141,zachodniopomorskie
256355278,Wadowice,town,17905,49.88345,19.49253,małopolskie
256355426,Sułkowice,town,6542,49.84083,19.80121,małopolskie
257051432,Wielowieś,village,1811,50.50887,18.61248,śląskie
257051786,Dąbrówka,village,502,50.51534,18.47449,śląskie
257056483,Ligota Toszecka,village,306,50.45072,18.45888,śląskie
257059199,Pyskowice,town,17394,50.39808,18.62772,śląskie
257299586,Trzebież,village,2500,53.65483,14.50932,zachodniopomorskie
257422245,Nowe Warpno,town,1111,53.72525,14.28107,zachodniopomorskie
257422860,Dobiegniew,town,3055,52.96677,15.75481,lubuskie
257545499,Wapnica,village,350,53.88045,14.44085,zachodniopomorskie
257545591,Lubin,village,340,53.86787,14.43317,zachodniopomorskie
258335318,Rogoźno,town,10959,52.75230,16.99363,wielkopolskie
258335358,Budzyń,town,4648,52.89142,16.98518,wielkopolskie
258335409,Chodzież,town,18044,52.98868,16.91595,wielkopolskie
258335461,Ujście,town,3488,53.05315,16.73243,wielkopolskie
259412035,Boguszyce,village,346,50.44017,18.50732,śląskie
259416653,Zawadzkie,town,6639,50.60658,18.48013,opolskie
259425093,Kocikowa,village,432,50.45978,19.61798,śląskie
259427981,Błażejowice,village,305,50.49560,18.58646,śląskie
259428358,Paczyna,village,1251,50.41126,18.56378,śląskie
259429317,Ujazd,town,1776,50.38925,18.35045,opolskie
259429374,Poniszowice,village,529,50.40938,18.46326,śląskie
259429573,Kotulin,village,1282,50.46323,18.41624,śląskie
259429741,Błotnica Strzelecka,village,1019,50.48589,18.41156,opolskie
259598892,Oleśnica,town,35856,51.20953,17.38046,dolnośląskie
260456352,Żabno,town,4177,50.13352,20.88593,małopolskie
260874121,Krzyż Wielkopolski,town,5943,52.87964,16.01417,wielkopolskie
260969076,Gościejewo,village,733,52.77660,16.95750,wielkopolskie
260969141,Ruda,village,329,52.76124,16.96609,wielkopolskie
260969187,Rożnowo,village,1500,52.67410,16.87650,wielkopolskie
260969189,Kowanówko,village,1358,52.67345,16.85344,wielkopolskie
261839053,Knurów,town,36498,50.22165,18.67066,śląskie
262894018,Lanckorona,village,2100,49.84548,19.71506,małopolskie
262894019,Kalwaria Zebrzydowska,town,4418,49.86695,19.67631,małopolskie
262894020,Paszkówka,village,863,49.93829,19.67724,małopolskie
262894107,Skawina,town,24177,49.97475,19.82657,małopolskie
262894108,Radziszów,village,3261,49.93835,19.80954,małopolskie
262936633,Myślenice,town,18051,49.83461,19.93843,małopolskie
262936634,Rabka-Zdrój,town,12468,49.60767,19.96226,małopolskie
262936635,Skomielna Biała,village,2950,49.64070,19.92002,małopolskie
264273251,Sady,village,891,52.44859,16.72291,wielkopolskie
264534777,Gołańcz,town,3194,52.94316,17.29998,wielkopolskie
265615741,Bielsk Podlaski,town,24633,52.76876,23.19256,podlaskie
266013007,Maków Podhalański,town,5625,49.72990,19.67688,małopolskie
266449814,Księginice,village,605,51.33198,17.08084,dolnośląskie
266503945,Spalona,village,561,51.24468,16.28832,dolnośląskie
267271995,Krzelów,village,779,51.43795,16.51247,dolnośląskie
268225193,Dolsk,town,1568,51.98660,17.06537,wielkopolskie
268608330,Brzesko,town,16193,49.96784,20.60685,małopolskie
268660144,Bledzew,village,1300,52.51758,15.41396,lubuskie
268767105,Skwierzyna,town,9272,52.59675,15.50110,lubuskie
268783298,Jadwisin,village,1000,52.48080,21.05452,mazowieckie
268783329,Dosin,village,704,52.48005,21.01278,mazowieckie
268942142,Osiek,village,450,51.00923,16.54596,dolnośląskie
268942159,Modlęcin,village,321,50.91385,16.30403,dolnośląskie
268947528,Bolków,town,4748,50.92200,16.10050,dolnośląskie
269964002,Chomęcice,village,666,52.33172,16.74694,wielkopolskie
270501587,Ochodza,village,958,49.96506,19.74243,małopolskie
270501589,Kopanka,village,958,49.98346,19.79200,małopolskie
270577055,Ogrodzieniec,town,4222,50.45215,19.52136,śląskie
271508504,Mszanowo,village,400,53.44311,19.60632,warmińsko-mazurskie
271748533,Andrychów,town,19203,49.85558,19.34368,małopolskie
271748535,Kęty,town,18067,49.88291,19.22394,małopolskie
273489533,Mokronos Górny,village,450,51.07567,16.91699,dolnośląskie
273489634,Krzeptów,village,1063,51.09079,16.88548,dolnośląskie
273513203,Gądów,village,502,51.05114,16.90976,dolnośląskie
274497581,Jasień,town,4155,51.75154,15.01234,lubuskie
274788647,Gola,village,1007,51.87664,16.95066,wielkopolskie
274790087,Gostyń,town,20210,51.87786,17.01676,wielkopolskie
274797137,Kunowo,village,550,51.93387,17.01813,wielkopolskie
274797140,Małachowo,village,510,51.95087,17.06131,wielkopolskie
274797934,Nowa Ruda,town,21264,50.57920,16.50148,dolnośląskie
274798438,Dzikowiec,village,940,50.57093,16.57294,dolnośląskie
274808907,Ławki,village,431,51.96408,22.33800,lubelskie
275125653,Białków,village,345,51.78091,15.02240,lubuskie
275130492,Brody,town,1070,51.78671,14.77430,lubuskie
275134790,Dłużek,village,347,51.77128,14.93497,lubuskie
275250228,Bobrowice,village,957,51.95225,15.08676,lubuskie
276970908,Margonin,town,3019,52.97329,17.09489,wielkopolskie
277724666,Zwierzyniec,town,2918,50.61459,22.97063,lubelskie
277849348,Mała Wieś,village,1293,52.45840,20.10308,mazowieckie
278916101,Cieksyn,village,2000,52.57429,20.66776,mazowieckie
279157961,Mierków,village,310,51.80024,14.91468,lubuskie
279242630,Żyrardów,town,39374,52.05433,20.44350,mazowieckie
279647217,Nowe Grabie,village,427,52.44500,19.73667,mazowieckie
279651512,Bielsk,village,2600,52.67132,19.80491,mazowieckie
279651644,Raciąż,town,4146,52.78106,20.11811,mazowieckie
279654853,Przasnysz,town,16662,53.01902,20.88040,mazowieckie
280307832,Kuźnica,village,1717,53.51005,23.64909,podlaskie
280562293,Sobota,village,560,52.11575,19.68706,łódzkie
280832769,Szczyrk,town,5496,49.71660,19.02546,śląskie
280833551,Żywiec,town,30334,49.68903,19.20305,śląskie
281090972,Biestrzynnik,village,649,50.73612,18.21111,opolskie
281699215,Kwilcz,village,2746,52.55521,16.08481,wielkopolskie
281706190,Sieraków,town,5930,52.65139,16.08081,wielkopolskie
281713324,Międzychód,town,10288,52.60465,15.89354,wielkopolskie
281792786,Mogilany,village,2200,49.94133,19.88777,małopolskie
281792787,Świątniki Górne,town,2418,49.93464,19.95250,małopolskie
282215860,Bystrzyca Kłodzka,town,9414,50.29687,16.65202,dolnośląskie
282235530,Stepnica,town,2490,53.65145,14.62995,zachodniopomorskie
282370077,Jaworzyna Śląska,town,5086,50.91442,16.43086,dolnośląskie
282926340,Zawidz Kościelny,village,912,52.82772,19.87358,mazowieckie
283352319,Cibórz,village,400,53.25689,19.86832,warmińsko-mazurskie
283931972,Bieżuń,town,1758,52.96180,19.88999,mazowieckie
287105545,Stryków,town,3458,51.90094,19.60370,łódzkie
287729827,Biała,village,667,51.93024,19.44549,łódzkie
287733538,Emilia,village,350,51.91904,19.36187,łódzkie
288270000,Rokietnica,village,8581,52.51032,16.74212,wielkopolskie
288387927,Pisarzowice,village,4673,49.88357,19.14543,śląskie
288543217,Łosie,village,770,49.57117,21.09048,małopolskie
288543412,Ropa,village,3700,49.60170,21.04275,małopolskie
288779503,Kleszczów,village,781,50.34804,18.52744,śląskie
288792549,Kamieniec,village,829,50.40344,18.71338,śląskie
288825557,Krynica-Zdrój,town,10001,49.42061,20.95942,małopolskie
288883030,Kaźmierz,village,3200,52.51292,16.58315,wielkopolskie
288896463,Otorowo,village,1300,52.56173,16.43567,wielkopolskie
288918224,Chrzypsko Wielkie,village,920,52.62695,16.21931,wielkopolskie
288927742,Niemodlin,town,6068,50.64159,17.62114,opolskie
289014081,Jurków,village,1234,49.85232,20.68871,małopolskie
289399865,Długa Szlachecka,village,540,52.24826,21.33596,mazowieckie
289531806,Baranowo,village,2202,52.43770,16.79473,wielkopolskie
289846721,Budy Zaklasztorne,village,440,51.99555,20.31438,mazowieckie
290474556,Bycina,village,888,50.39111,18.53201,śląskie
290490912,Pniów,village,644,50.42511,18.60196,śląskie
290681189,Cedynia,town,1473,52.87840,14.20314,zachodniopomorskie
290876309,Janowice,village,1879,49.88753,19.09137,śląskie
291276729,Murzasichle,village,1100,49.31170,20.04359,małopolskie
291276731,Małe Ciche,village,463,49.30315,20.07286,małopolskie
291461473,Łubie,village,796,50.44439,18.65600,śląskie
291984532,Dąbrówka,village,348,51.46355,20.44129,łódzkie
292137036,Domaniewice,village,906,52.00721,19.80659,łódzkie
292137678,Bolimów,town,930,52.07624,20.16348,łódzkie
292178396,Grzymiszew,village,2000,52.04582,18.36864,wielkopolskie
293127233,Kostrzyn nad Odrą,town,17899,52.58987,14.65363,lubuskie
293355196,Maszewo,town,3309,53.49622,15.06135,zachodniopomorskie
293357102,Lubczyna,village,480,53.50401,14.71058,zachodniopomorskie
293357420,Czarna Łąka,village,350,53.45919,14.71918,zachodniopomorskie
293357599,Rurzyca,village,500,53.48394,14.77566,zachodniopomorskie
293876234,Radzików,village,1400,52.22698,20.61526,mazowieckie
294100485,Czarnocin,village,340,53.72023,14.55674,zachodniopomorskie
295375441,Natolin,village,508,51.80091,19.62446,łódzkie
295380748,Słupia,village,733,51.85577,19.96819,łódzkie
295657939,Białowieża,village,2670,52.70274,23.85126,podlaskie
295814305,Dzierżoniów,town,31866,50.72819,16.65145,dolnośląskie
295904349,Miedary,village,1267,50.45479,18.76158,śląskie
295904414,Księży Las,village,459,50.44230,18.69907,śląskie
295904596,Ptakowice,village,748,50.41642,18.78207,śląskie
296099605,Witnica,town,6524,52.67294,14.89721,lubuskie
298014658,Muszyna,town,4600,49.35617,20.89675,małopolskie
299173892,Otmuchów,town,6360,50.46535,17.17305,opolskie
299177114,Lądek-Zdrój,town,5195,50.34583,16.87259,dolnośląskie
299272939,Międzylesie,town,2481,50.14801,16.66693,dolnośląskie
299272940,Długopole-Zdrój,village,540,50.24577,16.63083,dolnośląskie
299292137,Gorzanów,village,921,50.35232,16.63681,dolnośląskie
299292597,Krosnowice,village,2954,50.38684,16.63147,dolnośląskie
299292990,Kłodzko,town,25717,50.43865,16.65519,dolnośląskie
299298239,Paczków,town,6941,50.46429,17.00639,opolskie
299298256,Bardo,town,2451,50.50680,16.74027,dolnośląskie
299491786,Lewin Brzeski,town,5668,50.74871,17.61665,opolskie
299869236,Połomia,village,462,50.48429,18.70879,śląskie
299869285,Tworóg,village,3607,50.53194,18.71874,śląskie
299951098,Olesno,town,9122,50.87666,18.42195,opolskie
301364310,Rudniki,village,1658,50.87600,19.24124,śląskie
302384473,Czernichów,village,1700,49.98712,19.67620,małopolskie
302959863,Ostrówek,village,520,51.33651,18.62018,łódzkie
303245076,Nowy Wiśnicz,town,2788,49.91527,20.46217,małopolskie
304483535,Kamień,village,478,54.47711,18.27060,pomorskie
305292779,Andrespol,village,3367,51.72539,19.63865,łódzkie
305295321,Dobra,village,510,51.86747,19.56007,łódzkie
306549385,Stare Babice,village,1500,52.25222,20.84063,mazowieckie
308020951,Osieczna,town,2425,51.90339,16.67621,wielkopolskie
309453807,Piaski,village,3040,51.88483,17.07416,wielkopolskie
309453813,Smogorzewo,village,449,51.91337,17.08781,wielkopolskie
309598766,Borzęcin Duży,village,863,52.25191,20.73637,mazowieckie
309598877,Borzęcin Mały,village,1200,52.25529,20.70876,mazowieckie
310043940,Biskupice,village,2518,52.46232,17.16850,wielkopolskie
310466164,Rogowo,village,2000,52.72370,17.65088,kujawsko-pomorskie
310473651,Lubostroń,village,790,52.91239,17.88656,kujawsko-pomorskie
310474340,Łabiszyn,town,4494,52.95287,17.92059,kujawsko-pomorskie
310479707,Radochów,village,500,50.34973,16.82949,dolnośląskie
311588312,Rudno,village,935,53.93132,18.75899,pomorskie
313045511,Leszno,village,3500,52.25795,20.59143,mazowieckie
313424819,Świerklaniec,village,3786,50.43933,18.93889,śląskie
313424820,Nakło Śląskie,village,3824,50.43700,18.90599,śląskie
314672220,Łęknica,town,2324,51.53824,14.74454,lubuskie
314672974,Przewóz,village,850,51.47606,14.94891,lubuskie
316427345,Orzech,village,1942,50.42577,18.92311,śląskie
316751046,Biedrusko,village,2200,52.54323,16.94588,wielkopolskie
316751047,Bolechowo,village,1250,52.54528,16.99134,wielkopolskie
316751048,Promnice,village,450,52.54285,16.96649,wielkopolskie
316751049,Murowana Goślina,town,10247,52.57585,17.00979,wielkopolskie
316914707,Wilga,village,1289,51.85201,21.37648,mazowieckie
317369083,Owińska,village,2500,52.51393,16.97252,wielkopolskie
317370479,Karłowice,village,379,52.49544,17.10370,wielkopolskie
317531689,Bolechówko,village,565,52.52058,16.99041,wielkopolskie
317531690,Potasze,village,476,52.52260,17.01482,wielkopolskie
318599274,Blizne,village,3500,49.75094,21.97039,podkarpackie
318599884,Jasienica Rosielna,village,2100,49.75069,21.94028,podkarpackie
319936502,Mrowino,village,750,52.51393,16.70112,wielkopolskie
319936509,Przybroda,village,390,52.52071,16.65846,wielkopolskie
319939933,Chludowo,village,1000,52.55577,16.84478,wielkopolskie
319939934,Golęczewo,village,1370,52.53546,16.81783,wielkopolskie
319939940,Objezierze,village,960,52.60397,16.76258,wielkopolskie
319939944,Chrustowo,village,344,52.63214,16.71442,wielkopolskie
319939951,Pamiątkowo,village,1247,52.55419,16.68247,wielkopolskie
319941146,Krzyszkowo,village,647,52.52455,16.72876,wielkopolskie
320917414,Ludwikowice Kłodzkie,village,2300,50.62078,16.47416,dolnośląskie
321196330,Dąbrówka,village,1438,52.38267,16.74615,wielkopolskie
321406755,Radków,town,2310,50.50422,16.40135,dolnośląskie
322116790,Strzelno,town,5389,52.63017,18.17338,kujawsko-pomorskie
322137727,Żabieniec,village,1126,52.05671,21.04402,mazowieckie
322709211,Mikołów,town,41266,50.16918,18.90442,śląskie
323142704,Oława,town,33268,50.94319,17.29571,dolnośląskie
323152578,Dobra,village,3824,53.48723,14.38548,zachodniopomorskie
324257968,Jankowice,village,2672,50.00129,18.98533,śląskie
324415220,Grabowo,village,486,53.38330,15.08200,zachodniopomorskie
324547874,Głosków-Letnisko,village,550,52.03714,20.95753,mazowieckie
324547880,Kamionka,village,783,52.05785,20.98004,mazowieckie
324547885,Baszkówka,village,440,52.03529,20.92015,mazowieckie
324547887,Złotokłos,village,1225,52.00522,20.90533,mazowieckie
327364412,Cieszyn,town,33958,49.74886,18.63343,śląskie
331033947,Rydułtowy,town,20749,50.05844,18.41718,śląskie
333579015,Zator,town,3615,49.99631,19.43768,małopolskie
334389814,Ujazd,village,320,50.13706,19.81824,małopolskie
334512563,Rogóźno,village,560,52.03219,19.82814,łódzkie
334512683,Stachlew,village,1020,52.00218,20.03119,łódzkie
334627851,Macierzysz,village,1426,52.22585,20.85741,mazowieckie
338524384,Głażewo,village,621,52.53312,15.91815,wielkopolskie
338870654,Blizne Łaszczyńskiego,village,710,52.24090,20.88469,mazowieckie
339621338,Lipnik,village,544,53.34382,14.96990,zachodniopomorskie
339828805,Chęciny,town,4303,50.80008,20.46222,świętokrzyskie
340478399,Karniowice,village,841,50.15233,19.77508,małopolskie
340478401,Więckowice,village,592,50.13611,19.76195,małopolskie
340488758,Zalas,village,2237,50.08033,19.62556,małopolskie
340488760,Grojec,village,1259,50.08616,19.56624,małopolskie
340488762,Rudno,village,736,50.10572,19.56511,małopolskie
340491552,Rybna,village,3300,50.04936,19.64688,małopolskie
340491556,Kamień,village,1300,50.01627,19.58612,małopolskie
340501814,Liszki,village,1850,50.03847,19.76616,małopolskie
340501817,Piekary,village,1500,50.02257,19.79350,małopolskie
340501822,Wołowice,village,1334,49.98841,19.72717,małopolskie
340501826,Łączany,village,1589,49.98599,19.57728,małopolskie
340501830,Brzeźnica,village,1244,49.96606,19.62989,małopolskie
340501833,Zelczyna,village,830,49.95935,19.74747,małopolskie
340501837,Sosnowice,village,1087,49.94196,19.71359,małopolskie
340501840,Krzęcin,village,1651,49.94358,19.74212,małopolskie
341921857,Pcim,village,4900,49.75199,19.96679,małopolskie
343154608,Ossy,village,435,50.43722,18.99952,śląskie
343158981,Dobieszowice,village,1891,50.39457,19.00446,śląskie
344219299,Damasławek,village,2500,52.83993,17.49947,wielkopolskie
345367892,Boleścin,village,705,50.81918,16.52876,dolnośląskie
346144826,Mieroszów,town,3871,50.66699,16.18620,dolnośląskie
346150662,Kudowa-Zdrój,town,9627,50.44200,16.24163,dolnośląskie
348288232,Radziejowice,village,724,52.00424,20.55604,mazowieckie
348945728,Jasienica,village,2000,52.41491,21.40374,mazowieckie
348945753,Dybów-Kolonia,village,300,52.40552,21.20996,mazowieckie
348945767,Radzymin,town,14314,52.41763,21.18078,mazowieckie
348945777,Postoliska,village,930,52.44882,21.46377,mazowieckie
348945793,Ostrówek,village,2349,52.39008,21.36622,mazowieckie
348945802,Marki,town,42252,52.32546,21.10547,mazowieckie
348945820,Nowe Lipiny,village,1200,52.35274,21.27119,mazowieckie
348945892,Trojany,village,490,52.47276,21.33489,mazowieckie
348945969,Wólka Radzymińska,village,700,52.41360,21.09329,mazowieckie
348945974,Mokre,village,330,52.44470,21.19226,mazowieckie
348945975,Kobyłka,town,27185,52.33871,21.19653,mazowieckie
349011984,Sobótka,town,7025,50.89925,16.74447,dolnośląskie
349176177,Jadów,town,1200,52.47834,21.63270,mazowieckie
349176196,Węgrów,town,11993,52.39892,22.01745,mazowieckie
349176229,Stanisławów,town,2200,52.28977,21.54717,mazowieckie
349182355,Śliwice,village,424,51.12861,17.21408,dolnośląskie
349209345,Piecowice,village,370,51.14423,17.21758,dolnośląskie
349239193,Grajewo,town,21395,53.64698,22.45486,podlaskie
349987517,Duszniki-Zdrój,town,4240,50.40442,16.39015,dolnośląskie
349994450,Szczytna,town,4886,50.41693,16.44082,dolnośląskie
350009881,Konradów,village,310,50.30856,16.79586,dolnośląskie
353333349,Hołubla,village,587,52.27785,22.43663,mazowieckie
353333428,Dąbrowa,village,450,52.30534,22.62424,mazowieckie
353333568,Platerów,village,798,52.30198,22.81843,mazowieckie
353333608,Rusków,village,389,52.31196,22.73410,mazowieckie
353334064,Repki,village,834,52.38578,22.39067,mazowieckie
353978235,Brenna,village,10359,49.72511,18.91889,śląskie
354512367,Luboń,town,33024,52.34582,16.87848,wielkopolskie
355142376,Ramiszów,village,315,51.19059,17.10257,dolnośląskie
355877029,Krzyżowa,village,1444,49.59457,19.34387,śląskie
355877038,Jeleśnia,village,4098,49.62951,19.33134,śląskie
355877039,Koszarawa,village,2538,49.64426,19.40024,śląskie
356724078,Poronin,village,3507,49.33965,20.00556,małopolskie
357882817,Staw Kunowski,village,368,51.00390,21.24666,świętokrzyskie
357913636,Gorzów Wielkopolski,city,114567,52.73099,15.24005,lubuskie
358980632,Pilica,town,1790,50.46811,19.65736,śląskie
359441565,Międzyrzec Podlaski,town,15830,51.98532,22.78425,lubelskie
359442003,Chotycze,village,400,52.19343,22.78676,mazowieckie
359442140,Strzała,village,1054,52.20005,22.25534,mazowieckie
359442246,Leśna Podlaska,village,900,52.13081,23.02983,lubelskie
359442450,Żelizna,village,364,51.86971,22.94661,lubelskie
359442558,Żerocin,village,580,51.95009,22.90933,lubelskie
359442613,Łózki,village,500,51.88922,22.86582,lubelskie
359442884,Kodeń,village,1900,51.91143,23.60278,lubelskie
359442917,Małaszewicze Duże,village,478,52.04063,23.51627,lubelskie
359442950,Nowy Pawłów,village,420,52.20179,23.16933,lubelskie
359442991,Czosnówka,village,1001,52.01447,23.22587,lubelskie
359443483,Międzyleś,village,340,51.83654,23.46989,lubelskie
359443495,Chotyłów,village,900,51.99781,23.35635,lubelskie
359810884,Parysów,village,1100,51.97593,21.68020,mazowieckie
359810947,Huta Mińska,village,583,52.15421,21.57169,mazowieckie
359810972,Wodynie,village,630,52.04053,21.95616,mazowieckie
359810975,Stoczek Łukowski,town,2431,51.96174,21.96971,lubelskie
359947053,Daleszewo,village,1100,53.31390,14.53343,zachodniopomorskie
360217931,Włodawa,town,12030,51.54664,23.55322,lubelskie
360218025,Dubeczno,village,957,51.42904,23.43994,lubelskie
360233171,Jabłeczna,village,320,51.80437,23.60185,lubelskie
360233196,Okuninka,village,420,51.50567,23.52626,lubelskie
360264991,Wola Sernicka,village,921,51.45297,22.67441,lubelskie
360265102,Brzostówka,village,733,51.43328,22.77114,lubelskie
360265718,Paszenki,village,350,51.71627,23.13185,lubelskie
360265825,Kalinka,village,319,51.67354,23.11147,lubelskie
360265835,Podedwórze,village,493,51.68756,23.19933,lubelskie
360265874,Brzozowy Kąt,village,436,51.78636,23.00728,lubelskie
360265898,Jabłoń,village,1225,51.72595,23.08062,lubelskie
360265917,Milanów,village,1105,51.70350,22.88110,lubelskie
360265927,Niedźwiada,village,778,51.53920,22.69145,lubelskie
360266305,Rozwadówka,village,440,51.74635,23.28977,lubelskie
360266583,Koczergi,village,565,51.63729,22.86611,lubelskie
360266668,Przegaliny Duże,village,557,51.83348,22.88621,lubelskie
360267393,Kijany,village,700,51.33617,22.76995,lubelskie
360267523,Stary Brus,village,449,51.48093,23.29172,lubelskie
360267706,Dołhobrody,village,910,51.68349,23.51319,lubelskie
361375157,Łopuchowo,village,350,52.61350,17.09079,wielkopolskie
361376619,Długa Goślina,village,390,52.63377,17.03477,wielkopolskie
361603782,Pszów,town,13295,50.03958,18.39494,śląskie
362654166,Górka Lubartowska,village,600,51.51812,22.64003,lubelskie
362654860,Moszczanka,village,520,51.59930,21.96958,lubelskie
362654902,Puławy,town,45267,51.41717,21.97206,lubelskie
362655002,Wola Gułowska,village,360,51.70058,22.20902,lubelskie
362655111,Zalesie,village,350,51.65886,21.94241,lubelskie
362655182,Brzozowa Gać,village,580,51.39873,22.18117,lubelskie
362655278,Gniewoszów,village,670,51.47437,21.81256,mazowieckie
362655287,Turzystwo,village,410,51.70347,22.18893,lubelskie
362655342,Poizdów,village,364,51.62812,22.35582,lubelskie
362655504,Osowno,village,700,51.72239,22.48957,lubelskie
362655565,Sosnówka,village,308,51.47558,22.31748,lubelskie
362655577,Chotynia,village,490,51.79647,21.69596,mazowieckie
362656146,Zakępie,village,410,51.72082,22.29207,lubelskie
362656279,Kamionka,town,1739,51.47112,22.46442,lubelskie
362656351,Młynki,village,578,51.42577,22.04155,lubelskie
362656400,Wola Zadybska,village,340,51.74787,21.86256,lubelskie
362656583,Oszczepalin Drugi,village,420,51.75242,22.41311,lubelskie
362656591,Pałecznica,village,1200,51.48086,22.67066,lubelskie
362656599,Lipiny,village,340,51.70708,22.15890,lubelskie
362656647,Nowodwór,village,539,51.64264,22.09983,lubelskie
362656732,Trojanów,village,686,51.69646,21.82146,mazowieckie
362656850,Bąkowiec,village,500,51.49766,21.69313,mazowieckie
362656934,Huta-Dąbrowa,village,1600,51.80684,22.04832,lubelskie
362656952,Wola Okrzejska,village,980,51.74904,22.13544,lubelskie
362657357,Zajezierze,village,987,51.54130,21.81269,mazowieckie
362657439,Kurów,town,2804,51.38886,22.18621,lubelskie
362657937,Żurawiec,village,320,51.68337,22.18141,lubelskie
362658040,Adamów,village,1944,51.74369,22.26236,lubelskie
362658109,Żelechów,town,3759,51.80967,21.89550,mazowieckie
362658124,Chrząchów,village,669,51.41469,22.13587,lubelskie
362658130,Bochotnica,village,1100,51.33976,21.99254,lubelskie
362658200,Chrząchówek,village,465,51.42129,22.12801,lubelskie
362658211,Gułów,village,530,51.74316,22.22088,lubelskie
362658336,Oszczepalin Pierwszy,village,310,51.75301,22.39943,lubelskie
362658525,Serokomla,village,1060,51.69935,22.33351,lubelskie
362658539,Gołąb,village,3000,51.48747,21.87623,lubelskie
362658558,Gończyce,village,840,51.78303,21.72890,mazowieckie
362658569,Stare Zadybie,village,550,51.75079,21.92715,lubelskie
362658837,Czemierniki,town,1700,51.67437,22.63809,lubelskie
362659264,Ryki,town,9229,51.62670,21.93570,lubelskie
363634412,Lubartów,town,20494,51.46605,22.60529,lubelskie
364458110,Przezchlebie,village,843,50.36828,18.68291,śląskie
364462261,Zawada,village,310,50.39217,18.66174,śląskie
364462584,Karchowice,village,308,50.39481,18.68073,śląskie
364753679,Porąbka,village,3959,49.81945,19.21735,śląskie
366126493,Kamień,village,532,51.16747,17.21716,dolnośląskie
366169629,Raków,village,305,51.16946,17.27791,dolnośląskie
366341106,Pruchnik,town,3636,49.90614,22.51606,podkarpackie
367648247,Skoczów,town,13814,49.79990,18.78776,śląskie
367849732,Domaszczyn,village,613,51.18843,17.16697,dolnośląskie
368033575,Mogielnica,town,2206,51.69295,20.72337,mazowieckie
368033581,Warka,town,12003,51.78510,21.18338,mazowieckie
368033597,Brzóza,village,1100,51.60026,21.34657,mazowieckie
368033629,Głowaczów,town,780,51.62318,21.31771,mazowieckie
368033679,Garbatka-Letnisko,village,3295,51.49335,21.63185,mazowieckie
368033683,Gródek,village,315,51.46264,21.67200,mazowieckie
368033689,Zwoleń,town,7417,51.35647,21.58447,mazowieckie
368033705,Jedlnia,village,613,51.46389,21.36139,mazowieckie
368033716,Jedlińsk,village,1700,51.51387,21.12356,mazowieckie
368033755,Sobolew,village,2200,51.74189,21.66826,mazowieckie
368033761,Antoniówka,village,556,51.43035,21.27930,mazowieckie
368033780,Jasieniec,village,1700,51.82247,20.93549,mazowieckie
368033785,Białobrzegi,town,6615,51.64823,20.94975,mazowieckie
368033796,Pionki,town,16779,51.47300,21.44384,mazowieckie
368033804,Jedlnia-Letnisko,town,3692,51.43035,21.32925,mazowieckie
368746382,Wólka Okopska,village,461,51.17275,23.71928,lubelskie
368746415,Kazimierzówka,village,674,51.18979,22.67968,lubelskie
368746431,Wierzbica,village,310,51.26270,23.32418,lubelskie
368746586,Busówno,village,530,51.26266,23.27855,lubelskie
368746605,Wola Uhruska,village,1639,51.32122,23.62654,lubelskie
368746637,Siedliszcze,town,1367,51.19462,23.16485,lubelskie
368746742,Siedliszcze,village,860,51.28216,23.63834,lubelskie
368746905,Łuszczów Pierwszy,village,747,51.30226,22.72598,lubelskie
369598568,Góra,town,11173,51.66813,16.53891,dolnośląskie
369782018,Tworków,village,2754,50.00672,18.23568,śląskie
369782728,Bieńkowice,village,1159,50.02279,18.21408,śląskie
369782737,Bolesław,village,497,50.00603,18.20168,śląskie
370138723,Rzyki,village,3105,49.81532,19.38844,małopolskie
370165392,Kamienna Góra,town,17998,50.78374,16.03366,dolnośląskie
370165396,Lubawka,town,5722,50.70709,16.00039,dolnośląskie
370337311,Pszenno,village,1744,50.85685,16.53842,dolnośląskie
371187830,Jakubowice Konińskie,village,710,51.30268,22.52966,lubelskie
371422138,Dąbie,village,980,50.15085,21.29594,podkarpackie
371651007,Pruszowice,village,471,51.18746,17.13362,dolnośląskie
371651107,Łozina,village,577,51.23299,17.17492,dolnośląskie
371787635,Górecko Stare,village,332,50.52235,22.99671,lubelskie
371787783,Majdan Ruszowski,village,380,50.61439,23.30541,lubelskie
371787992,Kolonia Sól,village,822,50.52049,22.67329,lubelskie
371788005,Hosznia Ordynacka,village,390,50.74620,22.75664,lubelskie
371788081,Majdan Wielki,village,916,50.54248,23.27761,lubelskie
371815328,Boża Wola,village,320,50.61142,23.29698,lubelskie
371815574,Lasocin,village,318,50.89630,21.75594,świętokrzyskie
371817387,Kawęczyn,village,350,51.14446,22.75769,lubelskie
371817514,Grębów,village,3000,50.56543,21.87462,podkarpackie
371817648,Kocudza Pierwsza,village,511,50.67349,22.61471,lubelskie
371817898,Sokołówka,village,309,50.65972,22.68773,lubelskie
371818015,Bieliny,village,985,50.44583,22.29256,podkarpackie
371818019,Wrzawy,village,1572,50.71021,21.84351,podkarpackie
371818102,Łada,village,577,50.73713,22.63904,lubelskie
371818295,Gródki,village,579,50.77397,22.69709,lubelskie
371818323,Sokolniki,village,1965,50.64239,21.80792,podkarpackie
371818327,Majdan Królewski,village,2400,50.37918,21.74508,podkarpackie
371818330,Nowy Nart,village,488,50.34928,22.01168,podkarpackie
371818340,Podolszynka Ordynacka,village,349,50.41573,22.35809,podkarpackie
371818353,Wilcza Wola,village,2000,50.36079,21.90681,podkarpackie
371818359,Zaleszany,village,1000,50.64967,21.89556,podkarpackie
371818367,Tarłów,village,790,51.00110,21.71518,świętokrzyskie
371818381,Stary Nart,village,396,50.35582,21.99721,podkarpackie
371818386,Krzywdy,village,521,50.34871,22.20408,podkarpackie
371818402,Łapiguz,village,523,50.76217,23.28636,lubelskie
371818411,Turbia,village,2600,50.61980,21.98628,podkarpackie
371818418,Glinianka,village,600,50.47522,22.30784,podkarpackie
371818424,Sójkowa,village,536,50.39970,22.04602,podkarpackie
371818441,Dwikozy,village,2100,50.73606,21.78973,świętokrzyskie
371818455,Trześń,village,1600,50.65179,21.78879,podkarpackie
371818461,Narol,town,2031,50.34881,23.32744,podkarpackie
371865454,Nawóz,village,570,50.78779,23.01147,lubelskie
371948417,Chmiel Pierwszy,village,330,51.09744,22.67945,lubelskie
371948598,Jarczów,village,876,50.42381,23.59077,lubelskie
371948606,Zawady,village,300,50.41670,23.59671,lubelskie
371948650,Lipiny Dolne,village,1120,50.40823,22.47780,lubelskie
371948653,Jabłonna Druga,village,760,51.08312,22.58866,lubelskie
371948660,Dubienka,village,1042,51.04770,23.89381,lubelskie
371948665,Orłów Drewniany,village,331,50.90388,23.20961,lubelskie
371948691,Miączyn,village,928,50.74174,23.50718,lubelskie
371948723,Turobin,town,1036,50.82185,22.74490,lubelskie
371948750,Biłgoraj,town,25459,50.54248,22.72093,lubelskie
371948791,Barchaczów,village,460,50.67765,23.37975,lubelskie
371948826,Wysokie,village,602,50.90967,22.66500,lubelskie
371948945,Sochy,village,390,50.58345,22.94863,lubelskie
371948967,Bystrzyca Stara,village,451,51.07329,22.46565,lubelskie
371949004,Komarów-Osada,village,777,50.62847,23.48307,lubelskie
371949063,Hamernia,village,377,50.45745,23.11552,lubelskie
371949153,Dorohusk,village,493,51.16083,23.80345,lubelskie
371949192,Bychawa,town,4677,51.01522,22.53454,lubelskie
371949195,Skierbieszów,village,1317,50.85203,23.36726,lubelskie
371949233,Piotrowice,village,1093,51.08936,22.47613,lubelskie
371949255,Szczebrzeszyn,town,4849,50.69470,22.97868,lubelskie
371949259,Urzędów,town,1701,50.99390,22.14358,lubelskie
371949273,Kraśnik,town,32593,50.92492,22.22921,lubelskie
371949459,Dąbrówka,village,510,50.36074,22.59384,lubelskie
371949461,Gromada,village,963,50.56497,22.70397,lubelskie
371949473,Zagródki,village,330,50.36233,22.56594,lubelskie
371949660,Rejowiec Fabryczny,town,4102,51.11918,23.24673,lubelskie
371949667,Chodel,village,1400,51.11217,22.13505,lubelskie
371949679,Aleksandrów,village,3135,50.46708,22.88250,lubelskie
371949683,Dołhobyczów,village,1491,50.58674,24.03486,lubelskie
371949690,Janów Lubelski,town,11308,50.70659,22.41107,lubelskie
371949705,Bodaczów,village,2300,50.71704,23.03998,lubelskie
371949727,Gałęzów,village,560,50.98892,22.53418,lubelskie
371949731,Potok Górny,village,1341,50.38571,22.55294,lubelskie
371949745,Tyszowce,town,1926,50.61720,23.69822,lubelskie
371949787,Tuszów,village,529,51.09243,22.54242,lubelskie
371949792,Husynne,village,527,50.83421,23.97730,lubelskie
371949798,Krężnica Jara,village,1100,51.15131,22.46770,lubelskie
371950439,Rabinówka,village,310,50.42053,23.37100,lubelskie
371950491,Rogóźno,village,1300,50.46412,23.38987,lubelskie
371950585,Bondyrz,village,810,50.57330,23.09354,lubelskie
371950903,Kowalin,village,320,50.90733,22.15590,lubelskie
371951405,Paary,village,680,50.37906,23.27112,lubelskie
371951408,Chyże,village,380,50.39672,23.39061,lubelskie
371951508,Nowosiółki,village,466,50.52326,23.91289,lubelskie
371951630,Wereszcze Duże,village,440,51.13649,23.34293,lubelskie
371951779,Długi Kąt,village,497,50.48499,23.12518,lubelskie
371951783,Pawłów,village,960,51.14643,23.21248,lubelskie
371951797,Wrzelowiec,village,413,51.09301,21.92346,lubelskie
371977571,Ciosmy,village,353,50.54375,22.54577,lubelskie
371977587,Tarnawatka,village,1000,50.53090,23.39601,lubelskie
371977690,Dzwola,village,936,50.69529,22.56585,lubelskie
371977700,Uchanie,village,650,50.90792,23.64717,lubelskie
371977707,Krzeszów Dolny,village,335,50.39527,22.35931,podkarpackie
371977743,Sarzyna,village,3837,50.34433,22.34379,podkarpackie
371977753,Przedmieście Dalsze,village,900,51.14218,21.71512,mazowieckie
371977759,Zagrody,village,692,50.74437,22.66887,lubelskie
371977762,Kopki,village,1599,50.40945,22.30584,podkarpackie
371977764,Przędzel,village,1803,50.49119,22.22485,podkarpackie
371977769,Susiec,village,1300,50.41668,23.20413,lubelskie
371977783,Harasiuki,village,862,50.47248,22.48897,podkarpackie
371977807,Jeżowe,village,5358,50.37385,22.12772,podkarpackie
371977810,Wolina,village,440,50.50135,22.18093,podkarpackie
371977817,Zarzecze,village,2928,50.52326,22.20540,podkarpackie
371977826,Wólka Łosiniecka,village,400,50.42201,23.27529,lubelskie
371977847,Księżpol,village,1145,50.42222,22.73441,lubelskie
371977850,Narol-Wieś,village,461,50.36888,23.31860,podkarpackie
371977857,Krzeszów,village,830,50.40285,22.34060,podkarpackie
371977886,Nisko,town,14874,50.51990,22.13989,podkarpackie
371977916,Rudnik nad Sanem,town,6565,50.44478,22.24403,podkarpackie
371977968,Jarocin,village,1300,50.56746,22.31189,podkarpackie
371977970,Nowosielec,village,1500,50.44761,22.15431,podkarpackie
371977997,Stary Bidaczów,village,300,50.49021,22.59887,lubelskie
371978004,Pysznica,village,2800,50.57519,22.12341,podkarpackie
371978016,Jarosławiec,village,1466,50.71688,23.36199,lubelskie
371978026,Brzyska Wola,village,1500,50.33944,22.56467,podkarpackie
371978034,Ulanów,town,1406,50.49044,22.26257,podkarpackie
371978037,Annopol,town,2371,50.88517,21.85508,lubelskie
371978040,Jastkowice,village,3319,50.60674,22.10324,podkarpackie
371978051,Teptiuków,village,369,50.81913,23.93634,lubelskie
371978145,Prehoryłe,village,401,50.65197,24.04259,lubelskie
371978269,Chałupki,village,316,50.42138,22.28055,podkarpackie
371978299,Jamnica,village,774,50.57706,21.92569,podkarpackie
371978331,Nowa Wieś,village,330,50.50224,22.20133,podkarpackie
371978360,Nowa Wieś,village,350,50.42357,22.42216,podkarpackie
371978410,Chłopków,village,362,50.71289,22.81791,lubelskie
371978417,Zastawie,village,618,50.72558,22.67343,lubelskie
371978506,Janki,village,301,50.86917,23.82141,lubelskie
371978603,Ruszów,village,543,50.64966,23.32069,lubelskie
371978656,Jarosławiec,village,520,50.90678,23.70514,lubelskie
371978688,Wierszczyca,village,500,50.45054,23.60041,lubelskie
371978690,Alojzów,village,354,50.75354,23.82567,lubelskie
371978738,Sitaniec,village,1600,50.75103,23.24302,lubelskie
371978780,Szwedy,village,300,50.61885,22.23915,podkarpackie
371978782,Zawada,village,1693,50.72329,23.11528,lubelskie
371979265,Pasieki,village,575,50.44130,23.34098,lubelskie
371979334,Gorzyce,village,8009,50.66828,21.83695,podkarpackie
371979361,Cholewiana Góra,village,884,50.34675,22.07642,podkarpackie
371979384,Lipsko,village,365,50.34970,23.33677,podkarpackie
372254802,Majdan Sopocki Drugi,village,712,50.46088,23.16582,lubelskie
372256835,Majdan Sopocki Pierwszy,village,510,50.45797,23.17586,lubelskie
372771387,Rudno,village,1064,50.34766,18.45878,śląskie
372817734,Bojszów,village,957,50.33461,18.48326,śląskie
372817737,Rachowice,village,699,50.29508,18.49577,śląskie
372817740,Sierakowice,village,1157,50.27993,18.46406,śląskie
373200772,Mirosławice,village,404,50.95531,16.78390,dolnośląskie
373282123,Bronisze,village,420,52.21122,20.84020,mazowieckie
373405418,Bolechowo-Osiedle,village,1000,52.53896,16.97185,wielkopolskie
373587044,Dobiesz,village,410,52.00061,21.10481,mazowieckie
373901512,Renice,village,360,52.93106,14.94058,zachodniopomorskie
374767580,Wólka Kozodawska,village,896,52.03547,21.01037,mazowieckie
376050625,Trójca,village,645,51.15941,15.10257,dolnośląskie
376065763,Radlin,town,17206,50.04870,18.47915,śląskie
376362524,Mokrzeszów,village,1100,50.85124,16.37059,dolnośląskie
376855110,Sade Budy,village,940,52.05891,20.49306,mazowieckie
378230859,Kąkolewo,village,2100,51.85986,16.69173,wielkopolskie
378239175,Kozłów,village,1024,50.30481,18.56313,śląskie
378268080,Łany Wielkie,village,748,50.28796,18.54434,śląskie
383902758,Lubań,town,20096,51.11809,15.28927,dolnośląskie
383911098,Olszyna,town,4366,51.06555,15.37531,dolnośląskie
385297741,Szałsza,village,323,50.33973,18.71411,śląskie
385474081,Chmieleń,village,560,50.97952,15.48278,dolnośląskie
385515773,Rybnica,village,783,50.91797,15.62100,dolnośląskie
385515778,Jeżów Sudecki,village,2613,50.93369,15.74340,dolnośląskie
385563064,Miłków,village,2076,50.81097,15.76288,dolnośląskie
385563068,Karpacz,town,4457,50.77475,15.75420,dolnośląskie
386589520,Samołęż,village,355,52.69299,16.42184,wielkopolskie
386589545,Nowa Wieś,village,1323,52.69148,16.39446,wielkopolskie
386589740,Stróżki,village,389,52.70606,16.41413,wielkopolskie
386589779,Wróblewo,village,395,52.66576,16.30888,wielkopolskie
386589874,Dobrojewo,village,576,52.64433,16.41781,wielkopolskie
386589879,Binino,village,384,52.63875,16.38602,wielkopolskie
386596562,Ostroróg,town,1878,52.62674,16.44917,wielkopolskie
386597019,Szczepankowo,village,400,52.62151,16.50247,wielkopolskie
386600625,Obrzycko,town,2379,52.70644,16.52524,wielkopolskie
387219949,Psary,village,850,51.18724,17.03137,dolnośląskie
387434271,Rakoniewice,town,3658,52.13935,16.27385,wielkopolskie
387932045,Kłodzisko,village,306,52.66806,16.27508,wielkopolskie
387937293,Ćmachowo,village,533,52.68063,16.31813,wielkopolskie
388402695,Czekanów,village,981,50.34793,18.73610,śląskie
389032238,Świętoszowice,village,595,50.36333,18.73612,śląskie
389077214,Ujsoły,village,2392,49.48242,19.13885,śląskie
389077218,Złatna,village,801,49.49502,19.17613,śląskie
389506797,Olszany,village,970,50.91015,16.32965,dolnośląskie
389515478,Nieborowice,village,723,50.22708,18.60967,śląskie
389905981,Pilchowice,village,2919,50.21478,18.56262,śląskie
390554646,Kruszyna,village,968,50.96871,19.27639,śląskie
390554647,Bogusławice,village,513,50.95623,19.25959,śląskie
390827587,Janów,town,964,50.72222,19.43616,śląskie
391443996,Bargłówka,village,762,50.22694,18.47466,śląskie
391627098,Borowno,village,1364,50.93120,19.27302,śląskie
392710374,Załom,village,1090,53.43754,14.73020,zachodniopomorskie
392764971,Kotlarnia,village,743,50.27865,18.36753,opolskie
393092745,Trachy,village,791,50.25403,18.51182,śląskie
393808144,Czelin,village,420,52.73565,14.38095,zachodniopomorskie
393808189,Mieszkowice,town,3449,52.78541,14.49543,zachodniopomorskie
393952241,Dębno,town,13291,52.73967,14.70145,zachodniopomorskie
393975496,Suchań,town,1403,53.27994,15.31883,zachodniopomorskie
394581481,Brzeg,town,34492,50.86149,17.47050,opolskie
403200171,Karwiany,village,1932,51.02052,17.01011,dolnośląskie
405196116,Rajcza,village,3438,49.50322,19.10131,śląskie
408469636,Kobierzyce,village,2095,50.97206,16.92981,dolnośląskie
408469637,Królikowice,village,301,50.97486,16.90599,dolnośląskie
410521122,Groblice,village,768,51.01263,17.17450,dolnośląskie
410522461,Siemianice,village,319,51.31995,16.91196,dolnośląskie
410527531,Mokry Dwór,village,380,51.07152,17.12421,dolnośląskie
410802043,Starkowo,village,500,51.97715,16.30991,wielkopolskie
412976876,Baborówko,village,480,52.58526,16.62992,wielkopolskie
412989086,Bielsko,village,1300,52.60733,15.92284,wielkopolskie
413086063,Paniowice,village,308,51.21191,16.94290,dolnośląskie
413123720,Paczkowo,village,1915,52.40089,17.15736,wielkopolskie
413351229,Węgry,village,633,50.92863,17.03869,dolnośląskie
413369594,Siedlec,village,695,51.23127,17.11534,dolnośląskie
413371915,Pakosław,village,890,51.61667,17.05745,wielkopolskie
413396633,Borów,village,900,50.88237,16.98893,dolnośląskie
413396792,Szczawin,village,410,50.79416,17.05769,dolnośląskie
413398906,Jegłowa,village,730,50.73013,17.15721,dolnośląskie
413398908,Przeworno,village,1259,50.68631,17.16580,dolnośląskie
413447039,Kamiennik,village,702,50.57040,17.15069,opolskie
413447041,Goworowice,village,370,50.54461,17.13979,opolskie
413449783,Meszno,village,380,50.43640,17.14692,opolskie
413449785,Piotrowice Nyskie,village,300,50.41132,17.15292,opolskie
413449786,Jasienica Górna,village,400,50.39862,17.12928,opolskie
413452002,Ołdrzychowice Kłodzkie,village,2500,50.36411,16.71261,dolnośląskie
413453147,Żelazno,village,898,50.37162,16.67299,dolnośląskie
413519087,Osieczany,village,1300,49.84145,19.97987,małopolskie
413519088,Łęki,village,966,49.83516,20.01679,małopolskie
413590471,Lizawice,village,300,50.97362,17.21555,dolnośląskie
413590472,Marcinkowice,village,1699,50.98619,17.22651,dolnośląskie
414273634,Nowiny Wielkie,village,1300,52.67162,15.00578,lubuskie
415105710,Nowa Wieś,village,809,50.44359,19.08890,śląskie
415105720,Sadowie,village,389,50.43407,19.11917,śląskie
415110757,Toporowice,village,861,50.42189,19.14113,śląskie
415140278,Psary,village,2717,50.37892,19.11108,śląskie
415142120,Twardowice,village,464,50.41745,19.08988,śląskie
416128621,Jagodne,village,720,51.14557,20.97465,świętokrzyskie
416567038,Niemcza,town,2801,50.71634,16.83504,dolnośląskie
416567991,Marcinowice,village,832,50.87924,16.58137,dolnośląskie
416670123,Żarnowiec,village,738,50.48327,19.86242,śląskie
417021502,Powodowo,village,571,52.12232,16.05201,wielkopolskie
417024382,Grotniki,village,564,51.94795,16.35712,wielkopolskie
417054105,Kryniczno,village,646,51.20747,17.03942,dolnośląskie
417054106,Malin,village,729,51.21725,17.06230,dolnośląskie
417057644,Ligota Piękna,village,1299,51.22992,17.04579,dolnośląskie
418002049,Gołuchowice,village,426,50.44165,19.26735,śląskie
418392093,Wrocław,city,893506,51.10898,17.03267,dolnośląskie
418567766,Czadrów,village,720,50.76206,16.05698,dolnośląskie
418567767,Krzeszów,village,1527,50.73331,16.06899,dolnośląskie
418569489,Pisarzowice,village,903,50.78408,15.95889,dolnośląskie
418569492,Kowary,town,10217,50.79375,15.83382,dolnośląskie
418569493,Kostrzyca,village,888,50.81820,15.80206,dolnośląskie
418648229,Małoszyce,village,328,50.54005,19.81839,śląskie
418648233,Przysieka,village,630,50.47417,19.99818,małopolskie
418648234,Sienno,town,1000,51.08498,21.47345,mazowieckie
418648250,Jęgrzna,village,490,50.98167,20.77316,świętokrzyskie
418648263,Brody,village,1737,51.02571,21.21866,świętokrzyskie
418648264,Wiącka,village,460,50.97579,20.86046,świętokrzyskie
418648267,Zachełmie,village,568,50.97357,20.69709,świętokrzyskie
418648276,Krynki,village,1273,51.00676,21.18879,świętokrzyskie
418648290,Mąchocice Kapitulne,village,1361,50.89043,20.76879,świętokrzyskie
418648305,Chełm,village,892,50.35861,19.75534,małopolskie
418648311,Masłów Drugi,village,1337,50.91787,20.72501,świętokrzyskie
418648319,Gózd,village,560,50.98416,20.76604,świętokrzyskie
418648328,Słupia,village,950,50.60334,19.97154,świętokrzyskie
418648332,Wolica,village,340,50.48316,20.09105,małopolskie
418648356,Złota,village,960,50.38052,20.59177,świętokrzyskie
418648358,Krajno Pierwsze,village,663,50.89260,20.84948,świętokrzyskie
418648369,Czermin,village,1557,50.33969,21.33348,podkarpackie
418648375,Podchojny,village,780,50.66063,20.32951,świętokrzyskie
418648377,Cisów,village,471,50.75932,20.89733,świętokrzyskie
418648382,Kamionka,village,420,50.46134,20.02740,małopolskie
418648410,Wiązownica Duża,village,750,50.56743,21.35081,świętokrzyskie
418648422,Dąbrowa,village,1073,50.90923,20.68858,świętokrzyskie
418648428,Raków,village,1174,50.67504,21.04234,świętokrzyskie
418648452,Żarczyce Małe,village,440,50.78564,20.20510,świętokrzyskie
418648458,Krępa Górna,village,320,51.15116,21.55468,mazowieckie
418648478,Świniary,village,351,50.35707,20.94465,świętokrzyskie
418648486,Górno-Parcele,village,552,50.86108,20.82949,świętokrzyskie
418648487,Czajków Południowy,village,380,50.56815,21.30819,świętokrzyskie
418648499,Ślęzany,village,513,50.66874,19.59637,śląskie
418648504,Lipnik,village,400,50.72948,21.49123,świętokrzyskie
418648507,Krajno Drugie,village,698,50.87046,20.86791,świętokrzyskie
418648516,Rączki,village,401,51.01839,19.89649,świętokrzyskie
418648517,Czajków Północny,village,610,50.57769,21.29120,świętokrzyskie
418648519,Ujazd,village,530,50.71333,21.31055,świętokrzyskie
418648552,Kłoda,village,603,50.50064,21.22373,świętokrzyskie
418648553,Biskupice,village,400,50.34854,19.98945,małopolskie
418648558,Mostki,village,510,51.05332,20.89757,świętokrzyskie
418648569,Kostomłoty Pierwsze,village,1571,50.91805,20.59057,świętokrzyskie
418648575,Ulesie,village,423,50.80819,19.58571,śląskie
418648597,Łagów,town,1419,50.77549,21.08398,świętokrzyskie
418648624,Podzamcze,village,340,50.78180,20.46392,świętokrzyskie
418747816,Słupca,town,13353,52.28729,17.87136,wielkopolskie
419734829,Wieluń,town,20282,51.22045,18.57010,łódzkie
419834486,Kęszyca Leśna,village,667,52.40884,15.46913,lubuskie
420321797,Karpniki,village,742,50.85129,15.85942,dolnośląskie
420321799,Janowice Wielkie,village,2021,50.87828,15.92088,dolnośląskie
420622210,Radzionków,town,16253,50.40027,18.90262,śląskie
421194144,Łomnica,village,1930,50.86495,15.79532,dolnośląskie
421194149,Sosnówka,village,1117,50.81687,15.72554,dolnośląskie
422586695,Milikowice,village,591,50.86884,16.41285,dolnośląskie
422809233,Dziećmorowice,village,1374,50.77099,16.35573,dolnośląskie
422809234,Jugowice,village,622,50.73101,16.40278,dolnośląskie
428339515,Warszawa,city,1863845,52.23196,21.00672,mazowieckie
428496823,Roztoka,village,1077,50.95911,16.22842,dolnośląskie
430419131,Wilczyn,village,450,51.28553,16.95500,dolnośląskie
430608169,Brzezinka Średzka,village,575,51.21523,16.82284,dolnośląskie
430652610,Janików,village,332,50.96942,17.37352,dolnośląskie
430652611,Bystrzyca,village,2438,50.96080,17.39741,dolnośląskie
430652652,Dobrzyń,village,700,50.94612,17.46922,opolskie
430652682,Lubsza,village,1492,50.91586,17.52042,opolskie
430652724,Czepielowice,village,800,50.87741,17.56211,opolskie
430705140,Popielów,village,2400,50.82425,17.74219,opolskie
431023761,Domaniów,village,792,50.89485,17.12907,dolnośląskie
431023766,Gnojna,village,634,50.72032,17.29598,opolskie
431023768,Grodków,town,8010,50.69816,17.38498,opolskie
431023774,Prądy,village,370,50.65354,17.71092,opolskie
431023775,Wawelno,village,1200,50.65690,17.76136,opolskie
431023776,Chróścina,village,1585,50.66546,17.81394,opolskie
431023777,Mechnice,village,980,50.66594,17.82882,opolskie
435353258,Oleszna,village,917,50.81387,16.80008,dolnośląskie
435353266,Jaźwina,village,1118,50.79722,16.69922,dolnośląskie
435361219,Dobrocin,village,698,50.73325,16.70340,dolnośląskie
435361223,Gilów,village,700,50.72132,16.76445,dolnośląskie
435419765,Ciepłowody,village,1104,50.67563,16.90872,dolnośląskie
438176117,Ujazd Górny,village,596,51.08451,16.50129,dolnośląskie
439219914,Wilków,village,900,51.09982,17.66448,opolskie
440869678,Gronówko,village,574,51.88898,16.59743,wielkopolskie
441551285,Krempachy,village,1372,49.43479,20.16192,małopolskie
441551289,Nowa Biała,village,1550,49.44067,20.14397,małopolskie
442701660,Wawrów,village,1200,52.74991,15.29216,lubuskie
443716998,Orneta,town,8292,54.11555,20.13034,warmińsko-mazurskie
445355922,Łąka,village,2010,50.08632,22.09757,podkarpackie
445855436,Złotoria,village,2352,52.99645,18.70721,kujawsko-pomorskie
446007256,Kołczewo,village,721,53.96578,14.61566,zachodniopomorskie
446008268,Wisełka,village,518,53.96559,14.57160,zachodniopomorskie
450231449,Kobiór,village,4702,50.06079,18.93393,śląskie
454955768,Braszowice,village,882,50.55424,16.79811,dolnośląskie
454955769,Przerzeczyn-Zdrój,village,598,50.68558,16.82036,dolnośląskie
457485723,Halinów,town,3740,52.22586,21.35295,mazowieckie
460385086,Libertów,village,1952,49.97232,19.89645,małopolskie
462242785,Brójce,village,379,51.66391,19.64825,łódzkie
463300527,Gdów,village,4457,49.90850,20.19960,małopolskie
463302968,Czarny Dunajec,town,3772,49.44049,19.85356,małopolskie
463302969,Jabłonka,village,5447,49.48030,19.69487,małopolskie
463809608,Czyże,village,590,52.77947,23.42200,podlaskie
463969983,Dubiny,village,797,52.77064,23.58890,podlaskie
464006425,Kleszczele,town,1128,52.57417,23.32549,podlaskie
464168261,Milejczyce,village,1100,52.51965,23.13213,podlaskie
464168640,Czeremcha-Wieś,village,420,52.52994,23.31532,podlaskie
464168646,Czeremcha,village,2640,52.51410,23.35223,podlaskie
466219659,Szpetal Górny,village,2459,52.68324,19.10000,kujawsko-pomorskie
466224392,Lipno,town,13752,52.84739,19.17927,kujawsko-pomorskie
466315489,Bukowiec,village,1020,52.29344,16.24660,wielkopolskie
467765735,Bagno,village,456,51.33921,16.82038,dolnośląskie
467765743,Górowo,village,373,51.36745,16.80344,dolnośląskie
469829934,Żarnowo,village,422,53.73568,14.66377,zachodniopomorskie
471110379,Przybiernów,village,1700,53.75851,14.78597,zachodniopomorskie
471590475,Słońsk,village,2973,52.56493,14.80538,lubuskie
472379523,Krzywiń,town,1674,51.96293,16.81930,wielkopolskie
472381307,Jerka,village,1458,51.99901,16.85164,wielkopolskie
472400588,Krzaki Czaplinkowskie,village,636,51.97780,21.16349,mazowieckie
472602558,Czersk,village,783,51.95908,21.23199,mazowieckie
474593784,Police,town,30623,53.54864,14.56574,zachodniopomorskie
474688317,Wilkowice,village,6604,49.76263,19.09286,śląskie
474777594,Kazimierz,village,904,51.76889,19.20320,łódzkie
475552517,Bielawa,village,335,51.16021,17.25242,dolnośląskie
475981198,Kamionka-Kolonia,village,930,50.41720,22.33228,podkarpackie
476351115,Siedlisko,village,2200,52.98718,16.39134,wielkopolskie
477361544,Drezdenko,town,9400,52.83955,15.83067,lubuskie
477703420,Kały,village,312,50.83278,18.07569,opolskie
477775137,Murów,village,1334,50.86196,17.94599,opolskie
477789668,Kup,village,1111,50.80680,17.88314,opolskie
477813155,Pokój,village,1400,50.90179,17.83691,opolskie
477837928,Bażany,village,856,50.92844,18.17817,opolskie
477893961,Zawoja,village,7471,49.66002,19.55791,małopolskie
478404294,Sierpc,town,17308,52.85291,19.66754,mazowieckie
478405286,Skępe,town,3473,52.86716,19.34652,kujawsko-pomorskie
478406419,Mogowo,village,600,52.56484,20.76950,mazowieckie
478406788,Opinogóra Górna,village,630,52.90385,20.71432,mazowieckie
478406853,Kuczbork-Osada,village,310,53.08528,20.04732,mazowieckie
478407915,Rościszewo,village,813,52.90093,19.77481,mazowieckie
479155616,Rudyszwałd,village,1697,49.93955,18.29355,śląskie
479425679,Kosów Lacki,town,2013,52.59608,22.14718,mazowieckie
479807878,Tylice,village,603,51.11205,15.03426,dolnośląskie
482250617,Kamienna,village,441,51.07602,17.75997,opolskie
482729211,Turka,village,2640,51.28645,22.67696,lubelskie
482729213,Rudnik,village,536,51.28408,22.59699,lubelskie
484216106,Wisła,town,10887,49.65236,18.87093,śląskie
485971779,Boleszkowice,village,1405,52.72590,14.56816,zachodniopomorskie
487107903,Kuropatnik,village,829,50.74876,17.10844,dolnośląskie
489334513,Ukta,village,623,53.68847,21.49586,warmińsko-mazurskie
493160452,Krzyków,village,1147,51.10077,17.22060,dolnośląskie
493160453,Wojnowice,village,648,51.06402,17.25606,dolnośląskie
493764268,Chudów,village,1493,50.21329,18.77895,śląskie
493764269,Paniówki,village,2297,50.23169,18.78176,śląskie
496358513,Byków,village,598,51.19150,17.23607,dolnośląskie
496465710,Trzebiechów,village,920,52.02106,15.73692,lubuskie
496898566,Unikowice,village,344,50.44375,17.01351,opolskie
496898567,Dziewiętlice,village,538,50.41057,17.08122,opolskie
498468557,Kalety,town,8252,50.56363,18.88575,śląskie
499617382,Kamień,village,4484,50.33139,22.13694,podkarpackie
500581745,Mokas,village,360,52.27313,20.32709,mazowieckie
500751187,Drobin,town,2711,52.73780,19.98932,mazowieckie
500840286,Nędza,village,3114,50.16033,18.31077,śląskie
500840374,Kuźnia Raciborska,town,4794,50.20070,18.31057,śląskie
501562165,Przesieka,village,502,50.80875,15.66530,dolnośląskie
501576503,Babice,village,801,50.13675,18.29940,śląskie
503945899,Radymno,town,5114,49.95172,22.81831,podkarpackie
506176435,Dylągowa,village,550,49.77925,22.29583,podkarpackie
506203648,Dynów,town,6085,49.81348,22.23382,podkarpackie
507006319,Chyżne,village,1129,49.42576,19.67331,małopolskie
507007143,Korbielów,village,1200,49.58296,19.34301,śląskie
507009303,Chochołów,village,1201,49.37180,19.81630,małopolskie
507014566,Mszana Dolna,town,7854,49.67798,20.08201,małopolskie
507043957,Jordanów,town,5313,49.64929,19.82995,małopolskie
507043959,Bukowina Tatrzańska,village,2700,49.34230,20.10726,małopolskie
508068396,Dobczyce,town,6263,49.88034,20.09054,małopolskie
509252787,Waliły-Stacja,village,642,53.10897,23.64854,podlaskie
511039259,Duńkowice,village,804,49.96461,22.88947,podkarpackie
514049775,Kańczuga,town,2986,49.98437,22.41318,podkarpackie
514080074,Sieniawa,town,2031,50.17807,22.61022,podkarpackie
515351967,Różaniec,village,1308,50.33343,22.83127,lubelskie
521686142,Dąbrowica,village,917,50.54330,22.65842,lubelskie
523349279,Jodłówka,village,1706,49.89143,22.46508,podkarpackie
523349282,Rozbórz Długi,village,818,49.93310,22.49771,podkarpackie
524124149,Hel,town,2975,54.60664,18.80271,pomorskie
527840822,Kruszwica,town,9288,52.67438,18.32548,kujawsko-pomorskie
527841300,Lubanie,village,799,52.74323,18.91925,kujawsko-pomorskie
528078976,Koziegłowy,town,2409,50.59787,19.16152,śląskie
528672286,Oleśniczka,village,304,51.14697,17.28040,dolnośląskie
529115675,Słupia pod Bralinem,village,356,51.29280,17.79232,wielkopolskie
529115680,Trzcinica,village,511,51.16755,18.00518,wielkopolskie
529115709,Osowa,village,328,51.32701,18.22213,łódzkie
529115729,Domanin,village,300,51.34520,18.02284,wielkopolskie
529115828,Dąbrowa,village,1000,51.23133,18.54130,łódzkie
529115850,Ostrówek,village,410,51.36800,18.30762,łódzkie
529115928,Kościerzyn,village,400,51.62266,18.63897,łódzkie
529115929,Biskupice,village,560,51.64931,18.66719,łódzkie
529115933,Zapolice,village,730,51.54103,18.88207,łódzkie
529115941,Czechy,village,1600,51.60675,18.89846,łódzkie
529115982,Żdżenice,village,346,51.97783,18.41184,wielkopolskie
529115993,Dobra,town,1454,51.91618,18.61597,wielkopolskie
529138237,Brzeźce,village,601,50.32384,18.20657,opolskie
529399104,Stępin,village,391,51.21335,17.28506,dolnośląskie
529542296,Koło,town,20380,52.20199,18.63599,wielkopolskie
529763143,Nieszkowice Wielkie,village,508,49.90929,20.40200,małopolskie
530581528,Długomiłowice,village,1259,50.28197,18.14642,opolskie
530948805,Turze,village,843,50.19216,18.26455,śląskie
533904006,Budziska,village,716,50.20279,18.27671,śląskie
534289924,Łęg,village,451,50.14672,18.24218,śląskie
534416450,Dziergowice,village,1656,50.24161,18.28639,opolskie
534455067,Kobyla,village,1164,50.09092,18.29847,śląskie
535404804,Pietrowice Wielkie,village,2239,50.08450,18.09062,śląskie
535404924,Nowa Cerekwia,village,922,50.09328,17.92974,opolskie
535404940,Kietrz,town,5638,50.07963,18.00211,opolskie
538054254,Osiek,village,1961,50.24360,19.60003,małopolskie
539825598,Raszczyce,village,1068,50.12109,18.30008,śląskie
540397863,Brzeźnica,village,467,50.14775,18.22206,śląskie
543775438,Krępa,village,419,51.98595,21.08057,mazowieckie
543775712,Sobiekursk,village,381,52.02221,21.28932,mazowieckie
543775951,Jazgarzewszczyzna,village,447,52.06697,20.98289,mazowieckie
544229966,Mystków,village,1900,49.60587,20.78927,małopolskie
551562106,Spytkowice,village,3898,49.99498,19.50880,małopolskie
551570119,Pozowice,village,726,49.97465,19.69640,małopolskie
551979034,Tłuczań,village,980,49.95304,19.57753,małopolskie
555631425,Gołuchowice,village,486,49.94109,19.77272,małopolskie
559620492,Pstrążna,village,959,50.08911,18.35638,śląskie
559736649,Lubomia,village,3704,50.04023,18.30864,śląskie
560408831,Buszkowiczki,village,804,49.80775,22.81731,podkarpackie
560409124,Bolestraszyce,village,1665,49.81140,22.84167,podkarpackie
560411644,Medyka,village,2658,49.80580,22.93754,podkarpackie
560412657,Kalników,village,1171,49.91955,23.00913,podkarpackie
560469083,Głubczyce,town,12100,50.20011,17.83020,opolskie
560519308,Zduny,town,4387,51.64633,17.37762,wielkopolskie
560519383,Koźmin Wielkopolski,town,6304,51.82566,17.45285,wielkopolskie
560596229,Trzemeszno,town,7522,52.56007,17.82089,wielkopolskie
560596434,Pakość,town,5329,52.80733,18.08996,kujawsko-pomorskie
560719866,Krapkowice,town,15786,50.47474,17.96710,opolskie
560719867,Gogolin,town,6429,50.49251,18.01762,opolskie
562755844,Bratkówka,village,650,49.76024,21.71403,podkarpackie
562770382,Kombornia,village,1422,49.70918,21.87259,podkarpackie
562773189,Kostarowce,village,761,49.58515,22.11241,podkarpackie
562773347,Jurowce,village,420,49.59744,22.13534,podkarpackie
562773544,Srogów Górny,village,542,49.61037,22.14508,podkarpackie
562774122,Grabownica Starzeńska,village,3000,49.65835,22.07758,podkarpackie
562774410,Pakoszówka,village,945,49.62124,22.10690,podkarpackie
562786669,Godowa,village,2219,49.84468,21.81089,podkarpackie
562814544,Falejówka,village,643,49.62870,22.16056,podkarpackie
562814647,Krzanowice,town,2039,50.01793,18.12162,śląskie
562814659,Pietraszyn,village,300,50.03278,18.09247,śląskie
562814765,Raczkowa,village,360,49.63793,22.18498,podkarpackie
562820515,Bachórz,village,1133,49.83628,22.27487,podkarpackie
563338229,Kłecko,town,2608,52.63242,17.42829,wielkopolskie
563893662,Węgierska Górka,village,4080,49.60882,19.11959,śląskie
563916188,Milówka,village,4448,49.55766,19.08773,śląskie
564862539,Bogunice,village,795,50.13671,18.36449,śląskie
566488640,Błażowa,town,2116,49.88560,22.10080,podkarpackie
566497621,Husów,village,1988,49.97773,22.29006,podkarpackie
566562478,Hanusek,village,592,50.50723,18.76570,śląskie
566562479,Boruszowice,village,964,50.51291,18.77010,śląskie
567145434,Głuchołazy,town,13143,50.31708,17.38338,opolskie
568037771,Prudnik,town,19747,50.32172,17.58010,opolskie
568060456,Głogówek,town,5642,50.35344,17.86193,opolskie
568114734,Karczów,village,672,50.70354,17.78417,opolskie
570758201,Dobrodzień,town,3510,50.72886,18.44434,opolskie
571590793,Niechobrz,village,2958,49.98228,21.86904,podkarpackie
573393692,Tomice,village,504,52.00851,21.15751,mazowieckie
573393731,Moczydłów,village,391,51.99797,21.20251,mazowieckie
577422367,Okocim,village,1951,49.94666,20.61667,małopolskie
577422368,Jasień,village,3377,49.97023,20.56990,małopolskie
577438520,Nieczajna Górna,village,1359,50.17004,21.06404,małopolskie
577451385,Wadowice Górne,village,1217,50.26207,21.29851,podkarpackie
581911029,Biadoliny Szlacheckie,village,917,49.99678,20.75123,małopolskie
581913600,Bobrowniki Wielkie,village,784,50.06301,20.91586,małopolskie
582525290,Jaroszów,village,2020,50.98785,16.41986,dolnośląskie
582638676,Kłaczyna,village,605,50.94281,16.19547,dolnośląskie
582820938,Zamienie,village,1506,52.11365,20.97203,mazowieckie
583142889,Czarna,village,2770,50.06110,21.24719,podkarpackie
585249787,Kulno,village,600,50.33148,22.48671,podkarpackie
589687565,Zamość,village,1373,53.07414,17.80788,kujawsko-pomorskie
589895888,Wałdowo Królewskie,village,704,53.15543,18.27329,kujawsko-pomorskie
592644327,Borucin,village,1088,50.00954,18.15778,śląskie
596213829,Krzepice,town,4244,50.97070,18.72552,śląskie
596446095,Biała,town,2348,50.38536,17.65991,opolskie
596447807,Kolonowskie,town,3183,50.65286,18.38311,opolskie
597656543,Korfantów,town,1723,50.48798,17.59842,opolskie
597719872,Blachownia,town,9334,50.78202,18.96843,śląskie
598172733,Nekla,town,3831,52.36562,17.41446,wielkopolskie
598184809,Nowe,town,5579,53.64623,18.72905,kujawsko-pomorskie
598617974,Piechowice,town,5952,50.84947,15.59760,dolnośląskie
598619294,Polkowice,town,21786,51.50393,16.07134,dolnośląskie
598897307,Kowal,town,3386,52.53084,19.14994,kujawsko-pomorskie
598898210,Brześć Kujawski,town,4562,52.60482,18.90155,kujawsko-pomorskie
598899114,Aleksandrów Kujawski,town,11474,52.87654,18.69357,kujawsko-pomorskie
598900398,Ciechocinek,town,9995,52.88255,18.79069,kujawsko-pomorskie
598903372,Gniewkowo,town,6879,52.89443,18.40668,kujawsko-pomorskie
598905046,Barcin,town,7179,52.86323,17.94725,kujawsko-pomorskie
598907093,Pajęczno,town,6337,51.14688,18.99570,łódzkie
598921475,Miasteczko Śląskie,town,7103,50.49157,18.92302,śląskie
599266728,Brańsk,town,3583,52.74541,22.83282,podlaskie
599268599,Łapy,town,14790,52.99082,22.88301,podlaskie
599688542,Wielki Komorsk,village,1376,53.58726,18.66952,kujawsko-pomorskie
599994175,Polanka Wielka,village,3800,49.98383,19.30742,małopolskie
600044435,Kcynia,town,4355,52.99177,17.48737,kujawsko-pomorskie
600356053,Lubraniec,town,2825,52.54308,18.83158,kujawsko-pomorskie
602099835,Brok,town,1777,52.69893,21.86018,mazowieckie
602101718,Baborów,town,2870,50.15636,17.98594,opolskie
602499181,Kołaczyce,town,1390,49.80766,21.43405,podkarpackie
605277772,Pakosławice,village,500,50.54545,17.36190,opolskie
605277775,Chróścina,village,1433,50.62322,17.36806,opolskie
605277787,Kolnica,village,1000,50.75123,17.34161,opolskie
605277834,Godzikowice,village,804,50.91003,17.31148,dolnośląskie
605279833,Przełęk,village,530,50.41108,17.33329,opolskie
606283510,Żabnica,village,3120,49.58296,19.15031,śląskie
606349303,Skarbimierz-Osiedle,village,1845,50.84670,17.41928,opolskie
612078918,Ornontowice,village,5291,50.18551,18.75987,śląskie
613084173,Bielawa,town,28896,50.68417,16.61183,dolnośląskie
613353790,Filipów,village,2113,54.17963,22.62159,podlaskie
615947999,Tułowice,town,3748,50.59542,17.65331,opolskie
617882687,Wierzbie,village,565,50.52858,17.58752,opolskie
624613954,Gracze,village,1532,50.69649,17.55224,opolskie
624614338,Magnuszowice,village,334,50.69531,17.59835,opolskie
628689047,Budzów,village,1100,50.58216,16.69402,dolnośląskie
633178436,Gulcz,village,600,52.87823,16.37502,wielkopolskie
633178703,Goraj,village,322,52.86587,16.49690,wielkopolskie
633180474,Rosko,village,1271,52.87338,16.31765,wielkopolskie
633180878,Wrzeszczyna,village,569,52.87621,16.23776,wielkopolskie
633183747,Miały,village,869,52.80772,16.17388,wielkopolskie
633191542,Ryczywół,village,2549,52.81252,16.83258,wielkopolskie
633199200,Połajewo,village,2237,52.79965,16.73416,wielkopolskie
634167450,Chorkówka,village,865,49.65081,21.67293,podkarpackie
634167455,Żarnowiec,village,1094,49.69518,21.65549,podkarpackie
634167458,Jedlicze,town,5574,49.71415,21.64215,podkarpackie
634168000,Łęki Dukielskie,village,1535,49.60507,21.66720,podkarpackie
634168228,Bajdy,village,632,49.76281,21.67047,podkarpackie
634622759,Trzcinica,village,2339,49.74198,21.41914,podkarpackie
634623664,Skołyszyn,village,2046,49.75211,21.33527,podkarpackie
634638584,Moderówka,village,1265,49.75541,21.62233,podkarpackie
634639070,Przybówka,village,838,49.79243,21.64902,podkarpackie
634659940,Pagorzyna,village,751,49.68879,21.33293,małopolskie
634659944,Łazy Dębowieckie,village,636,49.68824,21.43061,podkarpackie
634659965,Glinik Polski,village,517,49.69144,21.55144,podkarpackie
634971150,Juncewo,village,397,52.83408,17.52792,kujawsko-pomorskie
635561654,Iwonicz-Zdrój,town,1619,49.56967,21.79323,podkarpackie
636284675,Mostki,village,576,52.26621,15.39341,lubuskie
637043392,Sławno,village,438,51.39205,20.13990,łódzkie
638344968,Kobylin,town,3190,51.71636,17.22476,wielkopolskie
642470347,Wolica,village,364,50.62896,20.36317,świętokrzyskie
642974860,Wiżajny,village,882,54.36735,22.86651,podlaskie
646891085,Ruda,village,1535,50.50076,21.99385,podkarpackie
652831377,Borowe,village,450,51.48397,15.12704,lubuskie
658936332,Dębno,village,1318,50.20205,22.51825,podkarpackie
663676762,Leśnica,town,2599,50.42856,18.18499,opolskie
666846538,Barcice,village,2783,49.52510,20.65146,małopolskie
669004998,Psary,village,1299,50.61350,18.96640,śląskie
669004999,Babienica,village,1084,50.62210,18.97276,śląskie
669573875,Działoszyn,village,597,50.97868,14.95037,dolnośląskie
670889017,Bierna,village,1153,51.03134,15.12174,dolnośląskie
676109817,Krośniewice,town,4141,52.25606,19.16893,łódzkie
676715580,Łubiana,village,2329,54.11108,17.87018,pomorskie
681369413,Łukta,village,1235,53.80491,20.08397,warmińsko-mazurskie
685134505,Pobiedna,village,1267,50.93889,15.29695,dolnośląskie
685219308,Dębiniec,village,373,50.87700,18.08245,opolskie
685489014,Czchów,town,2364,49.83394,20.67315,małopolskie
686732234,Rybarzowice,village,3448,49.73003,19.09586,śląskie
687482070,Lutomia Górna,village,1025,50.75169,16.51032,dolnośląskie
687482071,Bystrzyca Górna,village,658,50.78249,16.45649,dolnośląskie
687482074,Burkatów,village,645,50.79502,16.46655,dolnośląskie
687482079,Bystrzyca Dolna,village,692,50.80943,16.47496,dolnośląskie
687482098,Lutomia Dolna,village,947,50.75940,16.53929,dolnośląskie
687482099,Grodziszcze,village,852,50.79851,16.56240,dolnośląskie
687784259,Jełowa,village,2000,50.79980,18.07288,opolskie
688090737,Bytomsko,village,757,49.81895,20.45449,małopolskie
688092319,Pasierbiec,village,532,49.75956,20.37861,małopolskie
692601085,Komorowo,village,2077,52.82884,21.84752,mazowieckie
692601089,Małkinia Górna,town,5514,52.69320,22.03512,mazowieckie
692601092,Rutki-Kossaki,village,1285,53.08925,22.44037,podlaskie
692601096,Brańszczyk,village,1342,52.62820,21.58485,mazowieckie
692601100,Orla,village,907,52.70299,23.33219,podlaskie
692601106,Boćki,village,1391,52.65128,23.04264,podlaskie
692601110,Fasty,village,1000,53.16978,23.05809,podlaskie
692601113,Długosiodło,village,1416,52.75958,21.59290,mazowieckie
692601117,Klukowo,village,596,52.77687,22.50712,podlaskie
692601168,Krypno Wielkie,village,958,53.27269,22.86638,podlaskie
692601200,Łyski,village,366,53.15131,23.03585,podlaskie
692601284,Klejniki,village,490,52.84090,23.40175,podlaskie
692601297,Kuraszewo,village,470,52.81351,23.47591,podlaskie
692601304,Augustowo,village,520,52.77389,23.12983,podlaskie
692601364,Grabowo,village,783,53.46526,22.15285,podlaskie
692601854,Grodzisk,village,554,52.58397,22.73842,podlaskie
692602019,Ceranów,village,674,52.63078,22.22799,mazowieckie
692602037,Topór,village,572,52.57199,21.83343,mazowieckie
692602043,Gwizdały,village,602,52.54976,21.62971,mazowieckie
692602144,Andrzejewo,village,926,52.83056,22.20069,mazowieckie
692602234,Jasienica,village,516,52.80466,22.04321,mazowieckie
692602388,Serafin,village,332,53.35736,21.61210,mazowieckie
692602410,Zalas,village,531,53.42478,21.56421,mazowieckie
692602413,Kamieńczyk,village,630,52.60318,21.54149,mazowieckie
692602419,Stare Bosewo,village,851,52.77088,21.55127,mazowieckie
692602433,Ogrodniki,village,464,52.56398,21.79438,mazowieckie
692602646,Lidzbark,town,7471,53.26280,19.82318,warmińsko-mazurskie
692602861,Mosty,village,1601,54.54746,17.78345,pomorskie
692602883,Nowa Wieś Lęborska,village,2800,54.55907,17.72537,pomorskie
692603100,Borowo,village,924,54.31977,18.29119,pomorskie
692603184,Łęczyce,village,1590,54.59293,17.86011,pomorskie
692603217,Łyśniewo Sierakowickie,village,542,54.35563,17.83922,pomorskie
692603244,Orle,village,2108,54.63630,18.17130,pomorskie
692603439,Baczyna,village,900,52.75510,15.11680,lubuskie
692603454,Białcz,village,619,52.67614,14.93960,lubuskie
692603474,Bogdaniec,village,1259,52.68915,15.07430,lubuskie
692603484,Brody,village,684,52.06112,15.43120,lubuskie
692603500,Brzozowiec,village,695,52.65514,15.36962,lubuskie
692603536,Chwalęcice,village,500,52.76858,15.20838,lubuskie
692603548,Czerwieńsk,town,3907,52.01306,15.42115,lubuskie
692603577,Gralewo,village,814,52.74998,15.38547,lubuskie
692603580,Gronów,village,451,51.98858,15.22621,lubuskie
692603585,Janczewo,village,1917,52.75642,15.35010,lubuskie
692603592,Jenin,village,1785,52.69820,15.09963,lubuskie
692603600,Kłodawa,village,2500,52.78906,15.21356,lubuskie
692603601,Kołczyn,village,368,52.61153,15.11993,lubuskie
692603616,Łagodzin,village,398,52.68371,15.24899,lubuskie
692603618,Łagów,village,426,51.98673,15.26770,lubuskie
692603624,Lemierzyce,village,643,52.56674,14.91409,lubuskie
692603633,Lubiszyn,village,768,52.78004,14.94703,lubuskie
692603635,Lubniewice,town,2015,52.51196,15.24410,lubuskie
692603638,Łupowo,village,859,52.70618,15.13478,lubuskie
692603656,Murzynowo,village,1000,52.64242,15.45076,lubuskie
692603664,Osiecko,village,420,52.51746,15.29923,lubuskie
692603674,Płoty,village,971,51.98830,15.41082,lubuskie
692603683,Przytoczna,village,2318,52.57760,15.67994,lubuskie
692603684,Przytok,village,888,51.95881,15.62464,lubuskie
692603695,Rudnica,village,375,52.60966,15.18964,lubuskie
692603697,Santocko,village,697,52.78906,15.15886,lubuskie
692603699,Santok,village,822,52.73883,15.41061,lubuskie
692603721,Świerkocin,village,300,52.65326,14.99857,lubuskie
692603729,Trzebiszewo,village,640,52.63142,15.39790,lubuskie
692603740,Wilkanowo,village,1178,51.92148,15.43525,lubuskie
692603750,Wojcieszyce,village,920,52.79363,15.27192,lubuskie
692603751,Zemsko,village,420,52.53623,15.46115,lubuskie
692603752,Zielin,village,704,52.80355,14.57465,zachodniopomorskie
692603755,Zwierzyn,village,1330,52.83757,15.58318,lubuskie
692603763,Deszczno,village,1343,52.67207,15.30964,lubuskie
692603764,Rokitno,village,470,52.54958,15.63942,lubuskie
692603769,Różanki,village,1200,52.79662,15.32684,lubuskie
692603771,Tomaszów Bolesławiecki,village,1821,51.26033,15.68231,dolnośląskie
692603777,Dziwiszów,village,1284,50.94004,15.79375,dolnośląskie
692603778,Podgórzyn,village,1789,50.83175,15.68359,dolnośląskie
692603781,Wilków,village,1051,51.09343,15.92678,dolnośląskie
692603782,Giebułtów,village,1801,50.97878,15.34872,dolnośląskie
692603806,Nowa Wieś,village,610,51.26396,15.40987,dolnośląskie
692603850,Mysłów,village,625,50.93317,15.98102,dolnośląskie
692603861,Przedwojów,village,630,50.75494,16.01794,dolnośląskie
692603863,Miszkowice,village,596,50.71581,15.92702,dolnośląskie
692603868,Szklary Dolne,village,693,51.42514,16.04045,dolnośląskie
692603873,Trzebnice,village,950,51.38235,16.00022,dolnośląskie
692603924,Grzymalin,village,595,51.27568,16.09398,dolnośląskie
692603931,Radziechów,village,537,51.23559,15.81815,dolnośląskie
692603934,Wojcieszyn,village,546,51.14471,15.83199,dolnośląskie
692603962,Lubiechowa,village,563,50.99728,15.85614,dolnośląskie
692603964,Czernica,village,740,50.97763,15.71543,dolnośląskie
692603968,Gierałtowiec,village,559,51.17944,15.99157,dolnośląskie
692604250,Sława,town,4170,51.88070,16.07025,lubuskie
692604279,Brzeźnica,village,833,51.71518,15.39139,lubuskie
692604365,Chełmek,town,8669,50.10033,19.25426,małopolskie
692604370,Gorzów,village,2400,50.07996,19.23260,małopolskie
692604382,Targanice,village,3912,49.81303,19.32923,małopolskie
692604404,Jaroszowice,village,1763,49.86259,19.51911,małopolskie
692604451,Kurów,village,638,49.72214,19.43921,małopolskie
692604464,Łaziska Górne,town,21592,50.15009,18.83907,śląskie
692604468,Goczałkowice-Zdrój,village,6621,49.94372,18.96605,śląskie
692604471,Wilamowice,town,3164,49.91674,19.15247,śląskie
692604475,Przyszowice,village,3203,50.24940,18.74205,śląskie
692604478,Wilcza,village,2138,50.19232,18.59063,śląskie
692604485,Orzesze,town,21631,50.14389,18.77557,śląskie
692604500,Gostyń,village,4532,50.10105,18.88297,śląskie
692604506,Międzyrzecze,village,754,50.02388,19.06428,śląskie
692604509,Miedźna,village,1745,49.97720,19.05034,śląskie
692604516,Bujaków,village,2230,49.85222,19.19344,śląskie
692604520,Kozy,village,12744,49.84629,19.14517,śląskie
692604523,Ochaby Wielkie,village,963,49.85245,18.76024,śląskie
692604532,Międzybrodzie Bialskie,village,3294,49.78745,19.19429,śląskie
692604535,Bystra,village,3887,49.76047,19.06000,śląskie
692604542,Meszna,village,2248,49.74637,19.06311,śląskie
692604545,Łodygowice,village,6925,49.73046,19.14033,śląskie
692604548,Buczkowice,village,4102,49.72853,19.06916,śląskie
692604554,Zarzecze,village,1319,49.71919,19.17537,śląskie
692604557,Pietrzykowice,village,4339,49.69937,19.16082,śląskie
692604569,Laliki,village,1025,49.53180,19.01387,śląskie
692604579,Palowice,village,1468,50.09878,18.72563,śląskie
692604580,Pogrzebień,village,1215,50.06663,18.29790,śląskie
692604581,Jankowice,village,4037,50.04642,18.55749,śląskie
692604582,Studzienice,village,2229,50.02175,18.98345,śląskie
692604583,Wola,village,7815,50.01749,19.11934,śląskie
692604584,Dankowice,village,2836,49.93131,19.10805,śląskie
692604585,Kaniów,village,3500,49.93415,19.05034,śląskie
692604587,Hecznarowice,village,2316,49.90178,19.16771,śląskie
692604604,Bestwina,village,4982,49.89744,19.05858,śląskie
692604607,Rudzica,village,3186,49.85577,18.88792,śląskie
692604617,Jaworze,village,6723,49.79248,18.94034,śląskie
692604623,Ślemień,village,2019,49.71897,19.37113,śląskie
692604651,Sopotnia Wielka,village,2000,49.59274,19.29568,śląskie
692604692,Grzawa,village,469,49.96635,19.05569,śląskie
692604696,Międzybrodzie Żywieckie,village,1448,49.76945,19.22190,śląskie
692604713,Górki Śląskie,village,1057,50.14376,18.39099,śląskie
692604715,Maków,village,649,50.11002,18.07797,śląskie
692604718,Łańce,village,541,50.08039,18.33002,śląskie
692604725,Frydek,village,1140,49.99864,19.06704,śląskie
692604726,Góra,village,3118,49.97756,19.10433,śląskie
692604729,Stara Wieś,village,2123,49.90857,19.11437,śląskie
692604742,Grodziec,village,1285,49.80064,18.86948,śląskie
692604748,Bierna,village,933,49.72773,19.17078,śląskie
692604751,Godziszka,village,2207,49.71286,19.07536,śląskie
692604753,Kalna,village,775,49.70873,19.10431,śląskie
692604758,Ostre,village,438,49.66129,19.08510,śląskie
692604759,Twardorzeczka,village,1204,49.66042,19.10728,śląskie
692604781,Sól,village,1334,49.48789,19.02827,śląskie
692604792,Racławice Śląskie,village,1600,50.31090,17.77245,opolskie
692604793,Bierawa,village,1410,50.28106,18.24245,opolskie
692604794,Pawłowiczki,village,1300,50.24371,18.04758,opolskie
692604796,Grobniki,village,883,50.19592,17.87022,opolskie
692604799,Branice,town,2300,50.05062,17.79442,opolskie
692604800,Gościęcin,village,760,50.28303,18.00258,opolskie
692604801,Cisek,village,1104,50.28107,18.20193,opolskie
692604804,Klisino,village,598,50.30425,17.81073,opolskie
692604815,Głubczyce-Sady,village,550,50.22854,17.82218,opolskie
692604834,Dzierżysław,village,615,50.04790,17.96848,opolskie
692604839,Pilszcz,village,755,49.99796,17.91958,opolskie
692604840,Łany,village,719,50.21348,18.19491,opolskie
692604860,Polska Cerekiew,village,1244,50.22719,18.12626,opolskie
692604867,Roszowicki Las,village,590,50.25610,18.22387,opolskie
692604870,Ostrożnica,village,1000,50.24455,18.08453,opolskie
692604877,Urbanowice,village,660,50.29899,18.03109,opolskie
692604881,Kobylice,village,516,50.31602,18.16556,opolskie
692604888,Landzmierz,village,572,50.29910,18.20338,opolskie
692604889,Rudołtowice,village,1143,49.95783,19.00465,śląskie
692604890,Ćwiklice,village,2905,49.97183,18.98483,śląskie
692604910,Czerwionka-Leszczyny,town,27014,50.14500,18.65320,śląskie
692604911,Gilowice,village,4566,49.99833,19.09330,śląskie
692604913,Wojnowice,village,522,50.11400,17.88025,opolskie
692604914,Masłów Pierwszy,village,1762,50.90319,20.72803,świętokrzyskie
692604915,Nowiny,village,2492,50.82444,20.53165,świętokrzyskie
692605123,Siedlec,village,506,50.69906,19.36782,śląskie
692605173,Ostroszowice,village,1845,50.64377,16.63894,dolnośląskie
692605218,Niedźwiednik,village,430,50.58283,16.95136,dolnośląskie
692605302,Przedborowa,village,827,50.64178,16.72432,dolnośląskie
692605340,Olbrachcice Wielkie,village,643,50.60656,16.78187,dolnośląskie
692605361,Tarnów,village,552,50.57869,16.78900,dolnośląskie
692605410,Brzeźnica,village,515,50.53829,16.73148,dolnośląskie
692605430,Lubnów,village,573,50.50876,17.01793,dolnośląskie
692605444,Ożary,village,589,50.49123,16.82655,dolnośląskie
692605527,Laski,village,684,50.44309,16.79284,dolnośląskie
692605590,Goświnowice,village,1346,50.48778,17.25222,opolskie
692605622,Jasienica Dolna,village,856,50.51708,17.49964,opolskie
692605625,Piątkowice,village,370,50.51305,17.45937,opolskie
692605633,Jędrzychów,village,1024,50.48844,17.30401,opolskie
692605656,Niwnica,village,809,50.44991,17.38897,opolskie
692605661,Jarnołtów,village,500,50.36570,17.23094,opolskie
692605674,Krasna Góra,village,302,50.63191,17.48699,opolskie
692605694,Brzeziny,village,340,50.60530,17.43651,opolskie
692605707,Biechów,village,393,50.55603,17.25945,opolskie
692605723,Lipniki,village,650,50.54174,17.09235,opolskie
692605739,Radzikowice,village,391,50.51111,17.27759,opolskie
692605740,Maciejowice,village,750,50.50173,17.13978,opolskie
692605744,Ligota Wielka,village,340,50.48643,17.11132,opolskie
692605747,Gościce,village,460,50.43239,16.97981,opolskie
692605748,Wierzbno,village,366,50.43076,17.19741,opolskie
692605749,Ujeździec,village,443,50.43256,17.04876,opolskie
692605753,Buków,village,490,50.42010,17.22550,opolskie
692605754,Morów,village,338,50.41732,17.29475,opolskie
692605757,Kałków,village,620,50.40574,17.18718,opolskie
692605759,Lipowa,village,445,50.40120,17.46519,opolskie
692605761,Łąka,village,407,50.39156,17.21259,opolskie
692605768,Burgrabice,village,750,50.35452,17.27887,opolskie
692605770,Gierałcice,village,882,50.33801,17.32059,opolskie
692605771,Bielice,village,882,50.55703,17.49435,opolskie
692605772,Lasocice,village,473,50.53551,17.46182,opolskie
692605773,Mańkowice,village,700,50.49507,17.47683,opolskie
692605774,Domaszkowice,village,642,50.45088,17.43882,opolskie
692605778,Lubrza,village,988,50.33526,17.62803,opolskie
692605779,Łąka Prudnicka,village,1270,50.31122,17.52841,opolskie
692605780,Moszczanka,village,1116,50.29697,17.48670,opolskie
692605781,Konradów,village,992,50.29484,17.40138,opolskie
692605787,Jarnołtówek,village,771,50.28453,17.42603,opolskie
692605791,Prężynka,village,320,50.35643,17.61377,opolskie
692605792,Charbielin,village,860,50.33286,17.43031,opolskie
692605796,Podlesie,village,310,50.28280,17.34870,opolskie
692605797,Gryżów,village,323,50.40507,17.50108,opolskie
692605799,Przydroże Małe,village,344,50.44293,17.57160,opolskie
692605804,Kuźnica Ligocka,village,397,50.51143,17.66309,opolskie
692605806,Puszyna,village,365,50.45983,17.62346,opolskie
692605809,Grodziszcze,village,485,50.62496,16.65536,dolnośląskie
692605814,Ławica,village,336,50.47732,16.66766,dolnośląskie
692605816,Dytmarów,village,559,50.31289,17.66162,opolskie
692605820,Czyżowice,village,300,50.36429,17.58436,opolskie
692608320,Czarnocin,village,1278,51.58887,19.68293,łódzkie
692608333,Głuchów,village,1046,51.78003,20.07457,łódzkie
692608340,Grabów,town,1003,52.12736,19.00855,łódzkie
692608366,Ksawerów,village,6915,51.68267,19.40162,łódzkie
692608373,Lipce Reymontowskie,village,1329,51.89970,19.94209,łódzkie
692608385,Mirosławice,village,542,51.75873,19.25034,łódzkie
692608412,Petrykozy,village,409,51.68496,19.30597,łódzkie
692608426,Radziwiłłów,village,903,51.99368,20.28912,mazowieckie
692608430,Rogów,village,1565,51.81563,19.88768,łódzkie
692608506,Witonia,village,1064,52.14700,19.29433,łódzkie
692609018,Mierzyn,village,612,51.25607,19.67591,łódzkie
692609182,Dębówka,village,472,51.27677,22.48290,lubelskie
692609203,Grybów,town,6010,49.62509,20.94465,małopolskie
692609206,Barwałd Średni,village,1387,49.86507,19.59701,małopolskie
692609216,Jawornik,village,3070,49.85501,19.90022,małopolskie
692609222,Harbutowice,village,1800,49.81683,19.78328,małopolskie
692609234,Tarnawa Dolna,village,1500,49.77953,19.57677,małopolskie
692609235,Zembrzyce,village,2228,49.77377,19.60066,małopolskie
692609237,Kasinka Mała,village,3388,49.70246,20.03700,małopolskie
692609238,Białka,village,2500,49.69204,19.67126,małopolskie
692609242,Skawica,village,2600,49.67936,19.63051,małopolskie
692609247,Paszyn,village,2070,49.62501,20.78180,małopolskie
692609248,Lubomierz,village,2146,49.61358,20.18765,małopolskie
692609258,Podwilk,village,2396,49.54350,19.73109,małopolskie
692609259,Jazowsko,village,1767,49.52978,20.51713,małopolskie
692609260,Łabowa,village,1100,49.52750,20.85531,małopolskie
692609262,Łopuszna,village,1684,49.47887,20.13290,małopolskie
692609264,Gronków,village,1704,49.44030,20.08732,małopolskie
692609268,Jurgów,village,968,49.34052,20.13862,małopolskie
692609269,Witów,village,1500,49.32599,19.82437,małopolskie
692609271,Łękawica,village,1390,49.84052,19.58122,małopolskie
692609296,Sękowa,village,1538,49.61282,21.20651,małopolskie
692609300,Chabówka,village,1560,49.59424,19.93139,małopolskie
692609306,Ząb,village,1975,49.33612,19.94819,małopolskie
692609309,Mucharz,village,1128,49.81202,19.55849,małopolskie
692609313,Budzów,village,8929,49.77410,19.66744,małopolskie
692609321,Szymbark,village,3073,49.62774,21.10842,małopolskie
692609327,Maciejowa,village,491,49.53355,20.82588,małopolskie
692609340,Podczerwone,village,984,49.40626,19.82705,małopolskie
692609366,Kiczory,village,687,49.53113,19.59098,małopolskie
692609373,Trute,village,560,49.49008,19.96883,małopolskie
692609422,Rytro,village,2273,49.49020,20.67019,małopolskie
692609436,Brzezna,village,2380,49.60137,20.61754,małopolskie
692609439,Łukowica,village,2323,49.60524,20.49290,małopolskie
692609449,Kadcza,village,1111,49.53538,20.53864,małopolskie
692609461,Kluszkowce,village,1886,49.45096,20.30147,małopolskie
692609463,Ochotnica Dolna,village,2100,49.52557,20.32021,małopolskie
692609464,Ochotnica Górna,village,2160,49.51295,20.24923,małopolskie
692609473,Gliczarów Górny,village,573,49.34963,20.05138,małopolskie
692609474,Nowe Bystre,village,1315,49.34211,19.92096,małopolskie
692609475,Ratułów,village,2084,49.37171,19.89587,małopolskie
692609480,Zalesie,village,1015,49.62571,20.34844,małopolskie
692609490,Pyzówka,village,1020,49.51522,19.93768,małopolskie
692609491,Ludźmierz,village,2626,49.46954,19.97605,małopolskie
692609492,Zaskale,village,1591,49.44560,19.99612,małopolskie
692609493,Rogoźnik,village,959,49.44421,19.94258,małopolskie
692609494,Stare Bystre,village,1600,49.42636,19.91731,małopolskie
692609496,Maruszyna,village,1982,49.42058,19.98109,małopolskie
692609501,Suche,village,1253,49.33712,19.98329,małopolskie
692609503,Dzianisz,village,2410,49.33130,19.86764,małopolskie
692609508,Odrowąż,village,959,49.49683,19.85784,małopolskie
692609509,Pieniążkowice,village,881,49.50139,19.88467,małopolskie
692609512,Piekielnik,village,2381,49.48551,19.78433,małopolskie
692609516,Podsarnie,village,811,49.55307,19.78724,małopolskie
692609518,Lipnica Wielka,village,5244,49.48497,19.62922,małopolskie
692609525,Łapsze Wyżne,village,976,49.39478,20.19235,małopolskie
692609535,Bystra,village,1516,49.65698,21.09286,małopolskie
692609537,Siary,village,736,49.62810,21.17762,małopolskie
692609584,Nowy Glinik,village,631,49.68665,21.52262,podkarpackie
692609604,Piwniczna-Zdrój,town,5322,49.44065,20.71423,małopolskie
692609627,Barkweda,village,532,53.86527,20.37786,warmińsko-mazurskie
692609644,Biskupiec,village,1762,53.50176,19.34862,warmińsko-mazurskie
692609893,Gronowo Elbląskie,village,1440,54.08619,19.30683,warmińsko-mazurskie
692609951,Jasna,village,424,54.00347,19.30525,pomorskie
692610182,Kamińsk,village,896,54.31954,20.44787,warmińsko-mazurskie
692610384,Morąg,town,13317,53.91200,19.92799,warmińsko-mazurskie
692610442,Podągi,village,314,54.08163,20.03781,warmińsko-mazurskie
692610657,Nikielkowo,village,761,53.79835,20.57653,warmińsko-mazurskie
692610709,Łojki,village,1301,50.79249,19.00958,śląskie
692610711,Wojkowice,town,8437,50.36529,19.03662,śląskie
692610712,Czarna Wieś,village,545,50.81672,18.85686,śląskie
692610714,Kochcice,village,2000,50.70817,18.68931,śląskie
692610717,Pawonków,village,1496,50.69491,18.58230,śląskie
692610719,Lipie,village,1064,51.01265,18.79722,śląskie
692610720,Ostrowy nad Okszą,village,2043,50.97434,19.05739,śląskie
692610722,Chruszczobród,village,1648,50.41660,19.31317,śląskie
692610726,Witkowice,village,645,50.91167,19.30667,śląskie
692610731,Zawada,village,718,50.67632,19.12480,śląskie
692610735,Koty,village,843,50.55188,18.69931,śląskie
692610742,Rędziny,village,4691,50.86439,19.22357,śląskie
692610744,Turów,village,559,50.76776,19.32007,śląskie
692610754,Dąbie,village,850,50.40563,19.13731,śląskie
692610756,Trębaczew,village,2255,51.13020,18.92160,łódzkie
692610772,Łubnice,village,1027,51.15792,18.29344,łódzkie
692610773,Komorniki,village,604,51.15087,18.46245,łódzkie
692610794,Rudniki,village,815,51.03728,18.60006,opolskie
692610797,Wierzbica Górna,village,1141,51.03110,17.98235,opolskie
692610807,Dziewkowice,village,1340,50.51496,18.33657,opolskie
692610855,Biskupice,village,660,51.08153,18.19136,opolskie
692610908,Ligota Turawska,village,750,50.78636,18.18254,opolskie
692610924,Rożniątów,village,842,50.51077,18.24895,opolskie
692610936,Nowy Browiniec,village,431,50.34328,17.74009,opolskie
692610940,Głuszyna,village,871,51.16155,17.82100,opolskie
692611051,Lubienia,village,408,50.84274,17.77480,opolskie
692611054,Biadacz,village,671,50.73939,17.96174,opolskie
692611115,Otmice,village,1150,50.55792,18.15021,opolskie
692611122,Szymiszów-Osiedle,village,1200,50.53616,18.22220,opolskie
692611137,Domecko,village,1400,50.61774,17.86154,opolskie
692611143,Zawada,village,1200,50.71405,17.99304,opolskie
692611149,Steblów,village,1100,50.45590,17.93269,opolskie
692611170,Pisarzowice,village,320,50.41809,17.85725,opolskie
692611184,Raszowa,village,1041,50.39100,18.17545,opolskie
692611215,Kosorowice,village,859,50.57062,18.04628,opolskie
692611221,Toporów,village,540,51.15410,18.73473,łódzkie
692611259,Przechód,village,752,50.53517,17.66871,opolskie
692611386,Krasiejów,village,1918,50.66857,18.24802,opolskie
692611406,Woźniki,town,4228,50.58708,19.05953,śląskie
692611419,Kotórz Mały,village,1087,50.73074,18.04453,opolskie
692611443,Kępa,village,1245,50.70909,17.94117,opolskie
692611453,Karłowice,village,1214,50.87488,17.71152,opolskie
692611467,Dąbrowa,village,573,50.97353,17.79705,opolskie
692611504,Kielcza,village,1773,50.56675,18.54279,opolskie
692611530,Potępa,village,960,50.56626,18.66149,śląskie
692611558,Nowa Wieś Tworoska,village,909,50.52890,18.75127,śląskie
692611586,Szymonków,village,503,51.09443,17.97690,opolskie
692611589,Truskolasy,village,1968,50.86687,18.82742,śląskie
692611590,Panki,village,1884,50.88296,18.74550,śląskie
692611591,Przystajń,village,2306,50.88432,18.69208,śląskie
692611593,Kamień Śląski,village,1171,50.53880,18.07667,opolskie
692611594,Wyrazów,village,639,50.78460,19.00765,śląskie
692611596,Gwoździany,village,725,50.71978,18.52411,śląskie
692611597,Izbicko,village,1045,50.57421,18.15626,opolskie
692611598,Boguszyce,village,536,50.59324,17.93365,opolskie
692611604,Glinica,village,967,50.71805,18.63938,śląskie
692611610,Kujawy,village,644,50.44284,17.80606,opolskie
692611611,Dobra,village,750,50.45068,17.89847,opolskie
692611616,Chrząstowice,village,1281,50.66437,18.07220,opolskie
692611617,Schodnia,village,823,50.67944,18.19202,opolskie
692611620,Krośnica,village,900,50.61082,18.18224,opolskie
692611621,Daniec,village,1266,50.62028,18.13765,opolskie
692611623,Dębska Kuźnia,village,1247,50.66195,18.10974,opolskie
692611625,Racławiczki,village,900,50.46982,17.79413,opolskie
692611640,Łowkowice,village,585,50.43451,17.89180,opolskie
692611641,Kórnica,village,635,50.40544,17.90007,opolskie
692611642,Kromołów,village,469,50.40074,17.97283,opolskie
692611644,Brożec,village,774,50.41539,17.98190,opolskie
692611646,Prószków,town,2544,50.57867,17.86999,opolskie
692611648,Komorniki,village,474,50.43395,17.89949,opolskie
692611656,Dobrzeń Mały,village,757,50.74551,17.86699,opolskie
692611657,Dobrzeń Wielki,village,4614,50.76795,17.84708,opolskie
692611658,Chróścice,village,3000,50.78388,17.81532,opolskie
692611661,Kościelec,village,1706,50.89704,19.21708,śląskie
692611665,Cykarzew Północny,village,859,50.96485,19.17367,śląskie
692611672,Stary Cykarzew,village,572,50.95446,19.17278,śląskie
692611676,Grodziec,village,1335,50.70461,18.27945,opolskie
692611680,Kamienica,village,876,50.63480,18.99249,śląskie
692611681,Osiny,village,800,50.69157,19.18181,śląskie
692611687,Biała,village,1521,50.87822,19.05293,śląskie
692611695,Konin,village,960,50.86406,19.25343,śląskie
692611700,Srocko,village,401,50.79707,19.25545,śląskie
692611701,Zawada,village,651,50.81631,19.32563,śląskie
692611713,Biskupice,village,824,50.70658,19.28355,śląskie
692611716,Olsztyn,town,2499,50.74946,19.26869,śląskie
692611732,Czarny Las,village,1113,50.89299,19.08468,śląskie
692611735,Nakło,village,1246,50.58168,18.11805,opolskie
692611754,Kruszewo,village,889,52.97319,16.66052,wielkopolskie
692611755,Drawsko,village,1640,52.85437,16.03034,wielkopolskie
692611756,Miasteczko Krajeńskie,town,1067,53.09769,17.00730,wielkopolskie
692611759,Hanki,village,334,53.32055,16.14904,zachodniopomorskie
692611764,Rataje,village,799,52.99857,16.94908,wielkopolskie
692611773,Kuźnica Czarnkowska,village,994,52.94929,16.51314,wielkopolskie
692611853,Kotuń,village,690,53.12842,16.65004,wielkopolskie
692611854,Radolin,village,1000,53.00980,16.54464,wielkopolskie
692612035,Nowe Gulczewo,village,1710,52.53853,19.77596,mazowieckie
692612044,Janowiec Wielkopolski,town,3835,52.75673,17.48877,kujawsko-pomorskie
692612079,Chełmno,village,420,52.49707,16.32180,wielkopolskie
692612115,Gałowo,village,1130,52.59815,16.56457,wielkopolskie
692612146,Jastrowo,village,300,52.59537,16.53009,wielkopolskie
692612176,Kiszkowo,village,1171,52.59009,17.26186,wielkopolskie
692612201,Kołaczkowo,village,898,52.21731,17.62434,wielkopolskie
692612231,Lipnica,village,629,52.57065,16.47033,wielkopolskie
692612233,Łubowo,village,1013,52.51317,17.45592,wielkopolskie
692612241,Niegosław,village,955,52.81244,15.87033,lubuskie
692612265,Popówko,village,461,52.63039,16.67122,wielkopolskie
692612356,Wierzyce,village,400,52.45473,17.38701,wielkopolskie
692612429,Brodziszewo,village,424,52.56918,16.51886,wielkopolskie
692612629,Mieleszyn,village,759,52.66879,17.49900,wielkopolskie
692612632,Mieścisko,town,2410,52.74367,17.32947,wielkopolskie
692612735,Popowo Kościelne,village,720,52.70985,17.26268,wielkopolskie
692612755,Rudki,village,300,52.60625,16.47696,wielkopolskie
692613114,Kurnatowice,village,341,52.58658,16.06665,wielkopolskie
692613164,Mutowo,village,515,52.63438,16.59511,wielkopolskie
692613997,Rymanów,town,3634,49.57613,21.86764,podkarpackie
692613998,Olszanica,village,1200,49.47866,22.44419,podkarpackie
692614000,Bircza,town,1045,49.69122,22.48043,podkarpackie
692614005,Posada Górna,village,1600,49.55792,21.85563,podkarpackie
692614009,Czaszyn,village,1582,49.44941,22.21710,podkarpackie
692614010,Rzepedź,village,1239,49.38497,22.11180,podkarpackie
692614011,Baligród,village,1338,49.33680,22.28663,podkarpackie
692614013,Klimkówka,village,1852,49.58099,21.82316,podkarpackie
692614014,Jasionka,village,1150,49.54969,21.72603,podkarpackie
692614016,Lubatowa,village,3550,49.54604,21.75949,podkarpackie
692614019,Dubiecko,town,845,49.82532,22.39162,podkarpackie
692614029,Stara Bircza,village,549,49.69155,22.45860,podkarpackie
692614034,Pisarowce,village,808,49.55830,22.10202,podkarpackie
692614044,Jaśliska,village,480,49.44165,21.80235,podkarpackie
692614045,Posada Jaśliska,village,850,49.43992,21.81752,podkarpackie
692614051,Hoczew,village,757,49.42651,22.32270,podkarpackie
692614053,Bóbrka,village,843,49.41867,22.44778,podkarpackie
692614064,Mchawa,village,512,49.35399,22.27503,podkarpackie
692614067,Komańcza,village,835,49.33614,22.06976,podkarpackie
692614073,Polana,village,392,49.30384,22.57333,podkarpackie
692614087,Lutowiska,village,750,49.25069,22.69549,podkarpackie
692614103,Cisna,village,457,49.21318,22.32833,podkarpackie
692614130,Kupiatycze,village,411,49.70458,22.79193,podkarpackie
692614136,Młodowice,village,510,49.68444,22.77069,podkarpackie
692614240,Równia,village,607,49.40434,22.58961,podkarpackie
692614280,Czarna Dolna,village,363,49.33161,22.63299,podkarpackie
692614379,Rogóżno,village,1188,50.07589,22.37220,podkarpackie
692614386,Ostrów,village,1560,49.96412,22.78227,podkarpackie
692614389,Rokietnica,village,2516,49.90006,22.64278,podkarpackie
692614392,Łowce,village,1220,49.94074,22.73816,podkarpackie
692614412,Rudołowice,village,1117,49.94108,22.61557,podkarpackie
692614421,Pawłosiów,village,1848,49.99536,22.64551,podkarpackie
692614449,Łazy,village,879,49.98837,22.87081,podkarpackie
692614466,Morawsko,village,1048,49.96977,22.70263,podkarpackie
692614469,Roźwienica,village,756,49.95269,22.59206,podkarpackie
692614472,Siennów,village,982,49.96395,22.48870,podkarpackie
692614490,Zarzecze,village,1514,49.98756,22.53562,podkarpackie
692614496,Cieszacin Wielki,village,889,49.99392,22.59370,podkarpackie
692614511,Chłopice,village,992,49.94837,22.67459,podkarpackie
692614514,Widna Góra,village,1479,49.99525,22.66527,podkarpackie
692614577,Maleniska,village,546,50.00985,22.62356,podkarpackie
692614593,Lubatówka,village,1124,49.58353,21.75044,podkarpackie
692614606,Łączki Jagiellońskie,village,333,49.78856,21.69169,podkarpackie
692614623,Chałupki Dębniańskie,village,876,50.17221,22.51271,podkarpackie
692614815,Rybotycze,village,396,49.65562,22.64490,podkarpackie
692614929,Gać,village,1550,50.02750,22.36132,podkarpackie
692614968,Niebieszczany,village,2199,49.50710,22.15457,podkarpackie
692614973,Prusiek,village,822,49.52241,22.13044,podkarpackie
692614982,Sanoczek,village,778,49.55276,22.14432,podkarpackie
692614987,Zabłotce,village,416,49.57529,22.15587,podkarpackie
692615012,Nowotaniec,village,423,49.50889,22.03017,podkarpackie
692615017,Pobiedno,village,573,49.52694,22.10427,podkarpackie
692615021,Wolica,village,306,49.50984,22.08727,podkarpackie
692615066,Kormanice,village,540,49.70010,22.73127,podkarpackie
692615555,Jastrzębia,village,989,51.49671,21.23705,mazowieckie
692615627,Augustów,village,535,51.52317,21.47155,mazowieckie
692615811,Młodocin Mniejszy,village,633,51.34110,21.02567,mazowieckie
692615821,Sławno,village,630,51.39034,21.03100,mazowieckie
692615846,Anielin,village,325,51.78241,21.28347,mazowieckie
692616052,Piaseczno,village,403,51.82383,21.19545,mazowieckie
692616407,Głuszyna,village,350,51.54886,20.65502,mazowieckie
692616516,Nowy Kiełbów,village,633,51.58345,20.98930,mazowieckie
692616595,Czarna Wieś,village,1075,51.43116,21.44007,mazowieckie
692616637,Bartodzieje,village,572,51.33530,21.48609,mazowieckie
692616757,Laski,village,705,51.47234,21.52093,mazowieckie
692617077,Przyłęk,village,818,50.27508,21.60486,podkarpackie
692617141,Łochów,town,6689,52.53042,21.68528,mazowieckie
692617388,Baczki,village,545,52.53570,21.77400,mazowieckie
692617538,Płociczno-Osiedle,village,500,54.03302,22.96621,podlaskie
692617540,Płociczno-Tartak,village,791,54.02312,22.98172,podlaskie
692617691,Płaska,village,441,53.90461,23.26441,podlaskie
692617858,Dolistowo Stare,village,564,53.55368,22.91744,podlaskie
692617894,Ruciane-Nida,town,4186,53.65042,21.55982,warmińsko-mazurskie
692617897,Piecki,village,3162,53.74918,21.34122,warmińsko-mazurskie
692617904,Kolonia Rybacka,village,453,54.18869,21.79169,warmińsko-mazurskie
692617957,Nowe Gizewo,village,1061,53.54511,21.02084,warmińsko-mazurskie
692618232,Romany,village,525,53.60202,20.99818,warmińsko-mazurskie
692618273,Świętajno,village,1772,53.56537,21.21795,warmińsko-mazurskie
692618596,Białuń,village,746,53.61142,14.85068,zachodniopomorskie
692619250,Grzybowo,village,1347,54.16010,15.49083,zachodniopomorskie
692619325,Karsko,village,1069,52.91097,15.11169,zachodniopomorskie
692619558,Mierzęcin,village,350,52.95442,15.83312,lubuskie
692619709,Nowogródek Pomorski,village,536,52.91165,15.02722,zachodniopomorskie
692620255,Radowo Małe,village,1015,53.66422,15.45073,zachodniopomorskie
692620410,Rymań,village,1171,53.94604,15.53443,zachodniopomorskie
692620510,Stare Kurowo,village,2010,52.85720,15.67243,lubuskie
692620675,Węgorza,village,439,53.65982,14.97765,zachodniopomorskie
692620797,Wrzosowo,village,794,54.01381,14.81378,zachodniopomorskie
692620812,Wyszobór,village,470,53.88652,15.32075,zachodniopomorskie
692621043,Witkowo Drugie,village,1298,53.29887,15.04247,zachodniopomorskie
692621060,Brzozówka,village,1344,50.05890,21.01461,małopolskie
692621082,Zaczarnie,village,1988,50.06223,21.06701,małopolskie
692621086,Radgoszcz,village,3700,50.20537,21.11131,małopolskie
692621313,Bochlin,village,813,53.67443,18.72508,kujawsko-pomorskie
692621606,Łąg,village,1119,53.82805,18.07076,pomorskie
692621804,Kaliska,village,2268,53.90519,18.21840,pomorskie
692621832,Nicponia,village,710,53.82533,18.81634,pomorskie
692621857,Smętowo Graniczne,village,1874,53.74809,18.68658,pomorskie
692621952,Gostycyn,village,1800,53.48890,17.80951,kujawsko-pomorskie
692621958,Złotniki Kujawskie,village,2400,52.90161,18.14152,kujawsko-pomorskie
692622028,Rojewo,village,603,52.90267,18.27559,kujawsko-pomorskie
692622144,Biskupice,village,556,53.14546,18.50853,kujawsko-pomorskie
692622198,Czernikowo,village,3038,52.94226,18.93730,kujawsko-pomorskie
692622441,Krobia,village,2218,53.03722,18.78330,kujawsko-pomorskie
692622451,Łazieniec,village,667,52.87166,18.71748,kujawsko-pomorskie
692622496,Lubicz Dolny,village,3183,53.02961,18.74529,kujawsko-pomorskie
692622608,Osiek nad Wisłą,village,2189,52.92741,18.80392,kujawsko-pomorskie
692622764,Stawki,village,637,52.86166,18.73096,kujawsko-pomorskie
692622795,Walentowo,village,301,52.93711,19.02121,kujawsko-pomorskie
692622854,Wapno,village,1446,52.91123,17.47195,wielkopolskie
692623077,Habdzin,village,422,52.09547,21.15222,mazowieckie
692623088,Józefów,village,863,52.19537,20.69752,mazowieckie
692623122,Kozery,village,665,52.10883,20.58923,mazowieckie
692623179,Nowa Iwiczna,village,4872,52.09092,21.00162,mazowieckie
692623253,Wielgolas Brzeziński,village,521,52.20642,21.39319,mazowieckie
692623270,Zgorzała,village,1321,52.10663,20.97867,mazowieckie
692623330,Mysiadło,village,4218,52.10168,21.01824,mazowieckie
692623369,Julianów,village,2142,52.09434,21.05550,mazowieckie
692623371,Pasek,village,598,52.38719,21.31509,mazowieckie
692623372,Stary Kraszew,village,340,52.40602,21.26198,mazowieckie
692623413,Kuligów,village,538,52.50931,21.17582,mazowieckie
692623471,Piotrków Kujawski,town,4290,52.55057,18.49872,kujawsko-pomorskie
692623474,Osięciny,village,2925,52.62905,18.72290,kujawsko-pomorskie
692623477,Choceń,village,1874,52.48578,19.01807,kujawsko-pomorskie
692623480,Dąbrowa Biskupia,village,668,52.77729,18.53156,kujawsko-pomorskie
692623493,Radomice,village,769,52.81126,19.13715,kujawsko-pomorskie
692623513,Popowo,village,402,52.76682,19.10870,kujawsko-pomorskie
692623525,Zakrzewo,village,845,52.75508,18.62681,kujawsko-pomorskie
692623551,Bądkowo,village,962,52.70570,18.78517,kujawsko-pomorskie
692623584,Wieniec,village,1284,52.64936,18.92966,kujawsko-pomorskie
692623650,Bytoń,village,483,52.55726,18.59649,kujawsko-pomorskie
692623759,Topólka,village,444,52.50331,18.71275,kujawsko-pomorskie
692623801,Dobre,village,1677,52.68395,18.56443,kujawsko-pomorskie
692623881,Bobrowniki,town,1128,52.77922,18.95454,kujawsko-pomorskie
692623896,Bogucin,village,925,52.70607,19.10417,kujawsko-pomorskie
692623991,Kłokock,village,328,52.80905,19.17545,kujawsko-pomorskie
692624002,Koneck,village,670,52.78401,18.71609,kujawsko-pomorskie
692624051,Maliszewo,village,535,52.84104,19.10952,kujawsko-pomorskie
692624082,Nowa Wieś,village,660,52.59254,18.99555,kujawsko-pomorskie
692624359,Kramsk,village,1762,52.26662,18.42595,wielkopolskie
692624471,Licheń Stary,village,1557,52.31618,18.35446,wielkopolskie
692624480,Janikowo,town,8354,52.75316,18.11410,kujawsko-pomorskie
692624486,Gąsawa,town,1400,52.76856,17.75631,kujawsko-pomorskie
692624542,Dąbrowa,village,1082,52.74467,17.94394,kujawsko-pomorskie
692624595,Jeziora Wielkie,village,607,52.52915,18.26815,kujawsko-pomorskie
692624986,Podgórzyn,village,612,52.83153,17.75651,kujawsko-pomorskie
692625085,Strzałkowo,village,5338,52.31104,17.81490,wielkopolskie
692625169,Wierzbiczany,village,500,52.52827,17.70332,wielkopolskie
692625199,Mazurowice,village,366,51.21310,16.46409,dolnośląskie
692625200,Rusko,village,329,51.20046,16.48096,dolnośląskie
692625204,Piotrowice,village,788,51.03318,16.67721,dolnośląskie
692625207,Chomiąża,village,443,51.21116,16.52712,dolnośląskie
692625241,Osiek,village,2210,51.36592,16.22703,dolnośląskie
692625256,Jeszkowice,village,813,51.05259,17.22018,dolnośląskie
692625257,Biskupice Oławskie,village,340,50.99823,17.51370,dolnośląskie
692625262,Jaczkowice,village,521,50.91566,17.27490,dolnośląskie
692625263,Gać,village,457,50.88781,17.36334,dolnośląskie
692625266,Gorzesław,village,409,51.16580,17.54454,dolnośląskie
692625268,Kątna,village,413,51.13240,17.28392,dolnośląskie
692625273,Chrząstawa Mała,village,1538,51.08192,17.28190,dolnośląskie
692625275,Miłocice,village,632,51.04645,17.48042,dolnośląskie
692625285,Osiek,village,616,50.88361,17.29256,dolnośląskie
692625287,Drzemlikowice,village,335,50.87924,17.24175,dolnośląskie
692625291,Owczary,village,499,50.83635,17.31937,dolnośląskie
692625301,Łosiów,village,1510,50.79052,17.56640,opolskie
692625306,Strzelniki,village,450,50.80523,17.54015,opolskie
692625318,Błota,village,423,50.94288,17.45019,opolskie
692625319,Mąkoszyce,village,689,50.94102,17.63739,opolskie
692625320,Lipki,village,734,50.91003,17.39446,opolskie
692625323,Michałowice,village,600,50.89017,17.48223,opolskie
692625327,Brzezina,village,582,50.88201,17.42567,opolskie
692625333,Pępice,village,360,50.82243,17.41340,opolskie
692625336,Krzyżowice,village,580,50.80736,17.46333,opolskie
692625338,Różyna,village,305,50.80193,17.60896,opolskie
692625340,Obórki,village,320,50.79277,17.42844,opolskie
692625341,Przylesie,village,800,50.79185,17.39039,opolskie
692625344,Pogorzela,village,589,50.78645,17.49390,opolskie
692625345,Bąków,village,600,50.77263,17.28792,opolskie
692625348,Jankowice Wielkie,village,750,50.76707,17.44346,opolskie
692625351,Czeska Wieś,village,440,50.75029,17.47864,opolskie
692625354,Michałów,village,550,50.74363,17.51336,opolskie
692625364,Radoszowice,village,327,50.69253,17.51179,opolskie
692625376,Boguszyce,village,1434,51.24485,17.39513,dolnośląskie
692625380,Spalice,village,1040,51.21827,17.41431,dolnośląskie
692625443,Brzezie,village,316,51.41234,17.15002,dolnośląskie
692625446,Piotrkowice,village,384,51.41171,16.83544,dolnośląskie
692625453,Kuźniczysko,village,378,51.37783,17.18203,dolnośląskie
692625465,Kowale,village,367,51.29769,16.96992,dolnośląskie
692625472,Zajączków,village,339,51.23253,16.94365,dolnośląskie
692625475,Domanowice,village,344,51.40718,17.05304,dolnośląskie
692625477,Biedaszków Wielki,village,333,51.40120,17.13708,dolnośląskie
692625479,Krościna Wielka,village,323,51.40179,16.91137,dolnośląskie
692625622,Niemstów,village,1099,51.35929,16.30415,dolnośląskie
692625645,Bierzyce,village,349,51.23759,17.18637,dolnośląskie
692625666,Mościsko,village,1129,50.78114,16.58845,dolnośląskie
692626037,Włóki,village,529,50.77703,16.63970,dolnośląskie
692626063,Nowizna,village,416,50.76026,16.61470,dolnośląskie
692626144,Czarny Bór,village,2171,50.76992,16.13378,dolnośląskie
692626153,Struga,village,859,50.82028,16.22714,dolnośląskie
692626234,Pieszyce,town,6959,50.71244,16.58161,dolnośląskie
692626237,Piława Górna,town,6126,50.68262,16.74352,dolnośląskie
692626281,Dobrzykowice,village,3521,51.09308,17.19139,dolnośląskie
692626390,Rogoż,village,498,51.21647,17.02347,dolnośląskie
692626396,Krępice,village,741,51.16225,16.81238,dolnośląskie
692626399,Mokronos Dolny,village,516,51.07126,16.93387,dolnośląskie
692631410,Nowe Worowo,village,717,53.64951,16.08498,zachodniopomorskie
692631921,Wiekowice,village,449,54.29559,16.36306,zachodniopomorskie
692631963,Włynkówko,village,803,54.50635,16.99629,pomorskie
692632148,Rzozów,village,1664,49.95292,19.79542,małopolskie
692632149,Krzywaczka,village,1500,49.89237,19.82929,małopolskie
692632160,Zagacie,village,797,50.00389,19.70553,małopolskie
692632212,Włosań,village,1191,49.92031,19.88915,małopolskie
692632217,Wola Radziszowska,village,2407,49.90827,19.78800,małopolskie
692632230,Borek Szlachecki,village,1502,49.96614,19.77486,małopolskie
692632233,Biskupice,village,890,49.96525,20.12030,małopolskie
692632252,Jeziorzany,village,983,49.99468,19.77515,małopolskie
692632265,Bęczarka,village,1013,49.87405,19.86030,małopolskie
692632433,Zawada,village,1339,49.91457,20.39546,małopolskie
692632443,Rudna,village,2000,51.51051,16.26370,dolnośląskie
692632451,Wąsosz,town,2603,51.56410,16.69307,dolnośląskie
692632477,Koniowo,village,365,51.43195,17.07192,dolnośląskie
692632481,Krobia,town,4412,51.77410,16.98455,wielkopolskie
692632483,Szkaradowo,village,958,51.58591,17.15149,wielkopolskie
692632484,Krzemieniewo,village,2000,51.85828,16.83386,wielkopolskie
692632485,Pępowo,village,1908,51.75777,17.12204,wielkopolskie
692632491,Lipno,village,1799,51.91815,16.55937,wielkopolskie
692632539,Zielona Wieś,village,791,51.57091,16.94636,wielkopolskie
692632587,Mochy,village,1703,52.00205,16.17036,wielkopolskie
692632592,Konotop,village,1400,51.93130,15.90295,lubuskie
692632606,Wilków,village,709,51.69541,16.20375,dolnośląskie
692632645,Golina,village,1909,51.91236,17.48126,wielkopolskie
692632647,Dobrzyca,town,2949,51.86682,17.60264,wielkopolskie
692632755,Buczek,village,1350,51.49861,19.16526,łódzkie
692632762,Chrzanowice,village,831,51.18516,19.54549,łódzkie
692632796,Kluki,village,1124,51.34241,19.23264,łódzkie
692632801,Kurnos Drugi,village,480,51.32529,19.30714,łódzkie
699320244,Konewka,village,340,51.56150,20.14017,łódzkie
704938377,Trzeszczany Pierwsze,village,655,50.81840,23.73379,lubelskie
718917358,Pewel Mała,village,1458,49.66282,19.27951,śląskie
743239426,Szydłowo,village,750,53.16257,16.61200,wielkopolskie
769235431,Piotrków Trybunalski,city,68978,51.40826,19.69617,łódzkie
854003681,Chrzelice,village,654,50.47095,17.73655,opolskie
855262764,Wysoka,village,650,50.02162,17.82287,opolskie
855262810,Lubotyń,village,459,50.05106,17.93987,opolskie
867614327,Łącznik,village,1060,50.45420,17.72924,opolskie
920506126,Kijaszkowo,village,336,52.98847,19.03436,kujawsko-pomorskie
986016337,Krościna Mała,village,305,51.37494,16.94361,dolnośląskie
1037366739,Kocierzew Południowy,village,363,52.21640,20.01922,łódzkie
1077494247,Dąbrówka Górna,village,1000,50.53873,17.92904,opolskie
1085804063,Wąsosz,village,304,52.94442,17.72924,kujawsko-pomorskie
1094541647,Jemielnica,village,3545,50.54481,18.37953,opolskie
1117150515,Godzieszowa,village,362,51.24009,17.13085,dolnośląskie
1126939310,Libidza,village,715,50.88380,18.98978,śląskie
1145837529,Włoszczowa,town,9414,50.85207,19.96678,świętokrzyskie
1161745875,Mokre,village,423,49.45523,22.16835,podkarpackie
1161967279,Skrbeńsko,village,891,49.90576,18.53406,śląskie
1187234195,Wojska,village,731,50.48565,18.66426,śląskie
1190974121,Włoszakowice,village,3159,51.92714,16.36194,wielkopolskie
1221387669,Gołanice,village,455,51.88470,16.44289,wielkopolskie
1229757759,Obora,village,1924,51.41771,16.13812,dolnośląskie
1229757871,Sobin,village,820,51.47617,16.03137,dolnośląskie
1233294731,Podlesie,village,561,50.75515,19.60557,śląskie
1233666313,Sucha Górna,village,550,51.53817,16.02422,dolnośląskie
1243678001,Żory,city,61823,50.04550,18.69435,śląskie
1252254290,Sietesz,village,1549,49.98545,22.34632,podkarpackie
1256954278,Bogdanowice,village,594,50.16533,17.83189,opolskie
1259182865,Orchówek,village,1070,51.52328,23.57134,lubelskie
1265010347,Dzietrzychowo,village,442,54.30507,21.12604,warmińsko-mazurskie
1278049419,Kozły,village,402,51.47936,17.86460,wielkopolskie
1278386116,Rudnik,village,916,50.12738,18.18766,śląskie
1282380456,Mysłowice,city,70160,50.24147,19.14145,śląskie
1288990024,Przyprostynia,village,900,52.23940,15.93035,wielkopolskie
1297152960,Rydzyna,town,2878,51.78637,16.66732,wielkopolskie
1313027929,Rzekuń,village,2585,53.04836,21.62607,mazowieckie
1314872854,Rowy,village,375,54.66483,17.05188,pomorskie
1315117581,Goworowo,village,681,52.90069,21.55704,mazowieckie
1322976187,Seroczyn,village,770,52.01103,21.92075,mazowieckie
1335060283,Zajączki Pierwsze,village,733,50.99992,18.71992,śląskie
1335844725,Wilczyn,village,1200,52.48380,18.16697,wielkopolskie
1361333510,Radwanice,village,2017,51.57584,15.94350,dolnośląskie
1365635213,Brzozówka,village,517,50.37398,19.79750,małopolskie
1369032403,Mała Nieszawka,village,2204,52.99009,18.54209,kujawsko-pomorskie
1379201762,Zarzecze,village,1183,50.37037,19.69357,małopolskie
1398455371,Chocicz,village,355,51.85526,15.02793,lubuskie
1398455398,Dąbie,village,417,52.01011,15.14981,lubuskie
1398455468,Gądków Wielki,village,700,52.24036,14.97482,lubuskie
1398458105,Radzików,village,500,52.26654,14.86083,lubuskie
1420511719,Czarna Górna,village,874,49.32357,22.66990,podkarpackie
1434894829,Gutkowo,village,674,53.81215,20.39260,warmińsko-mazurskie
1457221548,Kiełpiny,village,322,52.89253,19.04232,kujawsko-pomorskie
1474933739,Jaktorów-Kolonia,village,514,52.08676,20.53805,mazowieckie
1474937448,Chylice-Kolonia,village,1300,52.08358,20.55824,mazowieckie
1487511872,Siedlisko,village,1842,51.76804,15.81016,lubuskie
1490083498,Studzieniec,village,693,51.79849,15.57079,lubuskie
1490083660,Radwanów,village,418,51.80406,15.49293,lubuskie
1490558633,Pławniowice,village,824,50.38361,18.47702,śląskie
1502823552,Średnia Wieś,village,1042,49.41807,22.35373,podkarpackie
1507719599,Dąbrowa Górnicza,city,116930,50.33087,19.20789,śląskie
1507731234,Preczów,village,798,50.36889,19.17861,śląskie
1515922639,Bażanówka,village,816,49.60523,22.05316,podkarpackie
1518703605,Szembruk,village,580,53.56352,19.02482,kujawsko-pomorskie
1521930984,Borek Strzeliński,village,1091,50.86715,17.06552,dolnośląskie
1523247400,Kołobrzeg,town,43364,54.17596,15.57642,zachodniopomorskie
1524210025,Kłodawa,town,6074,52.25745,18.91121,wielkopolskie
1529053398,Lipa,village,2384,50.69374,22.06383,podkarpackie
1530574052,Słupia,village,421,53.58509,17.27955,pomorskie
1535368713,Jerzmanowa,village,1048,51.59480,16.04390,dolnośląskie
1545595984,Borki,village,746,52.22989,18.59778,wielkopolskie
1551149189,Stany,village,300,51.84634,15.78236,lubuskie
1553541914,Masów,village,324,50.76078,17.97972,opolskie
1553541916,Kolanowice,village,500,50.74280,17.99360,opolskie
1553625412,Niewodniki,village,400,50.74055,17.81108,opolskie
1553625448,Żelazna,village,605,50.72924,17.85078,opolskie
1575162050,Grabczok,village,309,50.84298,17.93244,opolskie
1575162067,Brynica,village,1335,50.80632,17.93574,opolskie
1575162625,Łubniany,village,1592,50.77931,17.99873,opolskie
1585635910,Narok,village,300,50.74388,17.79067,opolskie
1593345922,Jaryszów,village,802,50.42716,18.35396,opolskie
1596775747,Barchów,village,700,52.51672,21.65344,mazowieckie
1596775757,Kaliska,village,336,52.52886,21.63075,mazowieckie
1597623608,Domiechowice,village,642,51.38399,19.32158,łódzkie
1640033603,Tryszczyn,village,1391,53.22428,17.92028,kujawsko-pomorskie
1650266457,Sierockie,village,670,49.37110,19.95818,małopolskie
1653239999,Krążkowo,village,506,51.80145,16.06585,lubuskie
1686393259,Nowa Jastrząbka,village,1232,50.12284,21.14455,małopolskie
1697487051,Toruń,city,198273,53.01027,18.60481,kujawsko-pomorskie
1697586141,Grudziądz,city,90890,53.48765,18.75577,kujawsko-pomorskie
1697928657,Kalisz,city,94489,51.76248,18.08954,wielkopolskie
1712578393,Wadowice Dolne,village,808,50.27119,21.26549,podkarpackie
1719216363,Kolbudy,village,3692,54.27050,18.46839,pomorskie
1732059389,Lublewo Gdańskie,village,1100,54.28435,18.49788,pomorskie
1735170302,Troszyn,village,658,52.77285,14.56228,zachodniopomorskie
1737436980,Komprachcice,village,2800,50.63552,17.82368,opolskie
1737436982,Ziemnice,village,1091,51.20124,16.24974,dolnośląskie
1748711567,Kamionka Mała,village,900,49.78130,20.50250,małopolskie
1751621506,Włocławek,city,104705,52.66039,19.07195,kujawsko-pomorskie
1751621527,Płock,city,114594,52.54645,19.70086,mazowieckie
1751621551,Tychy,city,120081,50.11440,18.99659,śląskie
1751989816,Trąbki,village,1200,49.96345,20.14210,małopolskie
1755364645,Augustów,town,29494,53.84373,22.98024,podlaskie
1755364655,Dąbrowa Białostocka,town,5257,53.65444,23.34851,podlaskie
1755364663,Kalinowo,village,750,53.87390,22.67247,warmińsko-mazurskie
1757670336,Korne,village,495,54.13541,17.85872,pomorskie
1758659758,Połczyn-Zdrój,town,7469,53.76490,16.09527,zachodniopomorskie
1758659777,Trzcińsko-Zdrój,town,2173,52.96604,14.60760,zachodniopomorskie
1758659795,Bobolice,town,3848,53.95480,16.58784,zachodniopomorskie
1758659806,Barwice,town,3533,53.74456,16.35494,zachodniopomorskie
1758659807,Dobra,town,2103,53.58466,15.30730,zachodniopomorskie
1758659808,Otyń,town,1666,51.84732,15.71040,lubuskie
1758659809,Drawsko Pomorskie,town,11515,53.53108,15.81342,zachodniopomorskie
1758659810,Złocieniec,town,12193,53.53105,16.01072,zachodniopomorskie
1758659811,Kożuchów,town,9086,51.74548,15.59445,lubuskie
1758659813,Głogów,town,64261,51.66342,16.08608,dolnośląskie
1758659834,Goleniów,town,22166,53.56569,14.82993,zachodniopomorskie
1758659838,Gryfice,town,15293,53.91485,15.19871,zachodniopomorskie
1758659852,Gościno,town,2611,54.05158,15.65340,zachodniopomorskie
1758659853,Golczewo,town,2545,53.82411,14.97734,zachodniopomorskie
1758659854,Dobrzany,town,2183,53.35828,15.42993,zachodniopomorskie
1758659855,Kalisz Pomorski,town,4121,53.29816,15.90599,zachodniopomorskie
1758659858,Karlino,town,5582,54.04103,15.87930,zachodniopomorskie
1758659859,Lipiany,town,3819,53.00290,14.97088,zachodniopomorskie
1758659860,Małomice,town,3457,51.55500,15.44729,lubuskie
1758659861,Nowogard,town,15634,53.66877,15.12259,zachodniopomorskie
1758659862,Nowa Sól,town,36843,51.80196,15.71756,lubuskie
1758659863,Nowe Miasteczko,town,2694,51.69081,15.73120,lubuskie
1758659864,Ińsko,town,1790,53.43572,15.54832,zachodniopomorskie
1758659865,Płoty,town,3691,53.80434,15.26804,zachodniopomorskie
1758659987,Resko,town,4039,53.77340,15.40561,zachodniopomorskie
1758659999,Czerwona Woda,village,1575,51.25100,15.20985,dolnośląskie
1758660000,Świdwin,town,14759,53.77460,15.77680,zachodniopomorskie
1758660001,Myślibórz,town,10649,52.92482,14.86648,zachodniopomorskie
1758660002,Szprotawa,town,11068,51.56507,15.53676,lubuskie
1758660003,Stargard,town,67348,53.33799,15.03505,zachodniopomorskie
1758660004,Czaplinek,town,6876,53.56067,16.23194,zachodniopomorskie
1758660005,Węgorzyno,town,2657,53.54118,15.56024,zachodniopomorskie
1758913960,Bełchatów,town,54338,51.36673,19.36946,łódzkie
1758914003,Chełmsko Śląskie,village,2161,50.66720,16.06651,dolnośląskie
1758930484,Krzepielów,village,705,51.78865,16.10391,lubuskie
1759532078,Malinowice,village,807,50.38561,19.13779,śląskie
1763537474,Biecz,town,4445,49.73054,21.24942,małopolskie
1763537486,Gorlice,town,26405,49.65829,21.15938,małopolskie
1763537494,Jasło,town,33830,49.74705,21.47431,podkarpackie
1763537504,Krosno,city,45057,49.69380,21.76515,podkarpackie
1770261694,Poraj,village,4156,50.67956,19.21346,śląskie
1770680173,Jedlina-Zdrój,town,4792,50.72471,16.34800,dolnośląskie
1770680174,Szczawno-Zdrój,town,5362,50.80081,16.25157,dolnośląskie
1770680175,Bożków,village,1580,50.51366,16.57623,dolnośląskie
1770680176,Ząbkowice Śląskie,town,14578,50.58927,16.81115,dolnośląskie
1770680177,Złotoryja,town,14656,51.12476,15.91698,dolnośląskie
1770680178,Boguszów-Gorce,town,14648,50.75668,16.20439,dolnośląskie
1770680179,Gryfów Śląski,town,6386,51.02815,15.41451,dolnośląskie
1770680180,Jugów,village,3037,50.63392,16.51171,dolnośląskie
1770680181,Łagiewniki,village,2900,50.79094,16.84423,dolnośląskie
1770680182,Kamieniec Ząbkowicki,town,4429,50.52291,16.87361,dolnośląskie
1770680183,Kamienica,village,1256,50.44977,16.95204,opolskie
1770680184,Kąty Wrocławskie,town,7176,51.03027,16.77023,dolnośląskie
1770680185,Wojcieszów,town,3486,50.95165,15.92174,dolnośląskie
1770680186,Kunice,village,1100,51.22229,16.24989,dolnośląskie
1770680187,Ziębice,town,8195,50.60078,17.04056,dolnośląskie
1770680188,Nowogrodziec,town,4244,51.19714,15.39870,dolnośląskie
1770680189,Środa Śląska,town,9525,51.16389,16.59425,dolnośląskie
1770680191,Olszanica,village,960,51.20492,15.79892,dolnośląskie
1770680192,Stolec,village,1121,50.58266,16.88398,dolnośląskie
1770680193,Głuszyca,town,6095,50.68503,16.37303,dolnośląskie
1775164003,Bytów,town,16218,54.16946,17.48903,pomorskie
1775164038,Szemud,village,1639,54.48631,18.22081,pomorskie
1775164040,Sianów,town,6545,54.22819,16.29428,zachodniopomorskie
1775164043,Żukowo,town,6652,54.34585,18.36475,pomorskie
1778452735,Nieszawa,town,1770,52.83345,18.90110,kujawsko-pomorskie
1783281244,Kuźnica Stara,village,461,50.90022,18.71137,śląskie
1784889309,Rozogi,village,1418,53.48241,21.35969,warmińsko-mazurskie
1784889349,Pasym,town,2407,53.65216,20.79174,warmińsko-mazurskie
1796024224,Kolonia Fryderyk,village,1105,49.95865,18.42240,śląskie
1800979347,Sońsk,village,998,52.78140,20.69612,mazowieckie
1804925452,Strzelino,village,478,54.50428,16.96761,pomorskie
1807574844,Młynne,village,1360,49.75022,20.39776,małopolskie
1807644198,Żółkiewka,village,693,50.90967,22.83467,lubelskie
1818704253,Ciechanowiec,town,4500,52.67880,22.49911,podlaskie
1828535859,Domaszków,village,1254,50.21545,16.68074,dolnośląskie
1829601862,Łuczynów,village,803,51.60083,21.50079,mazowieckie
1832271591,Rokitno Szlacheckie,village,1094,50.43194,19.43299,śląskie
1832493772,Wadlew,village,470,51.50672,19.40349,łódzkie
1833034971,Wawrzyszów,village,300,51.37169,20.89658,mazowieckie
1833054875,Mroczków Gościnny,village,800,51.37993,20.38934,łódzkie
1833435682,Wola Radzięcka,village,379,50.66475,22.73309,lubelskie
1834256484,Zalesice,village,409,50.76884,19.49855,śląskie
1834538364,Piasek,village,3568,50.01101,18.94716,śląskie
1835347349,Łąka,village,3041,49.95617,18.90522,śląskie
1837516733,Tomaszów Lubelski,town,18567,50.44693,23.41656,lubelskie
1837842156,Kwaczała,village,1857,50.06351,19.49193,małopolskie
1838196722,Mnich,village,3541,49.88759,18.80918,śląskie
1838553920,Braniewo,town,16480,54.38260,19.82734,warmińsko-mazurskie
1838666975,Kraków,city,800653,50.06195,19.93686,małopolskie
1838681689,Siemiatycze,town,13782,52.42790,22.86273,podlaskie
1840925287,Lipnica Murowana,village,860,49.85894,20.52740,małopolskie
1841117363,Łęczna,town,18234,51.30029,22.88677,lubelskie
1842425565,Ruda,village,400,53.59724,22.52165,podlaskie
1842614996,Skokówka,village,820,50.69315,23.23673,lubelskie
1843182788,Wieleń,town,5878,52.89433,16.17128,wielkopolskie
1843497843,Pniówek,village,1016,50.68132,23.29507,lubelskie
1843715296,Zaklików,town,2849,50.75544,22.10202,podkarpackie
1844117532,Bysław,village,1700,53.50622,17.99686,kujawsko-pomorskie
1844258047,Cendrowice,village,303,51.96900,21.12978,mazowieckie
1844339081,Iwonicz,village,4509,49.60272,21.80197,podkarpackie
1844339082,Rogi,village,2500,49.61106,21.75283,podkarpackie
1844585326,Obłęże,village,322,54.25465,16.93841,pomorskie
1844991397,Porąbka Uszewska,village,1255,49.93805,20.68520,małopolskie
1846646107,Dobryszyce,village,960,51.14595,19.40887,łódzkie
1846942602,Charlęż,village,740,51.32368,22.72237,lubelskie
1848786444,Brzozów,town,7366,49.69504,22.01965,podkarpackie
1850625500,Izbica,town,1739,50.89278,23.15880,lubelskie
1850648569,Wólka Orłowska,village,571,50.92798,23.18248,lubelskie
1853317869,Szczuczyn,town,3235,53.56300,22.28555,podlaskie
1854125888,Dominów,village,1563,51.21622,22.84057,lubelskie
1854664341,Przerośl,village,829,54.25144,22.65647,podlaskie
1854830180,Parczew,town,10519,51.63900,22.90000,lubelskie
1854841580,Żytkiejmy,village,907,54.35305,22.69700,warmińsko-mazurskie
1854936771,Bobowa,town,3094,49.70811,20.94200,małopolskie
1854936780,Boguchwała,town,6220,49.98069,21.93918,podkarpackie
1854936792,Brzeszcze,town,11049,49.98159,19.14782,małopolskie
1854936819,Cegłów,town,2279,52.14702,21.73817,mazowieckie
1854936827,Chmielnik,town,3364,50.61460,20.75104,świętokrzyskie
1854936845,Dęblin,town,14791,51.56249,21.86544,lubelskie
1854936850,Frampol,town,1361,50.67183,22.66987,lubelskie
1854936856,Glinojeck,town,2858,52.81917,20.28627,mazowieckie
1854936860,Grójec,town,17037,51.86551,20.86750,mazowieckie
1854936864,Jabłonowo Pomorskie,town,3693,53.38798,19.15270,kujawsko-pomorskie
1854936890,Janów Podlaski,town,2720,52.19712,23.20788,lubelskie
1854936895,Józefów,town,2388,50.48083,23.05406,lubelskie
1854936901,Kałuszyn,town,2731,52.20878,21.81188,mazowieckie
1854936912,Koźminek,town,1874,51.79830,18.33836,wielkopolskie
1854936916,Latowicz,town,1348,52.02627,21.80754,mazowieckie
1854936941,Lipsk,town,2161,53.73354,23.40374,podlaskie
1854936963,Maszkienice,village,1400,49.98515,20.68837,małopolskie
1854936970,Międzybórz,town,2373,51.39771,17.66502,dolnośląskie
1854936974,Nurzec-Stacja,village,1508,52.46138,23.08361,podlaskie
1854937014,Osiek,town,1955,50.51945,21.44256,świętokrzyskie
1854937019,Ostrów Lubelski,town,2033,51.49691,22.85604,lubelskie
1854937024,Piaski,town,2480,51.13781,22.84752,lubelskie
1854937027,Pilzno,town,4931,49.97858,21.29084,podkarpackie
1854937038,Przedbórz,town,3313,51.08681,19.87444,łódzkie
1854937043,Przysucha,town,5572,51.35850,20.62855,mazowieckie
1854937049,Radlin,village,1663,50.86144,20.75662,świętokrzyskie
1854937053,Radomyśl Wielki,town,3329,50.19637,21.27616,podkarpackie
1854937069,Radziejów,town,5253,52.62510,18.52694,kujawsko-pomorskie
1854937074,Radzyń Chełmiński,town,1825,53.38501,18.93519,kujawsko-pomorskie
1854937081,Radzyń Podlaski,town,14806,51.78273,22.62088,lubelskie
1854937117,Siedlce,city,76357,52.16638,22.27651,mazowieckie
1854937143,Skaryszew,town,4410,51.31057,21.25239,mazowieckie
1854937151,Sokolniki,village,1616,51.30803,18.34148,łódzkie
1854937157,Sokołów Podlaski,town,18526,52.40817,22.25257,mazowieckie
1854937161,Stalowa Wola,town,57620,50.56531,22.06441,podkarpackie
1854937186,Szydłowiec,town,10671,51.22389,20.85751,mazowieckie
1854937193,Sławków,town,6942,50.29845,19.38985,śląskie
1854937200,Tarnogród,town,3207,50.36131,22.74194,lubelskie
1854937205,Terespol,town,5309,52.07562,23.61336,lubelskie
1854937208,Trąbki,village,1749,51.94658,21.61169,mazowieckie
1854937210,Tłuszcz,town,8039,52.43017,21.43551,mazowieckie
1854937215,Warta,town,3073,51.70819,18.62508,łódzkie
1854937221,Wierzchlas,village,2000,51.20447,18.66487,łódzkie
1854937226,Wolica,village,1132,50.75372,20.47825,świętokrzyskie
1854937229,Wołomin,town,36311,52.34687,21.24202,mazowieckie
1854937233,Wyśmierzyce,town,869,51.62511,20.81193,mazowieckie
1854937237,Zakopane,town,25770,49.29691,19.95048,małopolskie
1854937254,Zielona,village,1735,53.09159,19.97580,mazowieckie
1854937257,Zielonka,town,18219,52.31085,21.15232,mazowieckie
1854937259,Łaskarzew,town,4505,51.78896,21.59219,mazowieckie
1854937260,Łazy,town,6591,50.42761,19.39485,śląskie
1854937262,Łosice,town,7033,52.21151,22.71729,mazowieckie
1854937266,Łuków,town,27906,51.93008,22.37907,lubelskie
1854937268,Świdnik,town,37884,51.22046,22.69986,lubelskie
1855026515,Drohiczyn,town,1848,52.39665,22.65881,podlaskie
1855026517,Garwolin,town,17279,51.89733,21.61496,mazowieckie
1855026520,Mordy,town,1630,52.21130,22.51707,mazowieckie
1855026522,Ruda,village,1201,51.20008,18.61276,łódzkie
1855033871,Ciężkowice,town,2506,49.78646,20.97375,małopolskie
1855033873,Czechowice-Dziedzice,town,35261,49.91121,19.00756,śląskie
1855033875,Łysa Góra,village,1486,49.93285,20.73463,małopolskie
1855038628,Strzegowo,village,2077,52.89362,20.28528,mazowieckie
1857442511,Lalin,village,342,49.64169,22.10867,podkarpackie
1857864856,Wohyń,village,2000,51.75623,22.78632,lubelskie
1858039490,Zalesie,village,530,50.40475,22.07974,podkarpackie
1858296190,Firlej,village,1184,51.55829,22.50546,lubelskie
1858738637,Leszno,village,848,52.98270,20.91914,mazowieckie
1858753520,Krasne,village,940,52.92251,20.96694,mazowieckie
1858783458,Dobrzankowo,village,416,52.98125,20.96863,mazowieckie
1859320652,Małkowice,village,953,49.85550,22.82462,podkarpackie
1859320659,Orły,village,1293,49.87219,22.81236,podkarpackie
1859320669,Ruda Żurawiecka,village,400,50.36292,23.54185,lubelskie
1859320679,Sośnica,village,1423,49.90059,22.87675,podkarpackie
1859320697,Święte,village,1050,49.92618,22.85615,podkarpackie
1859357268,Łukowa,village,2405,50.37870,22.91913,lubelskie
1859389646,Ruda Wołoska,village,514,50.43140,23.47070,lubelskie
1859389747,Przeorsk,village,408,50.42114,23.50347,lubelskie
1859389804,Werbkowice,village,2586,50.75096,23.76743,lubelskie
1859389849,Zawalów,village,492,50.73970,23.55271,lubelskie
1859414302,Bukowa,village,592,50.58053,22.56035,lubelskie
1859414305,Bystre,village,531,50.37597,22.39851,podkarpackie
1859414311,Czarnystok,village,616,50.65196,22.83554,lubelskie
1859414312,Dereźnia Solska,village,510,50.50117,22.69745,lubelskie
1859414315,Domostawa,village,633,50.60736,22.27365,podkarpackie
1859414328,Gózd Lipiński,village,659,50.44468,22.55289,lubelskie
1859414330,Horodło,village,938,50.89406,24.04575,lubelskie
1859414345,Korczów,village,610,50.49918,22.72443,lubelskie
1859414346,Korytków Duży,village,735,50.60823,22.66247,lubelskie
1859414354,Krzemień Pierwszy,village,737,50.70446,22.53308,lubelskie
1859414360,Lipowiec,village,492,50.62523,22.85882,lubelskie
1859414365,Majdan Gromadzki,village,443,50.58092,22.69138,lubelskie
1859414368,Majdan Nepryski,village,1479,50.48815,23.08104,lubelskie
1859414369,Majdan Nowy,village,739,50.46834,22.74199,lubelskie
1859414380,Modliborzyce,town,1413,50.75345,22.32917,lubelskie
1859414389,Okrągłe,village,401,50.51014,22.72073,lubelskie
1859414416,Ruda Solska,village,343,50.48082,22.64570,lubelskie
1859414424,Smólsko Duże,village,498,50.48159,22.77109,lubelskie
1859414426,Stany,village,1631,50.43786,21.97859,podkarpackie
1859414433,Sól,village,1634,50.51281,22.65369,lubelskie
1859414435,Tarnogóra,village,799,50.36813,22.31856,podkarpackie
1859414451,Wola Mała,village,389,50.54830,22.76822,lubelskie
1859446962,Budy Głogowskie,village,1840,50.14691,21.91150,podkarpackie
1859446970,Czeluśnica,village,729,49.72858,21.53565,podkarpackie
1859446993,Goraj,town,883,50.72123,22.66821,lubelskie
1859447015,Jaszczew,village,1402,49.73920,21.65620,podkarpackie
1859447054,Lipnica,village,1153,50.28956,21.88655,podkarpackie
1859447073,Mrukowa,village,559,49.59112,21.45216,podkarpackie
1859447078,Nielisz,village,749,50.79829,23.04684,lubelskie
1859447082,Odrzykoń,village,2950,49.74070,21.74080,podkarpackie
1859447083,Okszów,village,1757,51.16231,23.49100,lubelskie
1859447084,Orzechówka,village,2000,49.72925,21.94484,podkarpackie
1859447096,Potok,village,1749,49.72307,21.68832,podkarpackie
1859447110,Równe,village,1826,49.59022,21.72990,podkarpackie
1859447112,Samoklęski,village,667,49.60796,21.46635,podkarpackie
1859447118,Srebrzyszcze,village,832,51.14990,23.54264,lubelskie
1859447141,Wydrza,village,1221,50.53618,21.86272,podkarpackie
1859447152,Załęże,village,700,49.65118,21.47027,podkarpackie
1859447165,Łęki Strzyżowskie,village,1126,49.80433,21.66507,podkarpackie
1859515219,Fajsławice,village,1347,51.09543,22.96241,lubelskie
1859515248,Grabanów,village,577,52.06647,23.15631,lubelskie
1859515258,Hanna,village,667,51.71833,23.50378,lubelskie
1859515350,Kaniwola,village,588,51.36500,23.02843,lubelskie
1859515374,Kodeniec,village,402,51.60711,23.12657,lubelskie
1859515413,Krupe,village,677,51.03269,23.22467,lubelskie
1859515565,Olchowiec,village,415,50.93402,22.91782,lubelskie
1859515570,Oleśniki,village,1062,51.11530,23.02781,lubelskie
1859515606,Piszczac,town,2825,51.98049,23.37762,lubelskie
1859515654,Rejowiec,town,1982,51.09455,23.28329,lubelskie
1859515664,Rokitno,village,743,52.12215,23.28693,lubelskie
1859515689,Różanka,village,845,51.61645,23.53984,lubelskie
1859515694,Sawin,village,2129,51.27241,23.43667,lubelskie
1859515708,Siennica Nadolna,village,1648,51.01118,23.20133,lubelskie
1859515739,Sławacinek Stary,village,1221,52.02992,23.07017,lubelskie
1859515812,Trawniki,village,2262,51.13519,22.99710,lubelskie
1859515825,Urszulin,village,1160,51.39350,23.19539,lubelskie
1859515848,Wisznice,village,1355,51.78706,23.20970,lubelskie
1859515925,Wólka Dobryńska,village,474,52.03723,23.47864,lubelskie
1859515949,Zalesie,village,714,52.03497,23.36430,lubelskie
1859515974,Łomazy,village,1632,51.90277,23.17558,lubelskie
1859536276,Batorz,village,980,50.84946,22.49271,lubelskie
1859536290,Dębowa Kłoda,village,397,51.59607,23.00620,lubelskie
1859536297,Gęś,village,607,51.70554,23.00311,lubelskie
1859536299,Jasionka,village,614,51.65925,22.93737,lubelskie
1859536307,Komarówka Podlaska,village,1300,51.80371,22.94404,lubelskie
1859536310,Kostry,village,374,51.69583,22.91545,lubelskie
1859536346,Rossosz,village,935,51.85743,23.13585,lubelskie
1859536360,Uhnin,village,500,51.57519,23.03736,lubelskie
1859552393,Biała,village,828,51.29883,15.92983,dolnośląskie
1859552417,Januszkowice,village,530,51.22182,17.24034,dolnośląskie
1859552421,Krzeszyce,village,1648,52.58328,15.01010,lubuskie
1860292947,Czarków,village,2203,50.01597,18.90700,śląskie
1860292978,Harklowa,village,686,49.71525,21.34297,podkarpackie
1860293014,Krajowice,village,412,49.77784,21.41577,podkarpackie
1860293078,Przysieki,village,1586,49.73826,21.38326,podkarpackie
1860293096,Radostowice,village,1789,50.01252,18.87810,śląskie
1860293103,Smarżowa,village,674,49.91718,21.43798,podkarpackie
1860306883,Chwałowice,village,1013,50.76594,21.88714,podkarpackie
1860306911,Radomyśl nad Sanem,village,824,50.68017,21.94599,podkarpackie
1860306914,Rzeczyca Długa,village,739,50.64043,22.07317,podkarpackie
1860306923,Wola Rzeczycka,village,814,50.65753,22.01765,podkarpackie
1860306932,Zawichost,town,1582,50.80743,21.85238,świętokrzyskie
1860641116,Biskupice,village,300,52.09332,18.01221,wielkopolskie
1860641120,Czermin,village,871,51.94996,17.74758,wielkopolskie
1860643157,Belno,village,476,50.81767,20.93771,świętokrzyskie
1860643189,Makoszyn,village,786,50.80726,20.96441,świętokrzyskie
1860643191,Masłowice,village,352,51.10564,19.78951,łódzkie
1860643198,Olbięcin,village,605,50.89491,22.12565,lubelskie
1860643262,Szewce,village,817,50.84041,20.48046,świętokrzyskie
1860643313,Zawada,village,872,50.93789,19.42582,śląskie
1860676113,Dalborowice,village,516,51.19558,17.71534,dolnośląskie
1860676191,Ostrówiec,village,600,51.32664,18.03841,wielkopolskie
1860676209,Radzowice,village,470,51.20901,17.67992,dolnośląskie
1860676220,Sieroszewice,village,1331,51.63398,17.96714,wielkopolskie
1860686639,Bocheniec,village,525,50.79801,20.31281,świętokrzyskie
1860686681,Krajno-Zagórze,village,462,50.89975,20.84475,świętokrzyskie
1860686699,Nowa Wieś Wielka,village,2471,52.97125,18.09447,kujawsko-pomorskie
1860686712,Piotrowiec,village,474,50.95670,20.35153,świętokrzyskie
1860686746,Wilków,village,882,50.91310,20.84583,świętokrzyskie
1860726392,Ciebłowice Duże,village,700,51.51823,20.09507,łódzkie
1860726470,Kraśnica,village,634,51.45755,20.24026,łódzkie
1860726471,Królowa Wola,village,715,51.55319,20.18065,łódzkie
1860758664,Brwilno,village,1105,52.57148,19.58958,mazowieckie
1860759110,Ligowo,village,460,52.82425,19.48294,mazowieckie
1860759509,Wioska,village,343,52.86389,19.32140,kujawsko-pomorskie
1860825717,Dubeninki,village,676,54.28886,22.56081,warmińsko-mazurskie
1860825729,Janówka,village,500,53.90509,22.85979,podlaskie
1860825834,Raczki,village,2195,53.98893,22.78262,podlaskie
1860825876,Sztabin,village,1037,53.67732,23.10373,podlaskie
1860825897,Wąsosz,village,1123,53.52194,22.31941,podlaskie
1860882710,Stara Iwiczna,village,1485,52.08346,21.00233,mazowieckie
1861196982,Biała Parcela,village,436,51.26839,18.45285,łódzkie
1861197016,Brzoza,village,314,51.24336,18.43007,łódzkie
1861197022,Ceków-Kolonia,village,626,51.88914,18.29745,wielkopolskie
1861197109,Kamionka,village,573,51.16896,18.60470,łódzkie
1861197134,Kurów,village,837,51.22247,18.48488,łódzkie
1861197178,Masłowice,village,753,51.25625,18.63975,łódzkie
1861867804,Brzeziny,village,1215,51.59663,18.25475,wielkopolskie
1861867937,Klonowa,village,1032,51.41928,18.41572,łódzkie
1861868130,Szczytniki,village,699,51.68722,18.33252,wielkopolskie
1863447584,Drelów,village,902,51.91204,22.87150,lubelskie
1863447588,Dąbrowica,village,1647,51.27005,22.45484,lubelskie
1863447635,Kopina,village,329,51.72465,22.84478,lubelskie
1863447655,Mielnik,village,879,52.33087,23.04891,podlaskie
1863447681,Niemce,village,3660,51.36028,22.62842,lubelskie
1863447698,Ostrówki,village,561,51.82319,22.80555,lubelskie
1863447791,Styrzyniec,village,679,52.02272,22.99712,lubelskie
1863447826,Szczekarków,village,848,51.49331,22.63789,lubelskie
1863447830,Trzciniec,village,477,51.41784,22.63693,lubelskie
1863582615,Garbów,village,2209,51.35509,22.32936,lubelskie
1863582667,Józefów nad Wisłą,town,833,51.04085,21.82968,lubelskie
1863582671,Karczmiska Pierwsze,village,1498,51.23178,21.98934,lubelskie
1863582689,Klementowice,village,1255,51.35679,22.12866,lubelskie
1863582701,Kowala Druga,village,895,51.21660,22.06167,lubelskie
1863582702,Kowala Pierwsza,village,500,51.21855,22.07642,lubelskie
1863582760,Niedrzwica Duża,village,4411,51.11425,22.38785,lubelskie
1863582781,Nowodwór,village,1215,51.44221,22.54333,lubelskie
1863582787,Okół,village,619,51.02743,21.63363,świętokrzyskie
1863582841,Rokitno,village,647,51.39353,22.69531,lubelskie
1863730642,Boguszówka,village,310,51.45093,21.82913,mazowieckie
1863730644,Borowa,village,519,51.53990,21.84376,lubelskie
1864238189,Cekanowo,village,1128,52.52120,19.83281,mazowieckie
1864238243,Nowy Dwór,village,607,53.15628,18.23478,kujawsko-pomorskie
1865263316,Dragacz,village,652,53.50232,18.73069,kujawsko-pomorskie
1865263331,Gutowo,village,306,53.09767,18.37799,kujawsko-pomorskie
1865263335,Iłowo-Osada,village,4670,53.16698,20.29761,warmińsko-mazurskie
1865263338,Janów,village,572,52.27457,20.16918,mazowieckie
1865263373,Mały Rudnik,village,652,53.41446,18.70495,kujawsko-pomorskie
1865263400,Radzanowo,village,1299,52.57273,19.89449,mazowieckie
1865263435,Tłuchowo,village,1179,52.74683,19.46727,kujawsko-pomorskie
1867069314,Baboszewo,village,1800,52.68138,20.25828,mazowieckie
1867069427,Bodzanów,town,1135,52.50085,20.02991,mazowieckie
1867069441,Bolumin,village,423,53.14497,18.29334,kujawsko-pomorskie
1867069496,Brudzeń Duży,village,1053,52.66750,19.50393,mazowieckie
1867069606,Dobrzyń nad Wisłą,town,2043,52.63745,19.32137,kujawsko-pomorskie
1867069821,Górki,village,403,52.48215,19.71454,mazowieckie
1867070151,Maszewo Duże,village,2016,52.57715,19.63399,mazowieckie
1867070537,Staroźreby,town,2155,52.63216,19.98764,mazowieckie
1867757865,Cichoradz,village,302,53.15395,18.35985,kujawsko-pomorskie
1867757981,Gozdowo,village,1462,52.72367,19.68181,mazowieckie
1867758088,Karnkowo,village,689,52.85905,19.25105,kujawsko-pomorskie
1867758124,Kuznocin,village,850,52.22021,20.22354,mazowieckie
1867758136,Lutocin,village,831,52.98131,19.76598,mazowieckie
1867758163,Nowy Duninów,village,1094,52.58020,19.47453,mazowieckie
1867758183,Płutowo,village,324,53.26822,18.39993,kujawsko-pomorskie
1867758190,Pruszcz,town,2710,53.32941,18.19939,kujawsko-pomorskie
1867758220,Raciniewo,village,676,53.20047,18.37117,kujawsko-pomorskie
1867758262,Sulnowo,village,702,53.43424,18.44454,kujawsko-pomorskie
1867758283,Słubice,village,2200,52.36885,19.93769,mazowieckie
1867758310,Wielgie,village,1379,52.74042,19.26170,kujawsko-pomorskie
1870728273,Janowiec,village,1000,51.32329,21.89062,lubelskie
1870728283,Wojszyn,village,640,51.34997,21.92301,lubelskie
1871814834,Lipowa Góra Wschodnia,village,753,53.57852,21.00794,warmińsko-mazurskie
1872717121,Góra Puławska,village,2000,51.41001,21.93336,lubelskie
1872848209,Bronowice,village,800,51.43393,21.91122,lubelskie
1873972325,Chruszczewo,village,710,52.90042,20.57407,mazowieckie
1873972364,Grzybowo,village,503,52.91553,20.56833,mazowieckie
1874120156,Klikawa,village,480,51.41240,21.91243,lubelskie
1874177046,Leokadiów,village,300,51.41064,21.80377,lubelskie
1874604255,Gózd,village,1361,51.37837,21.38170,mazowieckie
1877166075,Gołotczyzna,village,885,52.78873,20.69180,mazowieckie
1877166086,Gąsocin,village,1038,52.73773,20.71570,mazowieckie
1877166105,Karniewo,village,978,52.83592,20.99128,mazowieckie
1877166227,Władysławowo,village,573,52.88614,20.67629,mazowieckie
1877166243,Świercze,village,1078,52.67054,20.76680,mazowieckie
1877288195,Dzierżenin,village,439,52.56956,21.08909,mazowieckie
1878640016,Jeziórko,village,766,51.99131,21.06018,mazowieckie
1878640022,Krupia Wólka,village,610,51.98727,21.03706,mazowieckie
1878996146,Gołymin-Ośrodek,village,661,52.80869,20.87317,mazowieckie
1878996523,Leszczydół Stary,village,694,52.62136,21.40737,mazowieckie
1878996527,Leszczydół-Nowiny,village,1193,52.64684,21.47029,mazowieckie
1878996583,Lucynów,village,893,52.55148,21.45405,mazowieckie
1880603675,Zajączki Drugie,village,952,50.98975,18.69015,śląskie
1888780865,Szczęsne,village,982,52.08364,20.64923,mazowieckie
1891590601,Klembów,village,1067,52.40640,21.33156,mazowieckie
1892481958,Adamowizna,village,1398,52.07239,20.63635,mazowieckie
1894337188,Koszyce,town,780,50.16698,20.57565,małopolskie
1901727112,Mosina,town,14511,52.24558,16.84726,wielkopolskie
1905530503,Mostek,village,368,50.33589,19.84360,małopolskie
1905530504,Szreniawa,village,397,50.37569,19.86732,małopolskie
1905986014,Bobrowniki,village,510,51.54864,21.93338,lubelskie
1905986104,Kosów,village,720,51.35100,21.06422,mazowieckie
1905986106,Końskowola,town,1966,51.40910,22.05180,lubelskie
1905986134,Makowiec,village,1400,51.34817,21.21466,mazowieckie
1905986149,Markuszów,village,1155,51.37433,22.26086,lubelskie
1905986173,Michów,village,1596,51.52365,22.31379,lubelskie
1905986219,Osiny,village,965,51.46451,22.06861,lubelskie
1905986317,Solec nad Wisłą,town,796,51.13495,21.76547,mazowieckie
1905986349,Stężyca,village,1810,51.58260,21.77208,lubelskie
1906676543,Dłużec,village,775,50.39947,19.71057,małopolskie
1906676545,Zabagnie,village,474,50.39381,19.74401,małopolskie
1906676546,Załęże,village,595,50.39543,19.65524,małopolskie
1908946273,Poświętne,village,441,51.53198,20.36451,łódzkie
1908946293,Rzeczyca,village,1458,51.59863,20.29707,łódzkie
1908946339,Wielogóra,village,1559,51.46810,21.13734,mazowieckie
1908946353,Wsola,village,1223,51.48672,21.12822,mazowieckie
1908946393,Żelechów,village,1186,52.01616,20.72987,mazowieckie
1910304920,Leśce,village,523,51.35297,22.39426,lubelskie
1911965501,Arciechów,village,319,52.49687,21.08253,mazowieckie
1911965509,Baranów,village,1523,51.55753,22.13585,lubelskie
1911965594,Czaplinek,village,361,51.94915,21.13862,mazowieckie
1911965605,Czarny Las,village,384,51.97654,21.09949,mazowieckie
1911965611,Cząstków Polski,village,320,52.38788,20.76104,mazowieckie
1911965644,Gabryelin,village,1157,51.95978,21.07697,mazowieckie
1911965904,Kędzierówka,village,547,51.98129,21.04481,mazowieckie
1911965926,Leszkowice,village,917,51.55039,22.60707,lubelskie
1911965964,Maciejowice,town,1410,51.69263,21.55313,mazowieckie
1911966058,Nowe Załubice,village,625,52.48582,21.14032,mazowieckie
1911966153,Przytoczno,village,965,51.61932,22.27194,lubelskie
1911966180,Rębków,village,1097,51.87749,21.55506,mazowieckie
1911966198,Sierzchów,village,336,51.98285,21.11367,mazowieckie
1911966227,Sobieszyn,village,599,51.59379,22.15880,lubelskie
1911966248,Stare Załubice,village,932,52.48172,21.11673,mazowieckie
1911966351,Ułęż,village,522,51.59247,22.11264,lubelskie
1911966377,Wilcza Góra,village,880,52.07353,20.93617,mazowieckie
1911966394,Wola Czołnowska,village,309,51.53471,22.16751,lubelskie
1911966396,Wola Osowińska,village,909,51.73022,22.46396,lubelskie
1911966427,Łoziska,village,1027,52.07606,20.99032,mazowieckie
1911966430,Łoś,village,727,51.98159,20.95395,mazowieckie
1911966440,Żyrzyn,village,1533,51.49816,22.09383,lubelskie
1912005834,Biadoliny Radłowskie,village,1218,49.98879,20.76464,małopolskie
1912005926,Bucze,village,1327,50.03421,20.61083,małopolskie
1912005992,Czarnocin,village,470,50.34176,20.51757,świętokrzyskie
1912006022,Dobrowoda,village,470,50.40088,20.77100,świętokrzyskie
1912006092,Dąbrowno,village,488,50.66735,19.53919,śląskie
1912006111,Dębno,village,1803,49.95966,20.71725,małopolskie
1912006128,Gnojno,village,803,50.60161,20.84978,świętokrzyskie
1912006135,Golemki,village,548,50.06382,21.26920,podkarpackie
1912006146,Grabno,village,1260,49.92832,20.78025,małopolskie
1912006149,Grabowa,village,684,50.39231,19.46134,śląskie
1912006199,Górki,village,510,50.36882,21.28005,podkarpackie
1912006219,Iwanowice Włościańskie,village,1126,50.22226,19.97864,małopolskie
1912006235,Iwkowa,village,2874,49.81719,20.59002,małopolskie
1912006260,Jawiszowice,village,6628,49.96214,19.13947,małopolskie
1912006292,Jodłownik,village,1130,49.77488,20.23611,małopolskie
1912006297,Jurków,village,1338,49.68456,20.23384,małopolskie
1912006351,Kije,village,494,50.60763,20.57108,świętokrzyskie
1912006416,Koszary,village,728,49.73965,20.37018,małopolskie
1912006470,Królówka,village,2208,49.89021,20.42313,małopolskie
1912006537,Laski,village,611,50.31801,19.46078,małopolskie
1912006551,Lgota,village,436,49.93000,19.56117,małopolskie
1912006605,Lisów,village,390,50.69051,20.66484,świętokrzyskie
1912006612,Lubaszowa,village,734,49.85741,21.03564,małopolskie
1912006657,Mogilno,village,980,49.65418,20.82918,małopolskie
1912006708,Nakło,village,614,50.65463,19.72395,śląskie
1912006738,Oleśnica,town,1706,50.45065,21.06375,świętokrzyskie
1912006777,Piotrkowice,village,480,50.66956,20.66983,świętokrzyskie
1912006794,Podborze,village,713,50.23972,21.31687,podkarpackie
1912006801,Podmaleniec,village,490,50.59639,21.19004,świętokrzyskie
1912006837,Potok,village,408,50.65103,20.95609,świętokrzyskie
1912006848,Psary,village,1439,50.17268,19.53203,małopolskie
1912006849,Półwieś,village,540,49.97492,19.56103,małopolskie
1912006856,Rajbrot,village,2271,49.82198,20.48781,małopolskie
1912006871,Rozdziele,village,896,49.78935,20.45812,małopolskie
1912006876,Rudniki,village,1338,50.52320,19.42537,śląskie
1912006892,Rusocice,village,1300,49.99999,19.60825,małopolskie
1912006895,Ryczów,village,2620,49.98058,19.55074,małopolskie
1912006899,Ryczów-Kolonia,village,327,50.43699,19.57491,śląskie
1912006920,Siedlec,village,754,50.14434,19.67828,małopolskie
1912006954,Stare Bukowno,village,1509,50.28667,19.40720,małopolskie
1912006968,Sterkowiec,village,962,49.99544,20.67928,małopolskie
1912006991,Suchowola,village,520,50.63315,20.74844,świętokrzyskie
1912007043,Słupia,village,642,50.38179,21.04177,świętokrzyskie
1912007064,Turza,village,317,50.45819,19.38439,śląskie
1912007077,Wampierzów,village,854,50.28983,21.27477,podkarpackie
1912007120,Wola Czaryska,village,300,50.70825,19.86714,świętokrzyskie
1912007140,Wolica,village,550,50.43542,20.92321,świętokrzyskie
1912007149,Wysoka,village,1246,50.42986,19.35336,śląskie
1912007152,Włosienica,village,1591,50.01792,19.30838,małopolskie
1912007208,Zygodowice,village,445,49.94299,19.52724,małopolskie
1912007221,Łopoń,village,858,49.96961,20.77183,małopolskie
1912007243,Łęki,village,671,50.01670,20.69103,małopolskie
1912007250,Łętowice,village,1569,49.99429,20.83822,małopolskie
1912271540,Lisowice,village,1096,50.68370,18.62730,śląskie
1912271597,Ciasna,village,1572,50.75418,18.61799,śląskie
1916616012,Połomia,village,1549,49.89946,21.87695,podkarpackie
1917088460,Jastków,village,700,51.30968,22.43924,lubelskie
1924151941,Szreniawa,village,810,52.31256,16.79322,wielkopolskie
1933056206,Babica,village,1028,49.90744,19.54662,małopolskie
1933056214,Bachowice,village,2334,49.95879,19.49158,małopolskie
1933056247,Bejsce,village,752,50.24147,20.60035,świętokrzyskie
1933056270,Biesiadki,village,860,49.89376,20.66013,małopolskie
1933056309,Bodzanów,village,1616,49.98593,20.14600,małopolskie
1933056313,Bolesław,village,539,50.27387,20.89932,małopolskie
1933056358,Brzezie,village,1305,49.98533,20.23204,małopolskie
1933056363,Brzostków,village,571,50.31468,20.89730,świętokrzyskie
1933056546,Gnojnik,village,2716,49.89527,20.60717,małopolskie
1933056557,Gosprzydowa,village,1061,49.87234,20.58398,małopolskie
1933056687,Izbiska,village,704,50.25266,21.24797,podkarpackie
1933056868,Kościelec,village,1003,50.19714,20.39677,małopolskie
1933056896,Kruszyn,village,716,53.15813,17.84069,kujawsko-pomorskie
1933056910,Krzeczów,village,1623,49.98907,20.48663,małopolskie
1933056977,Kłaj,village,3584,49.99253,20.31548,małopolskie
1933057008,Lewniowa,village,1007,49.87594,20.65466,małopolskie
1933057086,Nieciecza,village,682,50.15358,20.84797,małopolskie
1933057124,Nowy Borek,village,1677,49.92603,22.08319,podkarpackie
1933057126,Ochmanów,village,646,49.99911,20.13376,małopolskie
1933057132,Olchowa,village,1283,50.05537,21.75991,podkarpackie
1933057152,Opatowiec,town,306,50.24259,20.72378,świętokrzyskie
1933057234,Polanka Hallera,village,464,49.93302,19.76853,małopolskie
1933057260,Przecław,town,1794,50.19392,21.47986,podkarpackie
1933057313,Radłów,town,2684,50.08309,20.84766,małopolskie
1933057333,Rzezawa,village,2894,49.99000,20.51361,małopolskie
1933057380,Smęgorzów,village,1292,50.22776,21.00384,małopolskie
1933057396,Stanisław Górny,village,1017,49.91081,19.63033,małopolskie
1933057428,Szczucin,town,4149,50.30903,21.07516,małopolskie
1933057462,Targowisko,village,1836,49.98420,20.29266,małopolskie
1933057517,Wieprz,village,5245,49.89902,19.36582,małopolskie
1933057539,Witanowice,village,1229,49.91783,19.52733,małopolskie
1933057591,Woźniki,village,1213,49.93866,19.49122,małopolskie
1933057605,Wysoka Głogowska,village,2208,50.15738,22.02192,podkarpackie
1933057608,Wysoka,village,1830,49.90710,19.60384,małopolskie
1933057648,Zaborów,village,560,50.14670,20.69458,małopolskie
1933057671,Zalesie,village,742,50.15754,22.16059,podkarpackie
1933107922,Biskupice Radłowskie,village,1019,50.12138,20.86122,małopolskie
1933107925,Borek Stary,village,1866,49.95402,22.10024,podkarpackie
1933107926,Borzęcin,village,4138,50.07538,20.70313,małopolskie
1933107927,Breń,village,779,50.11652,21.01648,małopolskie
1933107938,Burzyn,village,1290,49.87492,21.06146,małopolskie
1933107939,Buszkowice,village,845,49.80283,22.80299,podkarpackie
1933107954,Czarna Sędziszowska,village,1607,50.12724,21.76569,podkarpackie
1933107956,Czarna,village,1699,50.11047,22.18153,podkarpackie
1933107973,Dąbrówki,village,1542,50.11650,22.23222,podkarpackie
1933107987,Grabie,village,600,49.92708,19.73776,małopolskie
1933107996,Gruszów Wielki,village,1274,50.19122,21.03145,małopolskie
1933108016,Jadowniki,village,5048,49.96231,20.64767,małopolskie
1933108029,Jawornik Polski,town,1161,49.88866,22.28371,podkarpackie
1933108032,Jaźwiny,village,608,50.09242,21.24600,podkarpackie
1933108034,Jodłówka,village,1342,49.99095,20.53881,małopolskie
1933108035,Jurczyce,village,528,49.93849,19.78330,małopolskie
1933108043,Klecza Dolna,village,2545,49.87037,19.54432,małopolskie
1933108045,Kobierzyn,village,597,50.10323,20.99585,małopolskie
1933108055,Krówniki,village,590,49.76729,22.82526,podkarpackie
1933108065,Leńcze,village,1408,49.89887,19.73531,małopolskie
1933108084,Michałówka,village,451,50.30643,19.69242,małopolskie
1933108090,Nehrybka,village,1025,49.75167,22.80059,podkarpackie
1933108121,Pikulice,village,548,49.74663,22.77665,podkarpackie
1933108144,Podolany,village,356,49.90549,19.75138,małopolskie
1933108155,Prałkowce,village,923,49.77379,22.72598,podkarpackie
1933108172,Radocza,village,1997,49.91896,19.47185,małopolskie
1933108183,Ryglice,town,2735,49.87833,21.13804,małopolskie
1933108184,Rzuchowa,village,1498,49.95198,20.93140,małopolskie
1933108199,Stanisław Dolny,village,2118,49.90375,19.65666,małopolskie
1933108202,Stare Żukowice,village,1600,50.09026,21.08445,małopolskie
1933108230,Wietrzychowice,village,672,50.19069,20.76521,małopolskie
1933108241,Wola Wadowska,village,720,50.27263,21.18502,podkarpackie
1933108260,Zarębki,village,896,50.26736,21.77457,podkarpackie
1933108263,Zebrzydowice,village,1982,49.89066,19.67033,małopolskie
1933108279,Łukowa,village,1178,50.09287,20.97522,małopolskie
1933402361,Kowala-Stępocina,village,1158,51.32465,21.07028,mazowieckie
1939451893,Rewal,village,984,54.08207,15.01419,zachodniopomorskie
1964785171,Wilków-Osiedle,village,1243,51.08368,15.94573,dolnośląskie
1968116820,Jerzykowo,village,1213,52.47376,17.18292,wielkopolskie
1968326353,Moryń,town,1630,52.85580,14.39680,zachodniopomorskie
1975033198,Lubień,village,423,51.27594,19.78549,łódzkie
1978051860,Radziechowice Drugie,village,597,51.07261,19.34885,łódzkie
1980991349,Lipa,village,753,50.97461,16.02485,dolnośląskie
1996738724,Wilkowyja,village,1470,52.00844,17.54343,wielkopolskie
1996739000,Żerków,town,2078,52.06871,17.56336,wielkopolskie
1996788721,Mutne,village,457,49.66186,19.30685,śląskie
1997789909,Piotrowice,village,1049,51.05532,16.13541,dolnośląskie
2002256911,Chechło,village,513,50.41016,18.40446,śląskie
2003663023,Komarno,village,916,50.92908,15.87821,dolnośląskie
2006432543,Lubycza Królewska,town,2204,50.34116,23.51966,lubelskie
2012883744,Kąpino,village,1280,54.63017,18.25463,pomorskie
2016782381,Poręba,town,8288,50.48758,19.33788,śląskie
2019478610,Dąbrowica,village,1164,50.48770,21.61672,podkarpackie
2019519663,Cygany,village,1086,50.51099,21.70701,podkarpackie
2029019993,Sieciechów,village,506,51.54049,21.74513,mazowieckie
2057480529,Dominowo,village,1067,52.29154,17.35659,wielkopolskie
2066176707,Kozienice,town,16192,51.58497,21.54988,mazowieckie
2066319974,Juchnowiec Dolny,village,688,53.00950,23.13146,podlaskie
2096969928,Orchowo,village,1341,52.50633,18.01475,wielkopolskie
2101498145,Zbydniów,village,1311,50.63521,21.93871,podkarpackie
2103258288,Wierzbica,village,3711,51.24929,21.07925,mazowieckie
2105378661,Barcząca,village,522,52.15444,21.63548,mazowieckie
2105378678,Brzóze,village,767,52.22260,21.53916,mazowieckie
2105378730,Dąbrówka-Stany,village,690,52.11110,22.09458,mazowieckie
2105378763,Jakubów,village,644,52.21915,21.67727,mazowieckie
2105379004,Pogorzel,village,420,52.11267,21.59172,mazowieckie
2105379015,Przywory Duże,village,455,52.06687,22.19470,mazowieckie
2105379021,Puznówka,village,809,51.97357,21.56628,mazowieckie
2105379127,Skórzec,village,1178,52.10696,22.12999,mazowieckie
2105379233,Unin,village,726,51.90802,21.69515,mazowieckie
2105379343,Łukówiec,village,414,52.03609,21.29872,mazowieckie
2105388176,Borzychy,village,322,52.46523,21.90820,mazowieckie
2105388183,Dąbrówka-Ług,village,1117,52.11233,22.14924,mazowieckie
2105388196,Kotuń,village,2511,52.17791,22.07009,mazowieckie
2105388198,Kożuchówka,village,328,51.81926,22.19557,lubelskie
2105388199,Krynka,village,1476,52.00161,22.40509,lubelskie
2105388201,Liw,village,848,52.37504,21.96706,mazowieckie
2105388203,Miedzna,village,1165,52.46742,22.08959,mazowieckie
2105388205,Mokobody,village,1677,52.26549,22.11140,mazowieckie
2105388226,Ruchna,village,1204,52.37444,22.05982,mazowieckie
2105388232,Starawieś,village,485,52.45612,21.94418,mazowieckie
2105388238,Suchożebry,village,629,52.26128,22.25420,mazowieckie
2105388252,Zalesie,village,1041,51.93685,22.30897,lubelskie
2106359599,Stok Lacki,village,1134,52.15677,22.35633,mazowieckie
2110402352,Borki-Paduchy,village,490,52.08804,22.34632,mazowieckie
2110402390,Golice,village,553,52.20387,22.34236,mazowieckie
2110402395,Grabianów,village,1054,52.13762,22.27686,mazowieckie
2110402435,Korczew,village,694,52.35408,22.61145,mazowieckie
2110402476,Niemojki,village,825,52.26590,22.69741,mazowieckie
2110402479,Nowe Iganie,village,1366,52.17284,22.20636,mazowieckie
2110402481,Nowe Opole,village,941,52.17820,22.18320,mazowieckie
2110402497,Polskowola,village,694,51.93068,22.65875,lubelskie
2110402501,Pruszyn,village,426,52.18978,22.41200,mazowieckie
2110402502,Pruszyn-Pieńki,village,424,52.17205,22.39362,mazowieckie
2110402520,Rzeczyca,village,1071,51.96157,22.74687,lubelskie
2110402523,Sarnaki,village,1144,52.31448,22.88988,mazowieckie
2110402561,Teodorów,village,363,52.13158,22.20021,mazowieckie
2110402565,Trzebieszów Drugi,village,426,51.98782,22.54403,lubelskie
2110402576,Wiśniew,village,888,52.07296,22.29475,mazowieckie
2110402613,Żabokliki,village,737,52.18216,22.32112,mazowieckie
2110402615,Żelków-Kolonia,village,1738,52.14084,22.20733,mazowieckie
2110720553,Kielce,city,180537,50.87199,20.63105,świętokrzyskie
2124844164,Wełtyń,village,1000,53.25873,14.57342,zachodniopomorskie
2135892041,Kadłub,village,1487,50.61066,18.26216,opolskie
2140485687,Czułówek,village,420,50.04197,19.68061,małopolskie
2154460153,Jastrzębie-Zdrój,city,85050,49.95191,18.60236,śląskie
2154979778,Nowy Tuchom,village,301,54.41317,18.38139,pomorskie
2161618746,Białobrzegi,village,514,50.77292,23.15072,lubelskie
2161618781,Sitno,village,1061,50.74976,23.36352,lubelskie
2168614070,Barwałd Dolny,village,703,49.86526,19.58073,małopolskie
2168614077,Ciche,village,3087,49.37988,19.84661,małopolskie
2168614090,Czerwienne,village,1747,49.37233,19.93410,małopolskie
2168661438,Nowa Brzeźnica,village,630,51.07907,19.18009,łódzkie
2168661588,Pińczyce,village,982,50.54112,19.23035,śląskie
2169478734,Giełczew Pierwsza,village,763,50.95726,22.68588,lubelskie
2170073749,Chechło Pierwsze,village,1211,51.64948,19.29662,łódzkie
2170074979,Moszczenica,village,2307,51.50425,19.71452,łódzkie
2170075310,Rokiciny-Kolonia,village,1410,51.66788,19.77798,łódzkie
2170075346,Skrzynki,village,510,51.60429,19.96567,łódzkie
2170075670,Wydrzyn,village,350,51.61983,19.12215,łódzkie
2172719150,Makówiec,village,474,52.90354,19.23654,kujawsko-pomorskie
2172719199,Nowe Ostrowy,village,375,52.30273,19.19206,łódzkie
2175018340,Racibórz,town,51257,50.09173,18.21968,śląskie
2175222542,Bolesławiec,town,37559,51.26303,15.56510,dolnośląskie
2176005815,Brzeźnik,village,830,51.24289,15.46781,dolnośląskie
2180607368,Kliczków,village,350,51.33155,15.43231,dolnośląskie
2180607369,Osiecznica,village,1318,51.32747,15.42010,dolnośląskie
2182116484,Duszniki,village,2600,52.44904,16.40545,wielkopolskie
2182693316,Osiek Jasielski,village,710,49.63537,21.49182,podkarpackie
2182693321,Osobnica,village,3591,49.69982,21.40293,podkarpackie
2182693456,Wojaszówka,village,700,49.77954,21.66876,podkarpackie
2204183257,Gąsawy Rządowe,village,1500,51.20864,20.93422,mazowieckie
2217047390,Dobra,village,708,51.27484,15.51226,dolnośląskie
2251073618,Konstantynów,village,1598,52.20750,23.08611,lubelskie
2258322522,Niwiska,village,403,51.82008,15.39020,lubuskie
2273012822,Bańska Wyżna,village,1028,49.38931,19.97743,małopolskie
2277559428,Święta,village,300,53.55738,14.62941,zachodniopomorskie
2300849551,Żarów,town,6603,50.94384,16.49235,dolnośląskie
2308800719,Cerekwica,village,398,51.31293,17.12376,dolnośląskie
2316491881,Rawica-Kolonia,village,457,51.32960,21.39072,mazowieckie
2316491882,Tynica,village,457,51.32509,21.36867,mazowieckie
2332759857,Dębowica,village,540,51.96021,22.46284,lubelskie
2335172357,Smolnica,village,1089,50.25266,18.56003,śląskie
2340720438,Gołuszowice,village,705,50.19990,17.78306,opolskie
2377944007,Odolion,village,873,52.86934,18.74759,kujawsko-pomorskie
2383910797,Górki,village,923,50.62615,17.89869,opolskie
2384220689,Gąski,village,457,54.24211,15.87729,zachodniopomorskie
2402370433,Wilczyce,village,1384,51.12931,17.15368,dolnośląskie
2404944648,Rzepin Pierwszy,village,585,50.98259,21.07860,świętokrzyskie
2404944649,Rzepin Drugi,village,975,50.97970,21.11627,świętokrzyskie
2405214814,Adamów,village,948,51.01998,21.14914,świętokrzyskie
2405224705,Kuczów,village,884,51.00275,21.12614,świętokrzyskie
2407635236,Parszów,village,1720,51.07471,20.93462,świętokrzyskie
2416247905,Koziegłówki,village,903,50.58679,19.18506,śląskie
2416441569,Rogów,village,814,51.19910,21.00742,mazowieckie
2416536433,Sadek,village,947,51.20221,20.88985,mazowieckie
2416536467,Szydłówek,village,725,51.22992,20.88165,mazowieckie
2417850604,Bieliny,village,2549,50.84924,20.93705,świętokrzyskie
2418264537,Psary-Kąty,village,456,50.94018,20.88063,świętokrzyskie
2419387395,Kazimierz,village,380,50.29623,17.89329,opolskie
2419387400,Naczęsławice,village,515,50.31139,17.94521,opolskie
2419387569,Prusinowice,village,729,50.53613,17.40598,opolskie
2455670997,Szybowice,village,1064,50.35265,17.48666,opolskie
2457143223,Łambinowice,village,2800,50.53844,17.55964,opolskie
2459820165,Mieszkowice,village,489,50.37993,17.49340,opolskie
2460751629,Glinik,village,578,52.65029,15.31145,lubuskie
2461764071,Gościmiec,village,496,52.79440,15.65309,lubuskie
2462379085,Wilamowa,village,339,50.44404,17.07856,opolskie
2472621835,Puszczew,village,652,50.80431,18.85370,śląskie
2490272125,Kuleszewo,village,462,54.35467,16.96865,pomorskie
2491253154,Ujazd,town,1720,51.59804,19.92181,łódzkie
2491258433,Niewiadów,village,2800,51.61894,19.90316,łódzkie
2493913530,Nowy Olszowiec,village,307,51.61836,20.07562,łódzkie
2494984474,Glinnik,village,528,51.56898,20.11512,łódzkie
2494992044,Lubochnia Dworska,village,343,51.60554,20.05406,łódzkie
2495574643,Bruskowo Wielkie,village,341,54.49365,16.91259,pomorskie
2498740002,Ustrzyki Dolne,town,8246,49.43019,22.58770,podkarpackie
2504150801,Granowiec,village,1298,51.50990,17.65906,wielkopolskie
2509451970,Laski,village,431,52.50646,21.73960,mazowieckie
2517945692,Łojowice,village,337,50.73757,17.21055,dolnośląskie
2518837105,Siemirowice,village,1409,54.40045,17.76043,pomorskie
2540943570,Lubogóra,village,339,52.22337,15.48783,lubuskie
2574584545,Rusocin,village,1600,54.22777,18.62579,pomorskie
2576321224,Dzietrzniki,village,1013,51.11700,18.61061,łódzkie
2578017974,Kraszkowice,village,1079,51.19241,18.71179,łódzkie
2579150202,Danków,village,544,50.99557,18.79445,śląskie
2585312707,Czastary,village,1024,51.25811,18.32094,łódzkie
2587046698,Snowidza,village,1119,51.08271,16.25327,dolnośląskie
2595392658,Handzlówka,village,1500,49.98810,22.22496,podkarpackie
2601121649,Pleśna,village,2090,49.92418,20.94461,małopolskie
2619777498,Mikolin,village,320,50.79094,17.69779,opolskie
2625383332,Majdan Stary,village,709,50.47213,22.71772,lubelskie
2625383333,Rogale,village,418,50.47916,22.72701,lubelskie
2626353666,Kozielno,village,317,50.47503,16.96601,opolskie
2626511324,Kraczkowa,village,3878,50.03735,22.16635,podkarpackie
2626524815,Krzemienica,village,2790,50.07217,22.19020,podkarpackie
2627676202,Kosina,village,3559,50.07312,22.32936,podkarpackie
2638834860,Gostomia,village,450,50.38706,17.73828,opolskie
2643643628,Dzbańce-Osiedle,village,468,50.08010,17.84834,opolskie
2643677815,Chróścielów,village,468,50.06742,17.90284,opolskie
2644905142,Fałkowice,village,300,50.96511,17.86937,opolskie
2644905243,Ładza,village,439,50.84577,17.87050,opolskie
2648003925,Marcinowice,village,480,50.50106,19.99287,małopolskie
2668007945,Bemowizna,village,388,54.33728,19.85136,warmińsko-mazurskie
2668007962,Faryny,village,383,53.53185,21.38532,warmińsko-mazurskie
2668007969,Gałdowo,village,494,53.62266,19.40273,warmińsko-mazurskie
2668008042,Safronka,village,310,53.28610,20.46768,warmińsko-mazurskie
2668008051,Stare Dłutowo,village,1000,53.19042,19.95156,warmińsko-mazurskie
2668008083,Zielonka Pasłęcka,village,606,53.99662,19.69834,warmińsko-mazurskie
2668008091,Zwierzno,village,460,54.03558,19.33827,warmińsko-mazurskie
2668008096,Ząbrowo,village,1032,53.63530,19.45917,warmińsko-mazurskie
2668016917,Giedlarowa,village,4046,50.22653,22.40144,podkarpackie
2668016918,Szczytna,village,310,50.00747,22.60675,podkarpackie
2668034150,Godów,village,1922,49.91733,18.48484,śląskie
2668487945,Lwówek Śląski,town,8490,51.11089,15.58500,dolnośląskie
2668487962,Siedlce,village,418,50.99801,17.27794,dolnośląskie
2668673265,Chwałki,village,850,50.70032,21.72375,świętokrzyskie
2668673277,Czartajew,village,707,52.45849,22.84148,podlaskie
2668673301,Górniki,village,354,50.51259,23.10825,lubelskie
2668673309,Głazów,village,440,50.70021,21.62035,świętokrzyskie
2668673325,Kakonin,village,350,50.87187,20.91943,świętokrzyskie
2668673406,Wola Zambrowska,village,1000,52.96394,22.26940,podlaskie
2668689672,Jeleniec,village,595,51.86332,22.26366,lubelskie
2668689707,Nowodwór-Piaski,village,1215,51.44214,22.57113,lubelskie
2668689735,Zienki,village,370,51.47179,23.08651,lubelskie
2668738987,Krzywanice,village,545,51.16345,19.25124,łódzkie
2668739039,Sarnów,village,1000,51.85525,22.30103,lubelskie
2668776565,Bierkowo,village,921,54.47724,16.93298,pomorskie
2668776574,Bruk,village,468,53.96517,19.29438,pomorskie
2668776585,Czarnylas,village,473,53.83844,18.49533,pomorskie
2668776605,Jarużyn,village,401,53.19551,18.15524,kujawsko-pomorskie
2668776629,Przysiersk,village,780,53.42891,18.30780,kujawsko-pomorskie
2668776645,Steblewo,village,410,54.18252,18.83010,pomorskie
2668784331,Kończewo,village,695,54.38234,16.96504,pomorskie
2668784340,Pieszcz,village,544,54.45825,16.77678,zachodniopomorskie
2668808690,Chorula,village,518,50.53240,17.96720,opolskie
2668808711,Luboszyce,village,1000,50.72751,17.95616,opolskie
2668808712,Malnia,village,685,50.51712,17.96825,opolskie
2668808718,Przywory,village,1012,50.57275,17.98643,opolskie
2668833388,Strojec,village,1100,51.03559,18.50197,opolskie
2668860578,Ceradz Dolny,village,354,52.42043,16.56985,wielkopolskie
2668860591,Dzięczyna,village,336,51.75113,16.85019,wielkopolskie
2668860654,Konradowo,village,728,51.77880,16.27395,lubuskie
2668860680,Maciejew,village,320,51.78979,17.54851,wielkopolskie
2668860689,Niepart,village,520,51.70739,16.99197,wielkopolskie
2668860705,Sokolniki,village,660,52.25208,17.70810,wielkopolskie
2668860717,Szczytniki,village,584,52.30298,17.00785,wielkopolskie
2668860745,Środa Wielkopolska,town,24225,52.22843,17.27783,wielkopolskie
2668885838,Witkowo,town,7623,52.43959,17.77251,wielkopolskie
2668896312,Nadarzyce,village,300,53.46617,16.49807,wielkopolskie
2668896331,Strzelce Krajeńskie,town,9912,52.87858,15.53269,lubuskie
2668896336,Sypniewo,village,1300,53.46733,16.60773,wielkopolskie
2668896354,Wytomyśl,village,512,52.37600,16.17703,wielkopolskie
2668921424,Prusinowo,village,565,53.95246,15.19420,zachodniopomorskie
2668921430,Rokosowo,village,350,53.94792,15.72464,zachodniopomorskie
2668921449,Wierzchowo,village,1500,53.46050,16.10139,zachodniopomorskie
2670085296,Dąbrowa Bolesławiecka,village,700,51.32593,15.57877,dolnośląskie
2670085306,Kraśnik Dolny,village,640,51.30855,15.60656,dolnośląskie
2670085310,Rakowice,village,513,51.24581,15.54192,dolnośląskie
2670085312,Łaziska,village,560,51.24019,15.60823,dolnośląskie
2670099398,Płóczki Dolne,village,638,51.10049,15.54776,dolnośląskie
2677050378,Walentynów,village,331,51.09383,21.63145,mazowieckie
2677057368,Wola Solecka Pierwsza,village,321,51.18906,21.70522,mazowieckie
2677141977,Nietulisko Duże,village,825,50.98201,21.24950,świętokrzyskie
2680368183,Aleksandrówka,village,420,50.87128,22.44271,lubelskie
2683380826,Wyźrał,village,408,49.94281,19.55266,małopolskie
2685973009,Roków,village,300,49.89558,19.52922,małopolskie
2686065426,Miłobędzyn,village,322,52.84108,19.61590,mazowieckie
2688826601,Niziny,village,659,50.50394,21.07026,świętokrzyskie
2688840736,Ruda Zajączkowska,village,431,50.87282,20.30811,świętokrzyskie
2688897143,Biała-Kopiec,village,332,51.26887,18.43761,łódzkie
2688897189,Huby,village,320,51.23494,18.40582,łódzkie
2689011665,Solec,village,781,52.03595,21.10885,mazowieckie
2689011757,Łubna,village,604,52.03413,21.12781,mazowieckie
2689074154,Nowe Kupiski,village,560,53.19976,21.97937,podlaskie
2689074170,Stare Kupiski,village,1268,53.19043,22.00401,podlaskie
2689137793,Bolesławice,village,590,51.27906,15.55018,dolnośląskie
2689137826,Kraśnik Górny,village,450,51.29414,15.63365,dolnośląskie
2689137852,Sulików,village,1958,51.07697,15.06498,dolnośląskie
2689562819,Osiny,village,417,50.64246,17.84770,opolskie
2690283611,Gowino,village,2842,54.57554,18.18871,pomorskie
2690542137,Jabłonowo,village,406,53.33140,16.29708,zachodniopomorskie
2701582894,Chechło Drugie,village,962,51.64430,19.28635,łódzkie
2712865101,Pewelka,village,303,49.69922,19.41167,małopolskie
2716747276,Mirsk,town,3706,50.97218,15.38579,dolnośląskie
2731164548,Policzna,village,1318,51.45030,21.62557,mazowieckie
2744612890,Osiek Mały,village,480,52.27433,18.60217,wielkopolskie
2746465809,Wola Mała,village,860,50.09561,22.22159,podkarpackie
2791895986,Kostrzyna,village,301,50.91371,18.68898,śląskie
2801188152,Raczyn,village,567,51.26394,18.53732,łódzkie
2904651941,Jarocin,town,26565,51.97392,17.50113,wielkopolskie
2912404741,Sudół,village,670,50.97191,21.46660,świętokrzyskie
2926446187,Iwanowice Małe,village,516,50.95064,18.78821,śląskie
2926446188,Zwierzyniec Pierwszy,village,435,50.93897,18.77099,śląskie
2927883407,Doboszowice,village,654,50.52246,16.95790,dolnośląskie
2935041405,Baranówka,village,330,51.41724,22.65653,lubelskie
2935041407,Skrobów-Kolonia,village,1085,51.46744,22.54965,lubelskie
2950768754,Morawczyna,village,708,49.49500,19.94313,małopolskie
2959995198,Bardo,village,377,50.73558,21.04471,świętokrzyskie
2961769739,Trzebieszów,village,548,51.98712,22.58160,lubelskie
2969871851,Złota,village,663,50.65951,21.67696,świętokrzyskie
2971675354,Bielkówko,village,1248,54.26054,18.51076,pomorskie
3002231940,Strzyżów,village,1369,50.84432,24.03596,lubelskie
3008235152,Złota,village,1368,49.87254,20.69870,małopolskie
3008554834,Paproć Duża,village,450,52.86206,22.13773,podlaskie
3009662259,Charzyno,village,898,54.08930,15.57354,zachodniopomorskie
3009663180,Gołębiewo Wielkie,village,672,54.14639,18.55222,pomorskie
3009663586,Juszkowo,village,5281,54.25629,18.60332,pomorskie
3009665723,Nowa Wieś Malborska,village,1025,54.01417,19.06472,pomorskie
3009667266,Pozezdrze,village,1095,54.14080,21.85984,warmińsko-mazurskie
3009667365,Pręgowo,village,939,54.25095,18.48200,pomorskie
3009667557,Rozewie,village,323,54.82997,18.33582,pomorskie
3009673280,Głogowo,village,3228,53.01906,18.81219,kujawsko-pomorskie
3009675718,Nowe Proboszczewice,village,1600,52.65647,19.69761,mazowieckie
3009675987,Osiedle Poznańskie,village,1472,52.69861,15.31149,lubuskie
3009680410,Żabice,village,588,52.51556,14.71333,lubuskie
3009680418,Żagno,village,455,52.84750,19.31278,kujawsko-pomorskie
3009695458,Chałupki,village,1697,49.92514,18.31792,śląskie
3009695784,Czarnylas,village,1000,51.50718,17.76310,wielkopolskie
3009697272,Dankowice Pierwsze,village,868,50.94361,18.71028,śląskie
3009709461,Jamki,village,522,50.70806,18.99250,śląskie
3009716331,Kopalnia,village,541,50.73725,18.98440,śląskie
3009721354,Leśna,town,4203,51.02417,15.26361,dolnośląskie
3009728488,Niedźwiedź,village,637,50.53783,17.00167,dolnośląskie
3009728608,Ochodze,village,1200,50.61069,17.81102,opolskie
3009730893,Odrowąż,village,546,50.50639,17.95929,opolskie
3009731019,Okalina-Kolonia,village,600,50.77248,21.43013,świętokrzyskie
3009733921,Parcela-Obory,village,534,52.07048,21.15368,mazowieckie
3009736918,Piskorzów,village,631,50.73306,16.56083,dolnośląskie
3009740721,Podzamcze,village,966,50.45398,19.54796,śląskie
3009744846,Pławna Górna,village,502,51.04583,15.57361,dolnośląskie
3009745178,Radoryż Kościelny,village,417,51.80884,22.15555,lubelskie
3009747150,Rudno,village,680,51.74833,22.94611,lubelskie
3009747163,Rudy,village,2768,50.19124,18.45036,śląskie
3009748390,Seroki-Parcela,village,734,52.20422,20.46663,mazowieckie
3009748672,Sieraków Śląski,village,1563,50.80055,18.57529,śląskie
3009753059,Stara Wieś,village,481,51.27861,19.64556,łódzkie
3009759657,Księżomierz Dzierzkowska,village,976,50.91361,21.99722,lubelskie
3009759768,Ustanów,village,1973,52.00078,21.04285,mazowieckie
3009760323,Wierzbica,village,311,50.48749,19.75836,śląskie
3009764379,Wygoda,village,503,51.96278,21.59558,mazowieckie
3009772102,Zdziechowice Drugie,village,990,50.78833,22.11056,podkarpackie
3009772834,Zubrzyca Dolna,village,1966,49.53016,19.67148,małopolskie
3009773791,Łobodno,village,1709,50.93084,18.99056,śląskie
3027588862,Sulmierzyce,town,2772,51.60642,17.52781,wielkopolskie
3051041349,Cieszymowo,village,570,53.83843,19.29565,pomorskie
3121596834,Dawidy,village,450,52.13528,20.97583,mazowieckie
3121596838,Granica,village,1110,52.13817,20.80577,mazowieckie
3121596840,Janki,village,790,52.13688,20.89927,mazowieckie
3121596841,Jaworowa,village,789,52.14583,20.95083,mazowieckie
3121596843,Komorów,village,5136,52.14500,20.81639,mazowieckie
3121596849,Młochów,village,540,52.05163,20.77930,mazowieckie
3121596850,Nowa Wieś,village,1571,52.14276,20.79257,mazowieckie
3121596853,Opacz-Kolonia,village,1200,52.17902,20.89910,mazowieckie
3121596855,Podolszyn Nowy,village,414,52.12157,20.94727,mazowieckie
3121596857,Pęcice Małe,village,580,52.14382,20.84001,mazowieckie
3121596859,Reguły,village,1000,52.17653,20.86524,mazowieckie
3121596860,Rozalin,village,912,52.04861,20.75417,mazowieckie
3121596862,Rybie,village,4100,52.15528,20.93694,mazowieckie
3121596869,Sękocin Stary,village,1000,52.11244,20.88144,mazowieckie
3121596875,Wolica,village,510,52.11920,20.85949,mazowieckie
3267350103,Dys,village,2191,51.31361,22.57447,lubelskie
3423852078,Kłobuck,town,12513,50.90255,18.93716,śląskie
3434282014,Wojcieszków,village,1079,51.76942,22.31567,lubelskie
3455342720,Domasłów,village,401,51.24341,17.80200,wielkopolskie
3485407564,Abramów,village,595,51.45652,22.31545,lubelskie
3559398941,Mogielnica,village,1429,49.97925,21.89340,podkarpackie
3559398943,Zgłobień,village,1542,50.01170,21.84871,podkarpackie
3575451269,Jankowice,village,805,49.96224,22.64798,podkarpackie
3590680920,Ruda Kozielska,village,647,50.20119,18.41515,śląskie
3609542071,Szewce,village,900,51.22202,16.96822,dolnośląskie
3675733954,Kopina,village,350,51.88993,22.12500,lubelskie
3675733960,Wolanów,village,1123,51.37956,20.97569,mazowieckie
3763151471,Bełżec,village,2519,50.38472,23.43784,lubelskie
3806718605,Kobielice,village,1559,50.01064,18.86546,śląskie
3812367265,Jordanów Śląski,village,1000,50.86426,16.86821,dolnośląskie
3885816708,Radwanice,village,3284,51.05659,17.10646,dolnośląskie
3901124808,Łysiec,village,384,50.68749,19.06953,śląskie
3907454119,Kuleje,village,660,50.83787,18.78871,śląskie
3921994902,Czechów,village,550,52.72902,15.31659,lubuskie
3922643692,Kamion,village,741,52.36363,20.20412,mazowieckie
3922643696,Solec,village,384,50.56005,20.95951,świętokrzyskie
3923200645,Zabrnie,village,874,50.59393,21.85245,podkarpackie
3952369355,Myślęcinek,village,380,53.17664,18.05400,kujawsko-pomorskie
3952721523,Legnica,city,94878,51.20816,16.16032,dolnośląskie
4025295444,Humniska,village,4800,49.68060,22.04572,podkarpackie
4200776782,Wysoka,village,1103,51.04846,17.00218,dolnośląskie
4325741323,Kraszew,village,425,51.71680,19.64900,łódzkie
4326481420,Żanęcin,village,352,52.15369,21.32633,mazowieckie
4386350304,Sulejówek,town,21248,52.24339,21.27771,mazowieckie
4439845687,Błotnik,village,344,54.28686,18.91093,pomorskie
4527601880,Miechów,village,677,51.25709,17.77748,wielkopolskie
4538180290,Czarże,village,1068,53.22440,18.27557,kujawsko-pomorskie
4645588076,Krzywda,village,1525,51.79391,22.20239,lubelskie
4758395336,Łabunie,village,1670,50.65262,23.36834,lubelskie
4784347747,Zalesie Górne,village,3099,52.02748,21.03668,mazowieckie
4865699103,Grodziec,village,1400,52.03845,18.06005,wielkopolskie
5136977532,Olszyny,village,829,53.55757,21.11207,warmińsko-mazurskie
5429443640,Kruklanki,village,1100,54.08836,21.92263,warmińsko-mazurskie
5443070895,Uraz,village,946,51.24485,16.85293,dolnośląskie
5643769777,Polańczyk,village,830,49.37209,22.42981,podkarpackie
6211127385,Więcbork,town,5799,53.35255,17.48739,kujawsko-pomorskie
6415672263,Niziny,village,987,49.88139,22.87572,podkarpackie
8358111548,Nowy Bedoń,village,495,51.73465,19.65533,łódzkie
8518589740,Pomieczyno,village,450,54.41501,18.20221,pomorskie
8900695828,Kock,town,2898,51.63839,22.44782,lubelskie
9981109681,Przewłoka,village,387,51.64943,22.99885,lubelskie
10679328529,Nowe Brusno,village,429,50.24441,23.34022,podkarpackie
12888376899,Kiełczygłów,village,607,51.23875,18.98737,łódzkie
